fit,tau,train_n,train_study_count,train_fail,train_runout,alpha,beta,weibull_shape_k,marginal_training_nll,e0_alpha,e0_beta,e0_shape_k,quadrature_objective_difference_161_321,quadrature_max_predictive_log_difference_161_321,beta_at_constraint,shape_at_constraint
E0_Wu_2021,0.25,25,2,24,1,5.531825372427443,-1.675595909973978,0.6395715006078555,29.859056921538162,5.449263957775759,-0.9599339138592797,0.5412673454994362,0.0,4.440892098500626e-16,False,False
E0_Wu_2021,0.1,25,2,24,1,5.4635297909233165,-1.0841136070839308,0.5555091817857918,31.018538932209168,5.449263957775759,-0.9599339138592797,0.5412673454994362,7.105427357601002e-15,4.440892098500626e-16,False,False
E0_Wu_2021,0.5,25,2,24,1,5.658604905017532,-2.5856866728193806,0.7975429709254397,27.332499261053584,5.449263957775759,-0.9599339138592797,0.5412673454994362,3.4827237982426595e-08,8.881784197001252e-16,False,False
E0_Romano_2018,0.25,59,2,51,8,5.253455800323631,-0.9790742223081621,0.594840930538129,71.42752051669609,5.233681050310096,-1.0110064479846415,0.601125213881563,0.0,4.440892098500626e-16,False,False
E0_Romano_2018,0.1,59,2,51,8,5.241098810940722,-0.9993672382880475,0.5983450618791711,70.48628015520606,5.233681050310096,-1.0110064479846415,0.601125213881563,1.4210854715202004e-14,4.440892098500626e-16,False,False
E0_Romano_2018,0.5,59,2,51,8,5.259555405415782,-0.9690645842427384,0.5932633481752992,72.57485404802921,5.233681050310096,-1.0110064479846415,0.601125213881563,4.9839186999633966e-08,8.881784197001252e-16,False,False
E0_Chen_2024,0.25,48,2,39,9,5.464527993896085,-0.954688344662675,0.4623979254775334,68.18877281365512,5.443862763538781,-0.8475528296759074,0.46063776864618294,0.0,4.440892098500626e-16,False,False
E0_Chen_2024,0.1,48,2,39,9,5.448255255611888,-0.8718415046875005,0.4605898660235372,67.90879369402786,5.443862763538781,-0.8475528296759074,0.46063776864618294,1.4210854715202004e-14,4.440892098500626e-16,False,False
E0_Chen_2024,0.5,48,2,39,9,5.491403065609461,-1.0672000649240057,0.46435440055563,68.64086077134345,5.443862763538781,-0.8475528296759074,0.46063776864618294,2.8705926524708048e-12,4.440892098500626e-16,False,False
