fold,tau,test_n,fail_n,runout_n,m1_mean_nll,e0_mean_nll,m1_minus_e0,m1_failure_nll_sum,m1_runout_nll_sum
E0_Wu_2021,0.25,41,33,8,1.7870000855818065,1.3446646572428231,0.4423354283389832,67.2272687732671,6.039734735586982
E0_Wu_2021,0.1,41,33,8,1.3774302090866255,1.3446646572428231,0.03276555184380213,44.28074393726045,12.193894635291194
E0_Wu_2021,0.5,41,33,8,2.9936388293345177,1.3446646572428231,1.6489741720916946,120.82652497124229,1.912667031472934
E0_Romano_2018,0.25,7,6,1,2.0346586637949167,2.6404153589715587,-0.6057566951766423,5.795332480971572,8.447278165592842
E0_Romano_2018,0.1,7,6,1,2.4427722442823843,2.6404153589715587,-0.1976431146891744,5.551409869736178,11.54799584024051
E0_Romano_2018,0.5,7,6,1,1.6919063323313626,2.6404153589715587,-0.9485090266401958,6.332310901302144,5.511033425017396
E0_Chen_2024,0.25,18,18,0,1.084473248646055,1.058021930035297,0.02645131861075792,19.520518475628993,-0.0
E0_Chen_2024,0.1,18,18,0,1.0633176517984424,1.058021930035297,0.00529572176314522,19.139717732371963,-0.0
E0_Chen_2024,0.5,18,18,0,1.1492282553442978,1.058021930035297,0.09120632530900082,20.68610859619736,-0.0
