record_id,finish,event,tau,stress_amplitude_MPa,cycles_or_bound,m1_log_contribution,e0_log_contribution,m1_minus_e0_nll,m1_median_log10,e0_median_log10,failure_log10_absolute_error_m1,failure_log10_absolute_error_e0
HN2019_VF_01,vibrofinished,failure,0.25,83.3,48484.0,-1.2859725082228692,-1.2637576614682342,0.02221484675463503,5.353027513201522,5.31839160170256,0.6674290706434203,0.632793159144458
HN2019_VF_02,vibrofinished,failure,0.25,87.77,50921.0,-1.2103609385147922,-1.1944243076753904,0.015936630839401777,5.279486183441371,5.252925338772255,0.5725892595866684,0.5460284149175525
HN2019_VF_03,vibrofinished,failure,0.25,87.77,54253.0,-1.1893192801940837,-1.1732334366904265,0.01608584350365727,5.279486183441371,5.252925338772255,0.5450624253001104,0.5185015806309945
HN2019_VF_04,vibrofinished,failure,0.25,78.78,55453.0,-1.3026381691584459,-1.2732602708138294,0.02937789834461646,5.431518641465464,5.388264159859534,0.6875935950704175,0.6443391134644871
HN2019_VF_05,vibrofinished,failure,0.25,78.78,67471.0,-1.2336198844260955,-1.2046639644810533,0.028955919945042208,5.431518641465464,5.388264159859534,0.6024014945047229,0.5591470128987925
HN2019_VF_06,vibrofinished,failure,0.25,83.3,78817.0,-1.1245482540073222,-1.102120254281605,0.022427999725717074,5.353027513201522,5.31839160170256,0.45640761284500453,0.42177170134604225
HN2019_VF_07,vibrofinished,failure,0.25,69.82,116859.0,-1.180778035616366,-1.1382426467042033,0.042535388912162686,5.601388092397184,5.539481416533125,0.5337259268044185,0.47181925094035915
HN2019_VF_08,vibrofinished,failure,0.25,65.3,136509.0,-1.2009832580761697,-1.150340034982279,0.05064322309389069,5.69555098982828,5.623304934840084,0.5603897045944635,0.48814364960626744
HN2019_VF_09,vibrofinished,failure,0.25,56.33,231664.0,-1.1844303343328662,-1.117629438472114,0.06680089586075222,5.903444000056658,5.808370645691405,0.5385854492881519,0.443512094922899
HN2019_VF_10,vibrofinished,failure,0.25,51.81,416350.0,-1.0869918137903758,-1.0168461207446968,0.07014569304567897,6.021124394095126,5.913129366303517,0.4016658251008094,0.29367079730920054
HN2019_VF_11,vibrofinished,failure,0.25,47.3,511965.0,-1.1130996644804334,-1.0321655574931161,0.08093410698731729,6.1492565230689324,6.027192188835436,0.44001625120722654,0.3179519169737297
HN2019_VF_12,vibrofinished,failure,0.25,42.85,622923.0,-1.1513158456045862,-1.0573212385081894,0.09399460709639684,6.288266615584258,6.150938540665457,0.4938322490885483,0.3565041741697472
HN2019_VF_13,vibrofinished,failure,0.25,47.3,1301871.0,-0.8937006939304375,-0.8403130560293096,0.05338763790112788,6.1492565230689324,6.027192188835436,0.034688570145307907,0.08737576408818892
HN2019_VF_14,vibrofinished,failure,0.25,42.85,1329666.0,-0.9491490501057016,-0.8792199696388225,0.06992908046687907,6.288266615584258,6.150938540665457,0.16452405174017848,0.02719597682137742
HN2019_VF_16,vibrofinished,runout,0.25,42.85,5000000.0,-1.1273807171304844,-1.3455443779606937,-0.21816366083020933,6.288266615584258,6.150938540665457,,
HN2019_VF_17,vibrofinished,runout,0.25,38.33,5000000.0,-0.9373079373360036,-1.1363466756471576,-0.19903873831115404,6.445099713975005,6.290550876869844,,
HN2019_SB_01,sandblasted,failure,0.25,92.29,48484.0,-1.172941906971877,-1.162562058372052,0.010379848599824992,5.20883631148059,5.190033042578261,0.5232378689224877,0.5044346000201587
HN2019_SB_02,sandblasted,failure,0.25,92.29,63137.0,-1.0916087116727229,-1.07980279935517,0.011805912317552902,5.20883631148059,5.190033042578261,0.40855236924904936,0.3897491003467204
HN2019_SB_03,sandblasted,failure,0.25,87.77,67015.0,-1.1223745953592497,-1.1056488760022853,0.01672571935696432,5.279486183441371,5.252925338772255,0.4533141615149985,0.4267533168458826
HN2019_SB_04,sandblasted,failure,0.25,87.77,70065.0,-1.1089303095602694,-1.0920423447091958,0.016887964851073578,5.279486183441371,5.252925338772255,0.4339850570979067,0.4074242124287908
HN2019_SB_06,sandblasted,failure,0.25,83.3,94036.0,-1.0725004320622196,-1.0497740578382255,0.02272637422399404,5.353027513201522,5.31839160170256,0.3797333658970059,0.3450974543980436
HN2019_SB_07,sandblasted,failure,0.25,74.29,96261.0,-1.1784584454569624,-1.143034671095616,0.03542377436134636,5.514080565706328,5.46176052793216,0.5306301967067082,0.4783101589325405
HN2019_SB_08,sandblasted,failure,0.25,83.3,114416.0,-1.0194168363713008,-0.9962427072264579,0.023174129144842848,5.353027513201522,5.31839160170256,0.29454075250472744,0.25990484100576516
HN2019_SB_09,sandblasted,failure,0.25,78.78,185998.0,-0.9479291125205282,-0.9196831103838234,0.028246002136704806,5.431518641465464,5.388264159859534,0.1620103671057933,0.11875588549986293
HN2019_SB_11,sandblasted,failure,0.25,78.78,196975.0,-0.9361440799887091,-0.9079125090351896,0.02823157095351947,5.431518641465464,5.388264159859534,0.13710753231414952,0.09385305070821914
HN2019_SB_12,sandblasted,failure,0.25,78.78,617309.0,-0.8399159094446751,-0.8166278097133137,0.023288099731361367,5.431518641465464,5.388264159859534,0.35898396730440574,0.4022384489103361
HN2019_SB_13,sandblasted,failure,0.25,69.82,1390193.0,-0.8896283664401374,-0.884183389954754,0.005444976485383446,5.601388092397184,5.539481416533125,0.5416870049910605,0.6035936808551199
HN2019_SB_14,sandblasted,failure,0.25,69.82,1504806.0,-0.905446144444606,-0.9037358616848763,0.001710282759729731,5.601388092397184,5.539481416533125,0.5760924217783758,0.6379990976424352
HN2019_SB_15,sandblasted,failure,0.25,69.82,1631328.0,-0.9238463871369751,-0.926338444559977,-0.0024920574230019588,5.601388092397184,5.539481416533125,0.6111531980535885,0.6730598739176479
HN2019_SB_16,sandblasted,runout,0.25,69.82,5000000.0,-2.4751365561341125,-2.8203971633818408,-0.3452606072477282,5.601388092397184,5.539481416533125,,
HN2019_SB_17,sandblasted,runout,0.25,65.3,5000000.0,-2.2279597209848276,-2.5482877318491224,-0.32032801086429474,5.69555098982828,5.623304934840084,,
HN2019_MP_01,machined and polished,failure,0.25,110.29,47866.0,-1.0098034474964974,-1.0126178912961856,-0.0028144437996882044,4.958155133382028,4.966877437824336,0.2781279969071955,0.28685030134950384
HN2019_MP_02,machined and polished,failure,0.25,105.78,59215.0,-0.990737938929648,-0.9884351757263998,0.0023027632032481815,5.016896506531478,5.019168825428949,0.24446477291562463,0.24673709181309533
HN2019_MP_03,machined and polished,failure,0.25,105.78,68756.0,-0.9565736619741192,-0.9519144065053805,0.004659255468738688,5.016896506531478,5.019168825428949,0.17958590361911497,0.18185822251658568
HN2019_MP_04,machined and polished,failure,0.25,110.29,72649.0,-0.9183092904693102,-0.9134183882799178,0.004890902189392365,4.958155133382028,4.966877437824336,0.0969254926897749,0.10564779713208328
HN2019_MP_05,machined and polished,failure,0.25,101.26,83091.0,-0.9463707415243587,-0.9374287347292438,0.00894200679511492,5.078336636996423,5.07386263839952,0.1587826512630004,0.1543086526660975
HN2019_MP_06,machined and polished,failure,0.25,101.26,98539.0,-0.9131923719272415,-0.9017212054154493,0.011471166511792141,5.078336636996423,5.07386263839952,0.08472848637116748,0.08025448777426458
HN2019_MP_07,machined and polished,failure,0.25,96.81,207814.0,-0.8408679707421545,-0.8183860633717409,0.022481907370413556,5.141565203893958,5.13014851191729,0.17610959783509017,0.18752628981175778
HN2019_MP_08,machined and polished,failure,0.25,92.29,210497.0,-0.85107827386368,-0.8287867789146565,0.022291494949023494,5.20883631148059,5.190033042578261,0.11440959917694116,0.13321286807927013
HN2019_MP_09,machined and polished,failure,0.25,92.29,247381.0,-0.8398383783435612,-0.8160544730020325,0.023783905341528744,5.20883631148059,5.190033042578261,0.18453002927723183,0.2033332981795608
HN2019_MP_10,machined and polished,failure,0.25,92.29,297833.0,-0.8346421113998543,-0.8093468286628458,0.02529528273700854,5.20883631148059,5.190033042578261,0.2651365045812826,0.28393977348361155
HN2019_MP_11,machined and polished,failure,0.25,96.81,350286.0,-0.8468803016427531,-0.8186109378048043,0.028269363837948758,5.141565203893958,5.13014851191729,0.4028575761749531,0.4142742681516207
HN2019_MP_12,machined and polished,failure,0.25,83.3,594007.0,-0.8505901606342428,-0.827241691534741,0.023348469099501723,5.353027513201522,5.31839160170256,0.4207640496979552,0.4553999611969175
HN2019_MP_13,machined and polished,failure,0.25,87.77,939046.0,-0.9763476202789194,-0.9608452903995514,0.01550232987936806,5.279486183441371,5.252925338772255,0.6932006836456672,0.7197615283147831
HN2019_MP_14,machined and polished,runout,0.25,87.77,5000000.0,-3.5190814166735573,-3.9896829110710286,-0.47060149439747123,5.279486183441371,5.252925338772255,,
HN2019_MP_15,machined and polished,runout,0.25,83.3,5000000.0,-3.2509020884258653,-3.685751578522753,-0.4348494900968878,5.353027513201522,5.31839160170256,,
HN2019_VF_01,vibrofinished,failure,0.1,83.3,48484.0,-1.2690245965595839,-1.2637576614682342,0.005266935091349678,5.327096432485161,5.31839160170256,0.6414979899270588,0.632793159144458
HN2019_VF_02,vibrofinished,failure,0.1,87.77,50921.0,-1.1979791915618496,-1.1944243076753904,0.0035548838864591925,5.259851966230928,5.252925338772255,0.552955042376226,0.5460284149175525
HN2019_VF_03,vibrofinished,failure,0.1,87.77,54253.0,-1.1767160948490183,-1.1732334366904265,0.0034826581585918337,5.259851966230928,5.252925338772255,0.525428208089668,0.5185015806309945
HN2019_VF_04,vibrofinished,failure,0.1,78.78,55453.0,-1.2801473769469278,-1.2732602708138294,0.006887106133098397,5.398866878343301,5.388264159859534,0.6549418319482543,0.6443391134644871
HN2019_VF_05,vibrofinished,failure,0.1,78.78,67471.0,-1.21114974516864,-1.2046639644810533,0.006485780687586651,5.398866878343301,5.388264159859534,0.5697497313825597,0.5591470128987925
HN2019_VF_06,vibrofinished,failure,0.1,83.3,78817.0,-1.106634985397339,-1.102120254281605,0.004514731115733861,5.327096432485161,5.31839160170256,0.430476532128643,0.42177170134604225
HN2019_VF_07,vibrofinished,failure,0.1,69.82,116859.0,-1.147377577126885,-1.1382426467042033,0.009134930422681764,5.554191518220525,5.539481416533125,0.486529352627759,0.47181925094035915
HN2019_VF_08,vibrofinished,failure,0.1,65.3,136509.0,-1.1613015181581625,-1.150340034982279,0.010961483175883524,5.640291862070354,5.623304934840084,0.505130576836538,0.48814364960626744
HN2019_VF_09,vibrofinished,failure,0.1,56.33,231664.0,-1.1318936444332084,-1.117629438472114,0.014264205961094456,5.830384352318418,5.808370645691405,0.4655258015499113,0.443512094922899
HN2019_VF_10,vibrofinished,failure,0.1,51.81,416350.0,-1.0311575008063745,-1.0168461207446968,0.014311380061677648,5.937988543207306,5.913129366303517,0.31852997421298923,0.29367079730920054
HN2019_VF_11,vibrofinished,failure,0.1,47.3,511965.0,-1.0488503622689866,-1.0321655574931161,0.016684804775870532,6.055149555266126,6.027192188835436,0.34590928340441973,0.3179519169737297
HN2019_VF_12,vibrofinished,failure,0.1,42.85,622923.0,-1.0769138133423044,-1.0573212385081894,0.01959257483411503,6.182257121935533,6.150938540665457,0.3878227554398226,0.3565041741697472
HN2019_VF_13,vibrofinished,failure,0.1,47.3,1301871.0,-0.8489979988308596,-0.8403130560293096,0.008684942801549966,6.055149555266126,6.027192188835436,0.0594183976574989,0.08737576408818892
HN2019_VF_14,vibrofinished,failure,0.1,42.85,1329666.0,-0.8919298793494264,-0.8792199696388225,0.012709909710603817,6.182257121935533,6.150938540665457,0.058514558091452784,0.02719597682137742
HN2019_VF_16,vibrofinished,runout,0.1,42.85,5000000.0,-1.2938226330095488,-1.3455443779606937,-0.0517217449511449,6.182257121935533,6.150938540665457,,
HN2019_VF_17,vibrofinished,runout,0.1,38.33,5000000.0,-1.0883619973395953,-1.1363466756471576,-0.04798467830756237,6.325661626944072,6.290550876869844,,
HN2019_SB_01,sandblasted,failure,0.1,92.29,48484.0,-1.164716158284981,-1.162562058372052,0.0021540999129290306,5.195251381139541,5.190033042578261,0.5096529385814392,0.5044346000201587
HN2019_SB_02,sandblasted,failure,0.1,92.29,63137.0,-1.0818121027692817,-1.07980279935517,0.0020093034141117627,5.195251381139541,5.190033042578261,0.3949674389080009,0.3897491003467204
HN2019_SB_03,sandblasted,failure,0.1,87.77,67015.0,-1.1089128086669149,-1.1056488760022853,0.003263932664629543,5.259851966230928,5.252925338772255,0.43367994430455603,0.4267533168458826
HN2019_SB_04,sandblasted,failure,0.1,87.77,70065.0,-1.0952645287088694,-1.0920423447091958,0.0032221839996735557,5.259851966230928,5.252925338772255,0.41435083988746424,0.4074242124287908
HN2019_SB_06,sandblasted,failure,0.1,83.3,94036.0,-1.0540459879158215,-1.0497740578382255,0.0042719300775959645,5.327096432485161,5.31839160170256,0.3538022851806444,0.3450974543980436
HN2019_SB_07,sandblasted,failure,0.1,74.29,96261.0,-1.1506384471315938,-1.143034671095616,0.007603776035977727,5.474359564525485,5.46176052793216,0.4909091955258651,0.4783101589325405
HN2019_SB_08,sandblasted,failure,0.1,83.3,114416.0,-1.000261875824736,-0.9962427072264579,0.004019168598278,5.327096432485161,5.31839160170256,0.2686096717883659,0.25990484100576516
HN2019_SB_09,sandblasted,failure,0.1,78.78,185998.0,-0.9242383784710597,-0.9196831103838234,0.004555268087236275,5.398866878343301,5.388264159859534,0.12935860398363008,0.11875588549986293
HN2019_SB_11,sandblasted,failure,0.1,78.78,196975.0,-0.9123594380404487,-0.9079125090351896,0.004446929005259115,5.398866878343301,5.388264159859534,0.10445576919198629,0.09385305070821914
HN2019_SB_12,sandblasted,failure,0.1,78.78,617309.0,-0.8181605544193817,-0.8166278097133137,0.0015327447060680122,5.398866878343301,5.388264159859534,0.39163573042656896,0.4022384489103361
HN2019_SB_13,sandblasted,failure,0.1,69.82,1390193.0,-0.8812094228067529,-0.884183389954754,-0.002973967148001133,5.554191518220525,5.539481416533125,0.58888357916772,0.6035936808551199
HN2019_SB_14,sandblasted,failure,0.1,69.82,1504806.0,-0.8999012039359364,-0.9037358616848763,-0.0038346577489398737,5.554191518220525,5.539481416533125,0.6232889959550354,0.6379990976424352
HN2019_SB_15,sandblasted,failure,0.1,69.82,1631328.0,-0.9215533112915528,-0.926338444559977,-0.004785133268424224,5.554191518220525,5.539481416533125,0.658349772230248,0.6730598739176479
HN2019_SB_16,sandblasted,runout,0.1,69.82,5000000.0,-2.7481712515863164,-2.8203971633818408,-0.0722259117955244,5.554191518220525,5.539481416533125,,
HN2019_SB_17,sandblasted,runout,0.1,65.3,5000000.0,-2.479757946603137,-2.5482877318491224,-0.06852978524598541,5.640291862070354,5.623304934840084,,
HN2019_MP_01,machined and polished,failure,0.1,110.29,47866.0,-1.0108244701034028,-1.0126178912961856,-0.001793421192782807,4.966034394229369,4.966877437824336,0.2860072577545365,0.28685030134950384
HN2019_MP_02,machined and polished,failure,0.1,105.78,59215.0,-0.9876396469123625,-0.9884351757263998,-0.0007955288140373273,5.019746127441488,5.019168825428949,0.24731439382563458,0.24673709181309533
HN2019_MP_03,machined and polished,failure,0.1,105.78,68756.0,-0.9513541884293799,-0.9519144065053805,-0.0005602180760005959,5.019746127441488,5.019168825428949,0.18243552452912493,0.18185822251658568
HN2019_MP_04,machined and polished,failure,0.1,110.29,72649.0,-0.9125220699459349,-0.9134183882799178,-0.0008963183339829595,4.966034394229369,4.966877437824336,0.10480475353711594,0.10564779713208328
HN2019_MP_05,machined and polished,failure,0.1,101.26,83091.0,-0.9377392117911283,-0.9374287347292438,0.0003104770618844732,5.075925541020949,5.07386263839952,0.15637155528752622,0.1543086526660975
HN2019_MP_06,machined and polished,failure,0.1,101.26,98539.0,-0.9022697967880378,-0.9017212054154493,0.0005485913725884473,5.075925541020949,5.07386263839952,0.0823173903956933,0.08025448777426458
HN2019_MP_07,machined and polished,failure,0.1,96.81,207814.0,-0.8203441571642953,-0.8183860633717409,0.001958093792554405,5.133740258907362,5.13014851191729,0.1839345428216861,0.18752628981175778
HN2019_MP_08,machined and polished,failure,0.1,92.29,210497.0,-0.8309386386301063,-0.8287867789146565,0.0021518597154498442,5.195251381139541,5.190033042578261,0.12799452951798962,0.13321286807927013
HN2019_MP_09,machined and polished,failure,0.1,92.29,247381.0,-0.8182822516782298,-0.8160544730020325,0.0022277786761972784,5.195251381139541,5.190033042578261,0.1981149596182803,0.2033332981795608
HN2019_MP_10,machined and polished,failure,0.1,92.29,297833.0,-0.8116490487432335,-0.8093468286628458,0.002302220080387718,5.195251381139541,5.190033042578261,0.27872143492233104,0.28393977348361155
HN2019_MP_11,machined and polished,failure,0.1,96.81,350286.0,-0.8212342155500183,-0.8186109378048043,0.002623277745213981,5.133740258907362,5.13014851191729,0.410682521161549,0.4142742681516207
HN2019_MP_12,machined and polished,failure,0.1,83.3,594007.0,-0.8287093600928457,-0.827241691534741,0.0014676685581046511,5.327096432485161,5.31839160170256,0.44669513041431674,0.4553999611969175
HN2019_MP_13,machined and polished,failure,0.1,87.77,939046.0,-0.9606754337568764,-0.9608452903995514,-0.00016985664267499256,5.259851966230928,5.252925338772255,0.7128349008561097,0.7197615283147831
HN2019_MP_14,machined and polished,runout,0.1,87.77,5000000.0,-3.8986003684806714,-3.9896829110710286,-0.0910825425903572,5.259851966230928,5.252925338772255,,
HN2019_MP_15,machined and polished,runout,0.1,83.3,5000000.0,-3.600173932260235,-3.685751578522753,-0.08557764626251796,5.327096432485161,5.31839160170256,,
HN2019_VF_01,vibrofinished,failure,0.5,83.3,48484.0,-1.3076864773325965,-1.2637576614682342,0.04392881586436226,5.370490193072748,5.31839160170256,0.6848917505146463,0.632793159144458
HN2019_VF_02,vibrofinished,failure,0.5,87.77,50921.0,-1.235895294690621,-1.1944243076753904,0.041470987015230554,5.288943410735718,5.252925338772255,0.5820464868810156,0.5460284149175525
HN2019_VF_03,vibrofinished,failure,0.5,87.77,54253.0,-1.217731544598733,-1.1732334366904265,0.04449810790830644,5.288943410735718,5.252925338772255,0.5545196525944576,0.5185015806309945
HN2019_VF_04,vibrofinished,failure,0.5,78.78,55453.0,-1.3287827108423236,-1.2732602708138294,0.05552244002849416,5.457525591678447,5.388264159859534,0.7136005452834002,0.6443391134644871
HN2019_VF_05,vibrofinished,failure,0.5,78.78,67471.0,-1.267507531491887,-1.2046639644810533,0.06284356701083382,5.457525591678447,5.388264159859534,0.6284084447177056,0.5591470128987925
HN2019_VF_06,vibrofinished,failure,0.5,83.3,78817.0,-1.1672301288838818,-1.102120254281605,0.06510987460227668,5.370490193072748,5.31839160170256,0.4738702927162306,0.42177170134604225
HN2019_VF_07,vibrofinished,failure,0.5,69.82,116859.0,-1.2333458132618995,-1.1382426467042033,0.09510316655769624,5.6458864383716145,5.539481416533125,0.5782242727788489,0.47181925094035915
HN2019_VF_08,vibrofinished,failure,0.5,65.3,136509.0,-1.25833070964234,-1.150340034982279,0.10799067466006096,5.750299580276683,5.623304934840084,0.6151382950428665,0.48814364960626744
HN2019_VF_09,vibrofinished,failure,0.5,56.33,231664.0,-1.25889911673928,-1.117629438472114,0.14126967826716608,5.9808230982520625,5.808370645691405,0.6159645474835562,0.443512094922899
HN2019_VF_10,vibrofinished,failure,0.5,51.81,416350.0,-1.1781321696606493,-1.0168461207446968,0.16128604891595244,6.11131376939269,5.913129366303517,0.4918552003983736,0.29367079730920054
HN2019_VF_11,vibrofinished,failure,0.5,47.3,511965.0,-1.211011293824098,-1.0321655574931161,0.17884573633098189,6.2533939148680755,6.027192188835436,0.5441536430063696,0.3179519169737297
HN2019_VF_12,vibrofinished,failure,0.5,42.85,622923.0,-1.2569314282175035,-1.0573212385081894,0.1996101897093141,6.40753616104243,6.150938540665457,0.6131017945467203,0.3565041741697472
HN2019_VF_13,vibrofinished,failure,0.5,47.3,1301871.0,-1.0065107219484242,-0.8403130560293096,0.16619766591911456,6.2533939148680755,6.027192188835436,0.13882596194445096,0.08737576408818892
HN2019_VF_14,vibrofinished,failure,0.5,42.85,1329666.0,-1.0656247510023076,-0.8792199696388225,0.18640478136348504,6.40753616104243,6.150938540665457,0.2837935971983505,0.02719597682137742
HN2019_VF_16,vibrofinished,runout,0.5,42.85,5000000.0,-0.9491187457015475,-1.3455443779606937,-0.3964256322591462,6.40753616104243,6.150938540665457,,
HN2019_VF_17,vibrofinished,runout,0.5,38.33,5000000.0,-0.7878786377670846,-1.1363466756471576,-0.3484680378800731,6.58144156330249,6.290550876869844,,
HN2019_SB_01,sandblasted,failure,0.5,92.29,48484.0,-1.1987721432417127,-1.162562058372052,0.03621008486966071,5.210602840212873,5.190033042578261,0.5250043976547714,0.5044346000201587
HN2019_SB_02,sandblasted,failure,0.5,92.29,63137.0,-1.1304290796665164,-1.07980279935517,0.05062628031134642,5.210602840212873,5.190033042578261,0.41031889798133303,0.3897491003467204
HN2019_SB_03,sandblasted,failure,0.5,87.77,67015.0,-1.1606079651620078,-1.1056488760022853,0.054959089159722474,5.288943410735718,5.252925338772255,0.46277138880934565,0.4267533168458826
HN2019_SB_04,sandblasted,failure,0.5,87.77,70065.0,-1.1492705149929137,-1.0920423447091958,0.05722817028371785,5.288943410735718,5.252925338772255,0.44344228439225386,0.4074242124287908
HN2019_SB_06,sandblasted,failure,0.5,83.3,94036.0,-1.1231732257264393,-1.0497740578382255,0.07339916788821377,5.370490193072748,5.31839160170256,0.397196045768232,0.3450974543980436
HN2019_SB_07,sandblasted,failure,0.5,74.29,96261.0,-1.2250038902061107,-1.143034671095616,0.0819692191104946,5.549074918947706,5.46176052793216,0.5656245499480868,0.4783101589325405
HN2019_SB_08,sandblasted,failure,0.5,83.3,114416.0,-1.0790543919804403,-0.9962427072264579,0.08281168475398237,5.370490193072748,5.31839160170256,0.3120034323759535,0.25990484100576516
HN2019_SB_09,sandblasted,failure,0.5,78.78,185998.0,-1.0246527073789902,-0.9196831103838234,0.10496959699516673,5.457525591678447,5.388264159859534,0.18801731731877602,0.11875588549986293
HN2019_SB_11,sandblasted,failure,0.5,78.78,196975.0,-1.0152148384492752,-0.9079125090351896,0.10730232941408557,5.457525591678447,5.388264159859534,0.16311448252713223,0.09385305070821914
HN2019_SB_12,sandblasted,failure,0.5,78.78,617309.0,-0.948673060586589,-0.8166278097133137,0.13204525087327523,5.457525591678447,5.388264159859534,0.332977017091423,0.4022384489103361
HN2019_SB_13,sandblasted,failure,0.5,69.82,1390193.0,-0.9858798406638125,-0.884183389954754,0.10169645070905853,5.6458864383716145,5.539481416533125,0.4971886590166301,0.6035936808551199
HN2019_SB_14,sandblasted,failure,0.5,69.82,1504806.0,-0.9979523307482951,-0.9037358616848763,0.09421646906341885,5.6458864383716145,5.539481416533125,0.5315940758039455,0.6379990976424352
HN2019_SB_15,sandblasted,failure,0.5,69.82,1631328.0,-1.0118454515716637,-0.926338444559977,0.08550700701168668,5.6458864383716145,5.539481416533125,0.5666548520791581,0.6730598739176479
HN2019_SB_16,sandblasted,runout,0.5,69.82,5000000.0,-2.033614282894036,-2.8203971633818408,-0.786782880487805,5.6458864383716145,5.539481416533125,,
HN2019_SB_17,sandblasted,runout,0.5,65.3,5000000.0,-1.8420042050403262,-2.5482877318491224,-0.7062835268087961,5.750299580276683,5.623304934840084,,
HN2019_MP_01,machined and polished,failure,0.5,110.29,47866.0,-1.0514868758029565,-1.0126178912961856,0.0388689845067709,4.9326333837037435,4.966877437824336,0.25260624722891123,0.28685030134950384
HN2019_MP_02,machined and polished,failure,0.5,105.78,59215.0,-1.0397494467914172,-0.9884351757263998,0.0513142710650174,4.997769137782631,5.019168825428949,0.22533740416677794,0.24673709181309533
HN2019_MP_03,machined and polished,failure,0.5,105.78,68756.0,-1.0142387907812838,-0.9519144065053805,0.062324384275903255,4.997769137782631,5.019168825428949,0.1604585348702683,0.18185822251658568
HN2019_MP_04,machined and polished,failure,0.5,110.29,72649.0,-0.9850168833605046,-0.9134183882799178,0.0715984950805868,4.9326333837037435,4.966877437824336,0.07140374301149066,0.10564779713208328
HN2019_MP_05,machined and polished,failure,0.5,101.26,83091.0,-1.009151305886641,-0.9374287347292438,0.07172257115739722,5.065897426483254,5.07386263839952,0.1463434407498312,0.1543086526660975
HN2019_MP_06,machined and polished,failure,0.5,101.26,98539.0,-0.9852732008094303,-0.9017212054154493,0.08355199539398095,5.065897426483254,5.07386263839952,0.07228927585799827,0.08025448777426458
HN2019_MP_07,machined and polished,failure,0.5,96.81,207814.0,-0.9423352736476049,-0.8183860633717409,0.12394921027586403,5.136008834565575,5.13014851191729,0.1816659671634726,0.18752628981175778
HN2019_MP_08,machined and polished,failure,0.5,92.29,210497.0,-0.947676082634457,-0.8287867789146565,0.11888930371980055,5.210602840212873,5.190033042578261,0.11264307044465749,0.13321286807927013
HN2019_MP_09,machined and polished,failure,0.5,92.29,247381.0,-0.9422906952030319,-0.8160544730020325,0.1262362222009994,5.210602840212873,5.190033042578261,0.18276350054494817,0.2033332981795608
HN2019_MP_10,machined and polished,failure,0.5,92.29,297833.0,-0.9425816150788511,-0.8093468286628458,0.13323478641600528,5.210602840212873,5.190033042578261,0.2633699758489989,0.28393977348361155
HN2019_MP_11,machined and polished,failure,0.5,96.81,350286.0,-0.9616699061705614,-0.8186109378048043,0.14305896836575704,5.136008834565575,5.13014851191729,0.40841394550333554,0.4142742681516207
HN2019_MP_12,machined and polished,failure,0.5,83.3,594007.0,-0.960573114493338,-0.827241691534741,0.133331422958597,5.370490193072748,5.31839160170256,0.40330136982672915,0.4553999611969175
HN2019_MP_13,machined and polished,failure,0.5,87.77,939046.0,-1.0702657877241752,-0.9608452903995514,0.10942049732462389,5.288943410735718,5.252925338772255,0.6837434563513201,0.7197615283147831
HN2019_MP_14,machined and polished,runout,0.5,87.77,5000000.0,-2.8130469939748988,-3.9896829110710286,-1.1766359170961298,5.288943410735718,5.252925338772255,,
HN2019_MP_15,machined and polished,runout,0.5,83.3,5000000.0,-2.6170357394729886,-3.685751578522753,-1.0687158390497644,5.370490193072748,5.31839160170256,,
