tau,scenario,stratum,n,failures,runouts,m1_mean_nll,e0_mean_nll,m1_minus_e0,m1_failure_nll_sum,m1_runout_nll_sum,e0_failure_nll_sum,e0_runout_nll_sum
0.25,low_low,overall,46,40,6,1.1970782813677894,1.213710011139853,-0.01663172977206391,42.020917557003216,13.044683385915093,40.85334379025129,14.977316722181962
0.25,low_low,VF,16,14,2,1.1649058895800302,1.144527634528757,0.020378255051273136,16.70552405243518,1.932970180845305,15.975753679678403,2.3366884727817077
0.25,low_low,SB,15,13,2,1.197095000926701,1.2235815531715304,-0.02648655224482941,13.425752129927094,4.530672883973418,13.174709126176776,5.179014171396178
0.25,low_low,MP,15,13,2,1.231378779715821,1.2776330041600121,-0.046254224444191264,11.889641374640945,6.58104032109637,11.702880984396105,7.461614078004077
0.25,low_center,overall,46,40,6,1.1880627172157354,1.2049668516002492,-0.016904134384514043,41.60620160600874,13.044683385915093,40.451158451429514,14.977316722181962
0.25,low_center,VF,16,14,2,1.1498980139111683,1.130127538727324,0.019770475183844213,16.46539804173339,1.932970180845305,15.74535214685548,2.3366884727817077
0.25,low_center,SB,15,13,2,1.1898182229283958,1.2168244654339622,-0.02700624250556625,13.316600459952518,4.530672883973418,13.073352810113253,5.179014171396178
0.25,low_center,MP,15,13,2,1.22701622836128,1.2729378381643242,-0.04592160980304398,11.82420310432283,6.58104032109637,11.632453494460783,7.461614078004077
0.25,low_high,overall,46,40,6,1.17947890755546,1.1966748229301747,-0.01719591537471472,41.21134636163606,13.044683385915093,40.06972513260607,14.977316722181962
0.25,low_high,VF,16,14,2,1.1351743449031324,1.116021224864665,0.019153120038467218,16.22981933760481,1.932970180845305,15.519651125052933,2.3366884727817077
0.25,low_high,SB,15,13,2,1.1830139177572658,1.2105735253031553,-0.027559607545889677,13.214535882385569,4.530672883973418,12.979588708151152,5.179014171396178
0.25,low_high,MP,15,13,2,1.2232020975161368,1.2688066251604042,-0.04560452764426716,11.766991141645683,6.58104032109637,11.570485299401984,7.461614078004077
0.25,center_low,overall,46,40,6,1.1960643157292163,1.2156707248713372,-0.01960640914212079,41.4811900868591,13.537768436684852,40.39484290564891,15.526010438432596
0.25,center_low,VF,16,14,2,1.150261764762832,1.134299403763555,0.015962360999277038,16.339499581738824,2.064688654466488,15.666899406609026,2.4818910536078516
0.25,center_low,SB,15,13,2,1.2008288230212485,1.2299354239336031,-0.029106600912354442,13.309336068199789,4.70309627711894,13.08034646377308,5.368684895230963
0.25,center_low,MP,15,13,2,1.2401558628013274,1.2882021016573724,-0.04804623885604482,11.83235443692049,6.769983505099423,11.647597035266804,7.675434489593782
0.25,center_center,overall,46,40,6,1.1875880363869995,1.2074335848258642,-0.01984554843886485,41.091281237117116,13.537768436684852,40.01593446355716,15.526010438432596
0.25,center_center,VF,16,14,2,1.1357247740579397,1.120339313224445,0.015385460833494506,16.106907730460545,2.064688654466488,15.443537957983267,2.4818910536078516
0.25,center_center,SB,15,13,2,1.1941491676366118,1.2237515690107932,-0.029602401374181804,13.209141237430234,4.70309627711894,12.987588639930934,5.368684895230963
0.25,center_center,MP,15,13,2,1.2363477182883842,1.284016157015782,-0.04766843872739787,11.77523226922634,6.769983505099423,11.584807865642949,7.675434489593782
0.25,center_high,overall,46,40,6,1.1795570385814675,1.1996620559191877,-0.020105017337720247,40.721855338062646,13.537768436684852,39.65844413385004,15.526010438432596
0.25,center_high,VF,16,14,2,1.1214845556467985,1.1066855981298969,0.014798957516901537,15.879064235882284,2.064688654466488,15.225078516470495,2.4818910536078516
0.25,center_high,SB,15,13,2,1.1879565391396743,1.2180902489601342,-0.03013370982045976,13.116251809976173,4.70309627711894,12.90266883917105,5.368684895230963
0.25,center_high,MP,15,13,2,1.2331015198202409,1.280408751186818,-0.0473072313665773,11.726539292204189,6.769983505099423,11.530696778208489,7.675434489593782
0.25,high_low,overall,46,40,6,1.1961359405359284,1.2185877478241205,-0.022451807288192197,40.98576336744612,14.036489897206593,39.97342349387765,16.081612906031907
0.25,high_low,VF,16,14,2,1.1371973812330856,1.1254100957371724,0.0117872854959135,15.996156465304633,2.1990016344247425,15.376993844474871,2.6295676873198843
0.25,high_low,SB,15,13,2,1.2054730994579819,1.2370999873252717,-0.03162688786728977,13.205360392359857,4.8767360995098725,12.996453049267123,5.560046760611952
0.25,high_low,MP,15,13,2,1.2496665782035739,1.2994650038823812,-0.04979842567880737,11.784246509781628,6.960752163271978,11.599976600135653,7.891998458100066
0.25,high_center,overall,46,40,6,1.1882045984591665,1.2108620730660462,-0.022657474606879696,40.62092163191507,14.036489897206593,39.61804245500622,16.081612906031907
0.25,high_center,VF,16,14,2,1.1231384254454366,1.11189583557137,0.011242589874066601,15.771213172702245,2.1990016344247425,15.160765681822037,2.6295676873198843
0.25,high_center,SB,15,13,2,1.1993956049976626,1.2314948968179598,-0.03209929182029715,13.114197975455067,4.8767360995098725,12.912376691657443,5.560046760611952
0.25,high_center,MP,15,13,2,1.2464175098019823,1.2957932359751207,-0.049375726173138276,11.735510483757754,6.960752163271978,11.544900081526741,7.891998458100066
0.25,high_high,overall,46,40,6,1.1807321439949756,1.2036166455189121,-0.022884501523936545,40.27718872656229,14.036489897206593,39.28475278783806,16.081612906031907
0.25,high_high,VF,16,14,2,1.1093889429377939,1.0987007110818832,0.010688231855910911,15.551221452579965,2.1990016344247425,14.949643689990241,2.6295676873198843
0.25,high_high,SB,15,13,2,1.1938197381498483,1.2264288864730264,-0.032609148323177774,13.030559972737855,4.8767360995098725,12.836386536483442,5.560046760611952
0.25,high_high,MP,15,13,2,1.243743964301097,1.2927147346309629,-0.04897077032986594,11.695407301244476,6.960752163271978,11.498722561364376,7.891998458100066
0.1,low_low,overall,46,40,6,1.2091523924716585,1.213710011139853,-0.004557618668194691,41.051770248216066,14.569239805480223,40.85334379025129,14.977316722181962
0.1,low_low,VF,16,14,2,1.1480922485348017,1.144527634528757,0.003564614006044825,16.12983142118988,2.239644555366948,15.975753679678403,2.3366884727817077
0.1,low_low,SB,15,13,2,1.2166253454863505,1.2235815531715304,-0.006956207685179542,13.208556765575878,5.040823416719382,13.174709126176776,5.179014171396178
0.1,low_low,MP,15,13,2,1.2668102596562802,1.2776330041600121,-0.010822744503731989,11.713382061450307,7.288771833393894,11.702880984396105,7.461614078004077
0.1,low_center,overall,46,40,6,1.2002768931581935,1.2049668516002492,-0.004689958442055833,40.64349727979668,14.569239805480223,40.451158451429514,14.977316722181962
0.1,low_center,VF,16,14,2,1.1334762883419933,1.130127538727324,0.003348749614669369,15.895976058104948,2.239644555366948,15.74535214685548,2.3366884727817077
0.1,low_center,SB,15,13,2,1.2096861625447588,1.2168244654339622,-0.007138302889203526,13.104469021452,5.040823416719382,13.073352810113253,5.179014171396178
0.1,low_center,MP,15,13,2,1.2621216022422423,1.2729378381643242,-0.01081623592208169,11.64305220023974,7.288771833393894,11.632453494460783,7.461614078004077
0.1,low_high,overall,46,40,6,1.1918489081360044,1.1966748229301747,-0.004825914794170342,40.25580996877598,14.569239805480223,40.06972513260607,14.977316722181962
0.1,low_high,VF,16,14,2,1.1191510205431263,1.116021224864665,0.003129795678461382,15.666771773323074,2.239644555366948,15.519651125052933,2.3366884727817077
0.1,low_high,SB,15,13,2,1.2032466948685607,1.2105735253031553,-0.007326830434594633,13.007877006309029,5.040823416719382,12.979588708151152,5.179014171396178
0.1,low_high,MP,15,13,2,1.2579955348358507,1.2688066251604042,-0.010811090324553222,11.581161189143867,7.288771833393894,11.570485299401984,7.461614078004077
0.1,center_low,overall,46,40,6,1.210452716754689,1.2156707248713372,-0.005218008116647719,40.571936841436205,15.108888129279505,40.39484290564891,15.526010438432596
0.1,center_low,VF,16,14,2,1.13681132535827,1.134299403763555,0.002511921594714868,15.806796575383174,2.382184630349144,15.666899406609026,2.4818910536078516
0.1,center_low,SB,15,13,2,1.2224253437287034,1.2299354239336031,-0.007510080204899368,13.108450957741098,5.227929198189454,13.08034646377308,5.368684895230963
0.1,center_low,MP,15,13,2,1.2770309072701898,1.2882021016573724,-0.01117119438718283,11.656689308311936,7.498774300740907,11.647597035266804,7.675434489593782
0.1,center_center,overall,46,40,6,1.2020917200420056,1.2074335848258642,-0.005341864783858696,40.18733099265275,15.108888129279505,40.01593446355716,15.526010438432596
0.1,center_center,VF,16,14,2,1.1226411821967943,1.120339313224445,0.0023018689723493177,15.580074284799565,2.382184630349144,15.443537957983267,2.4818910536078516
0.1,center_center,SB,15,13,2,1.2160668944304522,1.2237515690107932,-0.00768467458034107,13.013074218267331,5.227929198189454,12.987588639930934,5.368684895230963
0.1,center_center,MP,15,13,2,1.2728637860217837,1.284016157015782,-0.011152370993998203,11.59418248958585,7.498774300740907,11.584807865642949,7.675434489593782
0.1,center_high,overall,46,40,6,1.194192666645258,1.1996620559191877,-0.005469389273929404,39.823974536402375,15.108888129279505,39.65844413385004,15.526010438432596
0.1,center_high,VF,16,14,2,1.1087743715678058,1.1066855981298969,0.0020887734379089057,15.358205314735747,2.382184630349144,15.225078516470495,2.4818910536078516
0.1,center_high,SB,15,13,2,1.2102243418826453,1.2180902489601342,-0.007865907077488887,12.925435930050224,5.227929198189454,12.90266883917105,5.368684895230963
0.1,center_high,MP,15,13,2,1.2692738394904874,1.280408751186818,-0.011134911696330786,11.540333291616403,7.498774300740907,11.530696778208489,7.675434489593782
0.1,high_low,overall,46,40,6,1.2127426379626405,1.2185877478241205,-0.005845109861480286,40.130871937690195,15.65528940859126,39.97342349387765,16.081612906031907
0.1,high_low,VF,16,14,2,1.1269263041874291,1.1254100957371724,0.0015162084502570589,15.503543502138164,2.5272773648607054,15.376993844474871,2.6295676873198843
0.1,high_low,SB,15,13,2,1.2290641743199937,1.2370999873252717,-0.008035813005278078,13.019296898565909,5.416665716233995,12.996453049267123,5.560046760611952
0.1,high_low,MP,15,13,2,1.2879585242988456,1.2994650038823812,-0.011506479583535663,11.608031536986124,7.71134632749656,11.599976600135653,7.891998458100066
0.1,high_center,overall,46,40,6,1.2049018135574194,1.2108620730660462,-0.005960259508627004,39.77019401505002,15.65528940859126,39.61804245500622,16.081612906031907
0.1,high_center,VF,16,14,2,1.1132082162458263,1.11189583557137,0.0013123806744561942,15.284054095072516,2.5272773648607054,15.160765681822037,2.6295676873198843
0.1,high_center,SB,15,13,2,1.2232920976187278,1.2314948968179598,-0.008202799199232303,12.93271574804692,5.416665716233995,12.912376691657443,5.560046760611952
0.1,high_center,MP,15,13,2,1.2843180332951432,1.2957932359751207,-0.011475202679977118,11.553424171930587,7.71134632749656,11.544900081526741,7.891998458100066
0.1,high_high,overall,46,40,6,1.1975375085544866,1.2036166455189121,-0.0060791369644257855,39.43143598491512,15.65528940859126,39.28475278783806,16.081612906031907
0.1,high_high,VF,16,14,2,1.0998062689292811,1.0987007110818832,0.0011055578473982072,15.069622938007797,2.5272773648607054,14.949643689990241,2.6295676873198843
0.1,high_high,SB,15,13,2,1.2180522402073473,1.2264288864730264,-0.008376646265678881,12.854117886876216,5.416665716233995,12.836386536483442,5.560046760611952
0.1,high_high,MP,15,13,2,1.2812694325018446,1.2927147346309629,-0.011445302129118281,11.507695160031107,7.71134632749656,11.498722561364376,7.891998458100066
0.5,low_low,overall,46,40,6,1.2044558791143636,1.213710011139853,-0.009254132025489564,44.7466671742839,10.658303264976828,40.85334379025129,14.977316722181962
0.5,low_low,VF,16,14,2,1.199880017514647,1.144527634528757,0.0553523829858899,17.573022615876678,1.6250576643576702,15.975753679678403,2.3366884727817077
0.5,low_low,SB,15,13,2,1.1993704936223883,1.2235815531715304,-0.024211059549142,14.248957500220989,3.7415999041148345,13.174709126176776,5.179014171396178
0.5,low_low,MP,15,13,2,1.2144221836460372,1.2776330041600121,-0.06321082051397522,12.924687058186233,5.2916456965043235,11.702880984396105,7.461614078004077
0.5,low_center,overall,46,40,6,1.1967647586457573,1.2049668516002492,-0.008202092954492084,44.39287563272801,10.658303264976828,40.451158451429514,14.977316722181962
0.5,low_center,VF,16,14,2,1.1862798501358403,1.130127538727324,0.056152311408515995,17.355419937815775,1.6250576643576702,15.74535214685548,2.3366884727817077
0.5,low_center,SB,15,13,2,1.1930649436802272,1.2168244654339622,-0.023759521753734837,14.154374251088575,3.7415999041148345,13.073352810113253,5.179014171396178
0.5,low_center,MP,15,13,2,1.211648476021866,1.2729378381643242,-0.06128936214245792,12.883081443823665,5.2916456965043235,11.632453494460783,7.461614078004077
0.5,low_high,overall,46,40,6,1.1894585181577753,1.1966748229301747,-0.00721630477239912,44.056788570280844,10.658303264976828,40.06972513260607,14.977316722181962
0.5,low_high,VF,16,14,2,1.1729663228977887,1.116021224864665,0.056945098033123774,17.14240350200695,1.6250576643576702,15.519651125052933,2.3366884727817077
0.5,low_high,SB,15,13,2,1.1871654019324878,1.2105735253031553,-0.0234081233706676,14.065881124872481,3.7415999041148345,12.979588708151152,5.179014171396178
0.5,low_high,MP,15,13,2,1.209343309327049,1.2688066251604042,-0.05946331583335507,12.84850394340141,5.2916456965043235,11.570485299401984,7.461614078004077
0.5,center_low,overall,46,40,6,1.2014888862668476,1.2156707248713372,-0.014181838604489665,44.2257901634241,11.042698604850882,40.39484290564891,15.526010438432596
0.5,center_low,VF,16,14,2,1.1837482189710575,1.134299403763555,0.049448815207502585,17.202974120068287,1.736997383468632,15.666899406609026,2.4818910536078516
0.5,center_low,SB,15,13,2,1.2008221619838244,1.2299354239336031,-0.02911326194977854,14.136713941823004,3.875618487934362,13.08034646377308,5.368684895230963
0.5,center_low,MP,15,13,2,1.2210789889987133,1.2882021016573724,-0.06712311265865918,12.886102101532812,5.430082733447888,11.647597035266804,7.675434489593782
0.5,center_center,overall,46,40,6,1.194329493820575,1.2074335848258642,-0.01310409100528926,43.896458110895566,11.042698604850882,40.01593446355716,15.526010438432596
0.5,center_center,VF,16,14,2,1.1706635672253236,1.120339313224445,0.0503242540008785,16.993619692136544,1.736997383468632,15.443537957983267,2.4818910536078516
0.5,center_center,SB,15,13,2,1.1950765285539418,1.2237515690107932,-0.02867504045685143,14.050529440374767,3.875618487934362,12.987588639930934,5.368684895230963
0.5,center_center,MP,15,13,2,1.2188261141221424,1.284016157015782,-0.06519004289363937,12.85230897838425,5.430082733447888,11.584807865642949,7.675434489593782
0.5,center_high,overall,46,40,6,1.1875640643239955,1.1996620559191877,-0.012097991595192174,43.58524835405291,11.042698604850882,39.65844413385004,15.526010438432596
0.5,center_high,VF,16,14,2,1.1578758142825225,1.1066855981298969,0.0511902161526256,16.789015645051727,1.736997383468632,15.225078516470495,2.4818910536078516
0.5,center_high,SB,15,13,2,1.1897458858799155,1.2180902489601342,-0.028344363080218572,13.970569800264371,3.875618487934362,12.90266883917105,5.368684895230963
0.5,center_high,MP,15,13,2,1.21704970947898,1.280408751186818,-0.06335904170783806,12.825662908736811,5.430082733447888,11.530696778208489,7.675434489593782
0.5,high_low,overall,46,40,6,1.1996051916403458,1.2185877478241205,-0.018982556183774802,43.752159037111994,11.42967977834392,39.97342349387765,16.081612906031907
0.5,high_low,VF,16,14,2,1.1693082916071464,1.1254100957371724,0.04389819586997436,16.858282236268025,1.8506504294463215,15.376993844474871,2.6295676873198843
0.5,high_low,SB,15,13,2,1.2031373807203447,1.2370999873252717,-0.03396260660492724,14.037206405749568,4.009854305055598,12.996453049267123,5.560046760611952
0.5,high_low,MP,15,13,2,1.2283896959290932,1.2994650038823812,-0.07107530795328815,12.856670395094397,5.569175043842,11.599976600135653,7.891998458100066
0.5,high_center,overall,46,40,6,1.1929790850531916,1.2108620730660462,-0.017882988012854473,43.4473581341029,11.42967977834392,39.61804245500622,16.081612906031907
0.5,high_center,VF,16,14,2,1.1567428807386446,1.11189583557137,0.04484704516727445,16.657235662371992,1.8506504294463215,15.160765681822037,2.6295676873198843
0.5,high_center,SB,15,13,2,1.1979520992981094,1.2314948968179598,-0.03354279751985055,13.95942718441604,4.009854305055598,12.912376691657443,5.560046760611952
0.5,high_center,MP,15,13,2,1.2266580220771246,1.2957932359751207,-0.06913521389799593,12.830695287314867,5.569175043842,11.544900081526741,7.891998458100066
0.5,high_high,overall,46,40,6,1.186755935193564,1.2036166455189121,-0.016860710325348475,43.161093240560014,11.42967977834392,39.28475278783806,16.081612906031907
0.5,high_high,VF,16,14,2,1.1444845481205235,1.0987007110818832,0.04578383703864041,16.461102340482057,1.8506504294463215,14.949643689990241,2.6295676873198843
0.5,high_high,SB,15,13,2,1.1931906891048394,1.2264288864730264,-0.03323819736818674,13.888006031516994,4.009854305055598,12.836386536483442,5.560046760611952
0.5,high_high,MP,15,13,2,1.2254106608268645,1.2927147346309629,-0.06730407380409836,12.811984868560968,5.569175043842,11.498722561364376,7.891998458100066
