candidate_record_id,original_specimen_id,id_kind,publication_group_id,source_doi,source_url,source_locator,a2_row_1based,a2_column,alloy,process,pore_configuration,build_orientation,surface_condition,loading_mode,stress_ratio_R,frequency_Hz,stress_amplitude_MPa,published_load_cycles,event_failure,failure_cycles,censor_bound_cycles,bound_operator,pretest_Sa_um_specimen_matched,pretest_Sz_um_specimen_matched,feature_status,first_exposure_id_status,overlap_status,cohort_status
Kramer_2025:A2:KH:01,,derived_appendix_position_not_original_specimen_id,Kramer_2025,10.1007/s40964-025-01288-x,https://link.springer.com/content/pdf/10.1007/s40964-025-01288-x.pdf,Appendix A2; publisher PDF p.11 (physical p.11315),1,KH,AlSi10Mg,LPBF,KH,vertical,machined,rotating_bending,-1,50,80,10000000,0,,10000000,≥,,,pretest_confocal_measured_but_only_group_Sa_Sz_published,no_original_specimen_ID_or_retest_link_in_A2,KH_LoF_reported_new_vs_reused_HD; other_publication_overlap_not_full_audited,candidate_outcome_only_excluded_from_v2
Kramer_2025:A2:KH:02,,derived_appendix_position_not_original_specimen_id,Kramer_2025,10.1007/s40964-025-01288-x,https://link.springer.com/content/pdf/10.1007/s40964-025-01288-x.pdf,Appendix A2; publisher PDF p.11 (physical p.11315),2,KH,AlSi10Mg,LPBF,KH,vertical,machined,rotating_bending,-1,50,85,6574900,1,6574900,,=,,,pretest_confocal_measured_but_only_group_Sa_Sz_published,no_original_specimen_ID_or_retest_link_in_A2,KH_LoF_reported_new_vs_reused_HD; other_publication_overlap_not_full_audited,candidate_outcome_only_excluded_from_v2
Kramer_2025:A2:KH:03,,derived_appendix_position_not_original_specimen_id,Kramer_2025,10.1007/s40964-025-01288-x,https://link.springer.com/content/pdf/10.1007/s40964-025-01288-x.pdf,Appendix A2; publisher PDF p.11 (physical p.11315),3,KH,AlSi10Mg,LPBF,KH,vertical,machined,rotating_bending,-1,50,90,144100,1,144100,,=,,,pretest_confocal_measured_but_only_group_Sa_Sz_published,no_original_specimen_ID_or_retest_link_in_A2,KH_LoF_reported_new_vs_reused_HD; other_publication_overlap_not_full_audited,candidate_outcome_only_excluded_from_v2
Kramer_2025:A2:KH:04,,derived_appendix_position_not_original_specimen_id,Kramer_2025,10.1007/s40964-025-01288-x,https://link.springer.com/content/pdf/10.1007/s40964-025-01288-x.pdf,Appendix A2; publisher PDF p.11 (physical p.11315),4,KH,AlSi10Mg,LPBF,KH,vertical,machined,rotating_bending,-1,50,95,259900,1,259900,,=,,,pretest_confocal_measured_but_only_group_Sa_Sz_published,no_original_specimen_ID_or_retest_link_in_A2,KH_LoF_reported_new_vs_reused_HD; other_publication_overlap_not_full_audited,candidate_outcome_only_excluded_from_v2
Kramer_2025:A2:KH:05,,derived_appendix_position_not_original_specimen_id,Kramer_2025,10.1007/s40964-025-01288-x,https://link.springer.com/content/pdf/10.1007/s40964-025-01288-x.pdf,Appendix A2; publisher PDF p.11 (physical p.11315),5,KH,AlSi10Mg,LPBF,KH,vertical,machined,rotating_bending,-1,50,100,55700,1,55700,,=,,,pretest_confocal_measured_but_only_group_Sa_Sz_published,no_original_specimen_ID_or_retest_link_in_A2,KH_LoF_reported_new_vs_reused_HD; other_publication_overlap_not_full_audited,candidate_outcome_only_excluded_from_v2
Kramer_2025:A2:KH:06,,derived_appendix_position_not_original_specimen_id,Kramer_2025,10.1007/s40964-025-01288-x,https://link.springer.com/content/pdf/10.1007/s40964-025-01288-x.pdf,Appendix A2; publisher PDF p.11 (physical p.11315),6,KH,AlSi10Mg,LPBF,KH,vertical,machined,rotating_bending,-1,50,105,115700,1,115700,,=,,,pretest_confocal_measured_but_only_group_Sa_Sz_published,no_original_specimen_ID_or_retest_link_in_A2,KH_LoF_reported_new_vs_reused_HD; other_publication_overlap_not_full_audited,candidate_outcome_only_excluded_from_v2
Kramer_2025:A2:KH:07,,derived_appendix_position_not_original_specimen_id,Kramer_2025,10.1007/s40964-025-01288-x,https://link.springer.com/content/pdf/10.1007/s40964-025-01288-x.pdf,Appendix A2; publisher PDF p.11 (physical p.11315),7,KH,AlSi10Mg,LPBF,KH,vertical,machined,rotating_bending,-1,50,110,80700,1,80700,,=,,,pretest_confocal_measured_but_only_group_Sa_Sz_published,no_original_specimen_ID_or_retest_link_in_A2,KH_LoF_reported_new_vs_reused_HD; other_publication_overlap_not_full_audited,candidate_outcome_only_excluded_from_v2
Kramer_2025:A2:KH:08,,derived_appendix_position_not_original_specimen_id,Kramer_2025,10.1007/s40964-025-01288-x,https://link.springer.com/content/pdf/10.1007/s40964-025-01288-x.pdf,Appendix A2; publisher PDF p.11 (physical p.11315),8,KH,AlSi10Mg,LPBF,KH,vertical,machined,rotating_bending,-1,50,120,139200,1,139200,,=,,,pretest_confocal_measured_but_only_group_Sa_Sz_published,no_original_specimen_ID_or_retest_link_in_A2,KH_LoF_reported_new_vs_reused_HD; other_publication_overlap_not_full_audited,candidate_outcome_only_excluded_from_v2
Kramer_2025:A2:KH:09,,derived_appendix_position_not_original_specimen_id,Kramer_2025,10.1007/s40964-025-01288-x,https://link.springer.com/content/pdf/10.1007/s40964-025-01288-x.pdf,Appendix A2; publisher PDF p.11 (physical p.11315),9,KH,AlSi10Mg,LPBF,KH,vertical,machined,rotating_bending,-1,50,140,75200,1,75200,,=,,,pretest_confocal_measured_but_only_group_Sa_Sz_published,no_original_specimen_ID_or_retest_link_in_A2,KH_LoF_reported_new_vs_reused_HD; other_publication_overlap_not_full_audited,candidate_outcome_only_excluded_from_v2
Kramer_2025:A2:KH:10,,derived_appendix_position_not_original_specimen_id,Kramer_2025,10.1007/s40964-025-01288-x,https://link.springer.com/content/pdf/10.1007/s40964-025-01288-x.pdf,Appendix A2; publisher PDF p.11 (physical p.11315),10,KH,AlSi10Mg,LPBF,KH,vertical,machined,rotating_bending,-1,50,150,42400,1,42400,,=,,,pretest_confocal_measured_but_only_group_Sa_Sz_published,no_original_specimen_ID_or_retest_link_in_A2,KH_LoF_reported_new_vs_reused_HD; other_publication_overlap_not_full_audited,candidate_outcome_only_excluded_from_v2
Kramer_2025:A2:LoF:01,,derived_appendix_position_not_original_specimen_id,Kramer_2025,10.1007/s40964-025-01288-x,https://link.springer.com/content/pdf/10.1007/s40964-025-01288-x.pdf,Appendix A2; publisher PDF p.11 (physical p.11315),1,LoF,AlSi10Mg,LPBF,LoF,vertical,machined,rotating_bending,-1,50,20,203400,1,203400,,=,,,pretest_confocal_measured_but_only_group_Sa_Sz_published,no_original_specimen_ID_or_retest_link_in_A2,KH_LoF_reported_new_vs_reused_HD; other_publication_overlap_not_full_audited,candidate_outcome_only_excluded_from_v2
Kramer_2025:A2:LoF:02,,derived_appendix_position_not_original_specimen_id,Kramer_2025,10.1007/s40964-025-01288-x,https://link.springer.com/content/pdf/10.1007/s40964-025-01288-x.pdf,Appendix A2; publisher PDF p.11 (physical p.11315),2,LoF,AlSi10Mg,LPBF,LoF,vertical,machined,rotating_bending,-1,50,30,317500,1,317500,,=,,,pretest_confocal_measured_but_only_group_Sa_Sz_published,no_original_specimen_ID_or_retest_link_in_A2,KH_LoF_reported_new_vs_reused_HD; other_publication_overlap_not_full_audited,candidate_outcome_only_excluded_from_v2
Kramer_2025:A2:LoF:03,,derived_appendix_position_not_original_specimen_id,Kramer_2025,10.1007/s40964-025-01288-x,https://link.springer.com/content/pdf/10.1007/s40964-025-01288-x.pdf,Appendix A2; publisher PDF p.11 (physical p.11315),3,LoF,AlSi10Mg,LPBF,LoF,vertical,machined,rotating_bending,-1,50,40,118000,1,118000,,=,,,pretest_confocal_measured_but_only_group_Sa_Sz_published,no_original_specimen_ID_or_retest_link_in_A2,KH_LoF_reported_new_vs_reused_HD; other_publication_overlap_not_full_audited,candidate_outcome_only_excluded_from_v2
Kramer_2025:A2:LoF:04,,derived_appendix_position_not_original_specimen_id,Kramer_2025,10.1007/s40964-025-01288-x,https://link.springer.com/content/pdf/10.1007/s40964-025-01288-x.pdf,Appendix A2; publisher PDF p.11 (physical p.11315),4,LoF,AlSi10Mg,LPBF,LoF,vertical,machined,rotating_bending,-1,50,45,110500,1,110500,,=,,,pretest_confocal_measured_but_only_group_Sa_Sz_published,no_original_specimen_ID_or_retest_link_in_A2,KH_LoF_reported_new_vs_reused_HD; other_publication_overlap_not_full_audited,candidate_outcome_only_excluded_from_v2
Kramer_2025:A2:LoF:05,,derived_appendix_position_not_original_specimen_id,Kramer_2025,10.1007/s40964-025-01288-x,https://link.springer.com/content/pdf/10.1007/s40964-025-01288-x.pdf,Appendix A2; publisher PDF p.11 (physical p.11315),5,LoF,AlSi10Mg,LPBF,LoF,vertical,machined,rotating_bending,-1,50,50,37400,1,37400,,=,,,pretest_confocal_measured_but_only_group_Sa_Sz_published,no_original_specimen_ID_or_retest_link_in_A2,KH_LoF_reported_new_vs_reused_HD; other_publication_overlap_not_full_audited,candidate_outcome_only_excluded_from_v2
Kramer_2025:A2:LoF:06,,derived_appendix_position_not_original_specimen_id,Kramer_2025,10.1007/s40964-025-01288-x,https://link.springer.com/content/pdf/10.1007/s40964-025-01288-x.pdf,Appendix A2; publisher PDF p.11 (physical p.11315),6,LoF,AlSi10Mg,LPBF,LoF,vertical,machined,rotating_bending,-1,50,55,89700,1,89700,,=,,,pretest_confocal_measured_but_only_group_Sa_Sz_published,no_original_specimen_ID_or_retest_link_in_A2,KH_LoF_reported_new_vs_reused_HD; other_publication_overlap_not_full_audited,candidate_outcome_only_excluded_from_v2
Kramer_2025:A2:LoF:07,,derived_appendix_position_not_original_specimen_id,Kramer_2025,10.1007/s40964-025-01288-x,https://link.springer.com/content/pdf/10.1007/s40964-025-01288-x.pdf,Appendix A2; publisher PDF p.11 (physical p.11315),7,LoF,AlSi10Mg,LPBF,LoF,vertical,machined,rotating_bending,-1,50,60,48700,1,48700,,=,,,pretest_confocal_measured_but_only_group_Sa_Sz_published,no_original_specimen_ID_or_retest_link_in_A2,KH_LoF_reported_new_vs_reused_HD; other_publication_overlap_not_full_audited,candidate_outcome_only_excluded_from_v2
Kramer_2025:A2:LoF:08,,derived_appendix_position_not_original_specimen_id,Kramer_2025,10.1007/s40964-025-01288-x,https://link.springer.com/content/pdf/10.1007/s40964-025-01288-x.pdf,Appendix A2; publisher PDF p.11 (physical p.11315),8,LoF,AlSi10Mg,LPBF,LoF,vertical,machined,rotating_bending,-1,50,70,19700,1,19700,,=,,,pretest_confocal_measured_but_only_group_Sa_Sz_published,no_original_specimen_ID_or_retest_link_in_A2,KH_LoF_reported_new_vs_reused_HD; other_publication_overlap_not_full_audited,candidate_outcome_only_excluded_from_v2
Kramer_2025:A2:LoF:09,,derived_appendix_position_not_original_specimen_id,Kramer_2025,10.1007/s40964-025-01288-x,https://link.springer.com/content/pdf/10.1007/s40964-025-01288-x.pdf,Appendix A2; publisher PDF p.11 (physical p.11315),9,LoF,AlSi10Mg,LPBF,LoF,vertical,machined,rotating_bending,-1,50,80,13100,1,13100,,=,,,pretest_confocal_measured_but_only_group_Sa_Sz_published,no_original_specimen_ID_or_retest_link_in_A2,KH_LoF_reported_new_vs_reused_HD; other_publication_overlap_not_full_audited,candidate_outcome_only_excluded_from_v2
