candidate_id,source_doi,source_location,porosity_condition,stress_amplitude_MPa,cycles_reported,outcome,right_censored,loading,stress_ratio,test_frequency_Hz,build_orientation,surface_condition,training_eligibility,provenance_note
Kramer2025_A2_01,10.1007/s40964-025-01288-x,Appendix A2,KH,80,10000000,runout,1,rotating_bending,-1,50,vertical,machined,CANDIDATE_ONLY_NOT_ADJUDICATED,Paper gives no specimen ID; second runout confirmation tests mentioned but not individually listed; HD rows are prior-work reuse and excluded
Kramer2025_A2_02,10.1007/s40964-025-01288-x,Appendix A2,KH,85,6574900,failure,0,rotating_bending,-1,50,vertical,machined,CANDIDATE_ONLY_NOT_ADJUDICATED,Paper gives no specimen ID; second runout confirmation tests mentioned but not individually listed; HD rows are prior-work reuse and excluded
Kramer2025_A2_03,10.1007/s40964-025-01288-x,Appendix A2,KH,90,144100,failure,0,rotating_bending,-1,50,vertical,machined,CANDIDATE_ONLY_NOT_ADJUDICATED,Paper gives no specimen ID; second runout confirmation tests mentioned but not individually listed; HD rows are prior-work reuse and excluded
Kramer2025_A2_04,10.1007/s40964-025-01288-x,Appendix A2,KH,95,259900,failure,0,rotating_bending,-1,50,vertical,machined,CANDIDATE_ONLY_NOT_ADJUDICATED,Paper gives no specimen ID; second runout confirmation tests mentioned but not individually listed; HD rows are prior-work reuse and excluded
Kramer2025_A2_05,10.1007/s40964-025-01288-x,Appendix A2,KH,100,55700,failure,0,rotating_bending,-1,50,vertical,machined,CANDIDATE_ONLY_NOT_ADJUDICATED,Paper gives no specimen ID; second runout confirmation tests mentioned but not individually listed; HD rows are prior-work reuse and excluded
Kramer2025_A2_06,10.1007/s40964-025-01288-x,Appendix A2,KH,105,115700,failure,0,rotating_bending,-1,50,vertical,machined,CANDIDATE_ONLY_NOT_ADJUDICATED,Paper gives no specimen ID; second runout confirmation tests mentioned but not individually listed; HD rows are prior-work reuse and excluded
Kramer2025_A2_07,10.1007/s40964-025-01288-x,Appendix A2,KH,110,80700,failure,0,rotating_bending,-1,50,vertical,machined,CANDIDATE_ONLY_NOT_ADJUDICATED,Paper gives no specimen ID; second runout confirmation tests mentioned but not individually listed; HD rows are prior-work reuse and excluded
Kramer2025_A2_08,10.1007/s40964-025-01288-x,Appendix A2,KH,120,139200,failure,0,rotating_bending,-1,50,vertical,machined,CANDIDATE_ONLY_NOT_ADJUDICATED,Paper gives no specimen ID; second runout confirmation tests mentioned but not individually listed; HD rows are prior-work reuse and excluded
Kramer2025_A2_09,10.1007/s40964-025-01288-x,Appendix A2,KH,140,75200,failure,0,rotating_bending,-1,50,vertical,machined,CANDIDATE_ONLY_NOT_ADJUDICATED,Paper gives no specimen ID; second runout confirmation tests mentioned but not individually listed; HD rows are prior-work reuse and excluded
Kramer2025_A2_10,10.1007/s40964-025-01288-x,Appendix A2,KH,150,42400,failure,0,rotating_bending,-1,50,vertical,machined,CANDIDATE_ONLY_NOT_ADJUDICATED,Paper gives no specimen ID; second runout confirmation tests mentioned but not individually listed; HD rows are prior-work reuse and excluded
Kramer2025_A2_11,10.1007/s40964-025-01288-x,Appendix A2,LoF,20,203400,failure,0,rotating_bending,-1,50,vertical,machined,CANDIDATE_ONLY_NOT_ADJUDICATED,Paper gives no specimen ID; second runout confirmation tests mentioned but not individually listed; HD rows are prior-work reuse and excluded
Kramer2025_A2_12,10.1007/s40964-025-01288-x,Appendix A2,LoF,30,317500,failure,0,rotating_bending,-1,50,vertical,machined,CANDIDATE_ONLY_NOT_ADJUDICATED,Paper gives no specimen ID; second runout confirmation tests mentioned but not individually listed; HD rows are prior-work reuse and excluded
Kramer2025_A2_13,10.1007/s40964-025-01288-x,Appendix A2,LoF,40,118000,failure,0,rotating_bending,-1,50,vertical,machined,CANDIDATE_ONLY_NOT_ADJUDICATED,Paper gives no specimen ID; second runout confirmation tests mentioned but not individually listed; HD rows are prior-work reuse and excluded
Kramer2025_A2_14,10.1007/s40964-025-01288-x,Appendix A2,LoF,45,110500,failure,0,rotating_bending,-1,50,vertical,machined,CANDIDATE_ONLY_NOT_ADJUDICATED,Paper gives no specimen ID; second runout confirmation tests mentioned but not individually listed; HD rows are prior-work reuse and excluded
Kramer2025_A2_15,10.1007/s40964-025-01288-x,Appendix A2,LoF,50,37400,failure,0,rotating_bending,-1,50,vertical,machined,CANDIDATE_ONLY_NOT_ADJUDICATED,Paper gives no specimen ID; second runout confirmation tests mentioned but not individually listed; HD rows are prior-work reuse and excluded
Kramer2025_A2_16,10.1007/s40964-025-01288-x,Appendix A2,LoF,55,89700,failure,0,rotating_bending,-1,50,vertical,machined,CANDIDATE_ONLY_NOT_ADJUDICATED,Paper gives no specimen ID; second runout confirmation tests mentioned but not individually listed; HD rows are prior-work reuse and excluded
Kramer2025_A2_17,10.1007/s40964-025-01288-x,Appendix A2,LoF,60,48700,failure,0,rotating_bending,-1,50,vertical,machined,CANDIDATE_ONLY_NOT_ADJUDICATED,Paper gives no specimen ID; second runout confirmation tests mentioned but not individually listed; HD rows are prior-work reuse and excluded
Kramer2025_A2_18,10.1007/s40964-025-01288-x,Appendix A2,LoF,70,19700,failure,0,rotating_bending,-1,50,vertical,machined,CANDIDATE_ONLY_NOT_ADJUDICATED,Paper gives no specimen ID; second runout confirmation tests mentioned but not individually listed; HD rows are prior-work reuse and excluded
Kramer2025_A2_19,10.1007/s40964-025-01288-x,Appendix A2,LoF,80,13100,failure,0,rotating_bending,-1,50,vertical,machined,CANDIDATE_ONLY_NOT_ADJUDICATED,Paper gives no specimen ID; second runout confirmation tests mentioned but not individually listed; HD rows are prior-work reuse and excluded
