record_key,source_doi,workbook_md5,sheet,excel_row,specimen_id_raw,first_exposure_id,episode,parent_runout_record_key,stress_amplitude_MPa,cycles_reported,provisional_outcome,printer,powder,surface,heat_treatment,source_cohort,series_batch,training_eligibility,notes
Matusu2026_41_1,10.1016/j.rineng.2026.112570,c6c2df499bc323928d55f08109f45678,41,2,1,1,first_reported,,100,33663,FAILURE_CANDIDATE_PROTOCOL_PENDING,CLM2,GE_recycled,as_built,NoHT,REUSED_2024,reused_GE_recycled,EXCLUDE_REUSED_2024,Event inferred from reported cycles and retest pairing; confirm full protocol before use
Matusu2026_41_2,10.1016/j.rineng.2026.112570,c6c2df499bc323928d55f08109f45678,41,3,2,2,first_reported,,110,17543,FAILURE_CANDIDATE_PROTOCOL_PENDING,CLM2,GE_recycled,as_built,NoHT,REUSED_2024,reused_GE_recycled,EXCLUDE_REUSED_2024,Event inferred from reported cycles and retest pairing; confirm full protocol before use
Matusu2026_41_3,10.1016/j.rineng.2026.112570,c6c2df499bc323928d55f08109f45678,41,4,3,3,first_reported,,90,58286,FAILURE_CANDIDATE_PROTOCOL_PENDING,CLM2,GE_recycled,as_built,NoHT,REUSED_2024,reused_GE_recycled,EXCLUDE_REUSED_2024,Event inferred from reported cycles and retest pairing; confirm full protocol before use
Matusu2026_41_4,10.1016/j.rineng.2026.112570,c6c2df499bc323928d55f08109f45678,41,5,4,4,first_reported,,80,93076,FAILURE_CANDIDATE_PROTOCOL_PENDING,CLM2,GE_recycled,as_built,NoHT,REUSED_2024,reused_GE_recycled,EXCLUDE_REUSED_2024,Event inferred from reported cycles and retest pairing; confirm full protocol before use
Matusu2026_41_5,10.1016/j.rineng.2026.112570,c6c2df499bc323928d55f08109f45678,41,6,5,5,first_reported,,70,303685,FAILURE_CANDIDATE_PROTOCOL_PENDING,CLM2,GE_recycled,as_built,NoHT,REUSED_2024,reused_GE_recycled,EXCLUDE_REUSED_2024,Event inferred from reported cycles and retest pairing; confirm full protocol before use
Matusu2026_41_6,10.1016/j.rineng.2026.112570,c6c2df499bc323928d55f08109f45678,41,7,6,6,first_reported,,60,178960,FAILURE_CANDIDATE_PROTOCOL_PENDING,CLM2,GE_recycled,as_built,NoHT,REUSED_2024,reused_GE_recycled,EXCLUDE_REUSED_2024,Event inferred from reported cycles and retest pairing; confirm full protocol before use
Matusu2026_41_7,10.1016/j.rineng.2026.112570,c6c2df499bc323928d55f08109f45678,41,8,7,7,first_reported,,120,20485,FAILURE_CANDIDATE_PROTOCOL_PENDING,CLM2,GE_recycled,as_built,NoHT,REUSED_2024,reused_GE_recycled,EXCLUDE_REUSED_2024,Event inferred from reported cycles and retest pairing; confirm full protocol before use
Matusu2026_41_8,10.1016/j.rineng.2026.112570,c6c2df499bc323928d55f08109f45678,41,9,8,8,first_reported,,50,3027780,FAILURE_CANDIDATE_PROTOCOL_PENDING,CLM2,GE_recycled,as_built,NoHT,REUSED_2024,reused_GE_recycled,EXCLUDE_REUSED_2024,Event inferred from reported cycles and retest pairing; confirm full protocol before use
Matusu2026_41_9,10.1016/j.rineng.2026.112570,c6c2df499bc323928d55f08109f45678,41,10,9,9,first_reported,,55,204456,FAILURE_CANDIDATE_PROTOCOL_PENDING,CLM2,GE_recycled,as_built,NoHT,REUSED_2024,reused_GE_recycled,EXCLUDE_REUSED_2024,Event inferred from reported cycles and retest pairing; confirm full protocol before use
Matusu2026_41_10,10.1016/j.rineng.2026.112570,c6c2df499bc323928d55f08109f45678,41,11,10,10,first_reported,,45,3810185,FAILURE_CANDIDATE_PROTOCOL_PENDING,CLM2,GE_recycled,as_built,NoHT,REUSED_2024,reused_GE_recycled,EXCLUDE_REUSED_2024,Event inferred from reported cycles and retest pairing; confirm full protocol before use
Matusu2026_41_11,10.1016/j.rineng.2026.112570,c6c2df499bc323928d55f08109f45678,41,12,11,11,first_reported,,40,10005820,RUNOUT_CANDIDATE_PROTOCOL_PENDING,CLM2,GE_recycled,as_built,NoHT,REUSED_2024,reused_GE_recycled,EXCLUDE_REUSED_2024,Event inferred from reported cycles and retest pairing; confirm full protocol before use
Matusu2026_41_11B,10.1016/j.rineng.2026.112570,c6c2df499bc323928d55f08109f45678,41,13,11B,11,later_loading,Matusu2026_41_11,135,7743,POST_RUNOUT_RETEST_FAILURE_CANDIDATE,CLM2,GE_recycled,as_built,NoHT,REUSED_2024,reused_GE_recycled,EXCLUDE_SECOND_EXPOSURE,B suffix linked to same-sheet initial ID; do not count as independent
Matusu2026_42_15,10.1016/j.rineng.2026.112570,c6c2df499bc323928d55f08109f45678,42,2,15,15,first_reported,,100,68101,FAILURE_CANDIDATE_PROTOCOL_PENDING,CLM2,GE_recycled,as_built,T240,REUSED_2024,reused_GE_recycled,EXCLUDE_REUSED_2024,Event inferred from reported cycles and retest pairing; confirm full protocol before use
Matusu2026_42_16,10.1016/j.rineng.2026.112570,c6c2df499bc323928d55f08109f45678,42,3,16,16,first_reported,,90,86620,FAILURE_CANDIDATE_PROTOCOL_PENDING,CLM2,GE_recycled,as_built,T240,REUSED_2024,reused_GE_recycled,EXCLUDE_REUSED_2024,Event inferred from reported cycles and retest pairing; confirm full protocol before use
Matusu2026_42_17,10.1016/j.rineng.2026.112570,c6c2df499bc323928d55f08109f45678,42,4,17,17,first_reported,,80,502728,FAILURE_CANDIDATE_PROTOCOL_PENDING,CLM2,GE_recycled,as_built,T240,REUSED_2024,reused_GE_recycled,EXCLUDE_REUSED_2024,Event inferred from reported cycles and retest pairing; confirm full protocol before use
Matusu2026_42_18,10.1016/j.rineng.2026.112570,c6c2df499bc323928d55f08109f45678,42,5,18,18,first_reported,,70,105156,FAILURE_CANDIDATE_PROTOCOL_PENDING,CLM2,GE_recycled,as_built,T240,REUSED_2024,reused_GE_recycled,EXCLUDE_REUSED_2024,Event inferred from reported cycles and retest pairing; confirm full protocol before use
Matusu2026_42_19,10.1016/j.rineng.2026.112570,c6c2df499bc323928d55f08109f45678,42,6,19,19,first_reported,,125,29717,FAILURE_CANDIDATE_PROTOCOL_PENDING,CLM2,GE_recycled,as_built,T240,REUSED_2024,reused_GE_recycled,EXCLUDE_REUSED_2024,Event inferred from reported cycles and retest pairing; confirm full protocol before use
Matusu2026_42_20,10.1016/j.rineng.2026.112570,c6c2df499bc323928d55f08109f45678,42,7,20,20,first_reported,,110,29467,FAILURE_CANDIDATE_PROTOCOL_PENDING,CLM2,GE_recycled,as_built,T240,REUSED_2024,reused_GE_recycled,EXCLUDE_REUSED_2024,Event inferred from reported cycles and retest pairing; confirm full protocol before use
Matusu2026_42_21,10.1016/j.rineng.2026.112570,c6c2df499bc323928d55f08109f45678,42,8,21,21,first_reported,,70,1681162,FAILURE_CANDIDATE_PROTOCOL_PENDING,CLM2,GE_recycled,as_built,T240,REUSED_2024,reused_GE_recycled,EXCLUDE_REUSED_2024,Event inferred from reported cycles and retest pairing; confirm full protocol before use
Matusu2026_42_22,10.1016/j.rineng.2026.112570,c6c2df499bc323928d55f08109f45678,42,9,22,22,first_reported,,140,9526,FAILURE_CANDIDATE_PROTOCOL_PENDING,CLM2,GE_recycled,as_built,T240,REUSED_2024,reused_GE_recycled,EXCLUDE_REUSED_2024,Event inferred from reported cycles and retest pairing; confirm full protocol before use
Matusu2026_42_23,10.1016/j.rineng.2026.112570,c6c2df499bc323928d55f08109f45678,42,10,23,23,first_reported,,65,1057680,FAILURE_CANDIDATE_PROTOCOL_PENDING,CLM2,GE_recycled,as_built,T240,REUSED_2024,reused_GE_recycled,EXCLUDE_REUSED_2024,Event inferred from reported cycles and retest pairing; confirm full protocol before use
Matusu2026_42_24,10.1016/j.rineng.2026.112570,c6c2df499bc323928d55f08109f45678,42,11,24,24,first_reported,,60,4848194,FAILURE_CANDIDATE_PROTOCOL_PENDING,CLM2,GE_recycled,as_built,T240,REUSED_2024,reused_GE_recycled,EXCLUDE_REUSED_2024,Event inferred from reported cycles and retest pairing; confirm full protocol before use
Matusu2026_42_25,10.1016/j.rineng.2026.112570,c6c2df499bc323928d55f08109f45678,42,12,25,25,first_reported,,55,39818610,RUNOUT_CANDIDATE_PROTOCOL_PENDING,CLM2,GE_recycled,as_built,T240,REUSED_2024,reused_GE_recycled,EXCLUDE_REUSED_2024,Event inferred from reported cycles and retest pairing; confirm full protocol before use
Matusu2026_42_25B,10.1016/j.rineng.2026.112570,c6c2df499bc323928d55f08109f45678,42,13,25B,25,later_loading,Matusu2026_42_25,150,3436,POST_RUNOUT_RETEST_FAILURE_CANDIDATE,CLM2,GE_recycled,as_built,T240,REUSED_2024,reused_GE_recycled,EXCLUDE_SECOND_EXPOSURE,B suffix linked to same-sheet initial ID; do not count as independent
Matusu2026_43_43,10.1016/j.rineng.2026.112570,c6c2df499bc323928d55f08109f45678,43,2,43,43,first_reported,,100,133799,FAILURE_CANDIDATE_PROTOCOL_PENDING,CLM2,GE_recycled,as_built,T200,REUSED_2024,reused_GE_recycled,EXCLUDE_REUSED_2024,Event inferred from reported cycles and retest pairing; confirm full protocol before use
Matusu2026_43_44,10.1016/j.rineng.2026.112570,c6c2df499bc323928d55f08109f45678,43,3,44,44,first_reported,,90,100637,FAILURE_CANDIDATE_PROTOCOL_PENDING,CLM2,GE_recycled,as_built,T200,REUSED_2024,reused_GE_recycled,EXCLUDE_REUSED_2024,Event inferred from reported cycles and retest pairing; confirm full protocol before use
Matusu2026_43_45,10.1016/j.rineng.2026.112570,c6c2df499bc323928d55f08109f45678,43,4,45,45,first_reported,,80,119284,FAILURE_CANDIDATE_PROTOCOL_PENDING,CLM2,GE_recycled,as_built,T200,REUSED_2024,reused_GE_recycled,EXCLUDE_REUSED_2024,Event inferred from reported cycles and retest pairing; confirm full protocol before use
Matusu2026_43_46,10.1016/j.rineng.2026.112570,c6c2df499bc323928d55f08109f45678,43,5,46,46,first_reported,,110,35023,FAILURE_CANDIDATE_PROTOCOL_PENDING,CLM2,GE_recycled,as_built,T200,REUSED_2024,reused_GE_recycled,EXCLUDE_REUSED_2024,Event inferred from reported cycles and retest pairing; confirm full protocol before use
Matusu2026_43_47,10.1016/j.rineng.2026.112570,c6c2df499bc323928d55f08109f45678,43,6,47,47,first_reported,,125,37467,FAILURE_CANDIDATE_PROTOCOL_PENDING,CLM2,GE_recycled,as_built,T200,REUSED_2024,reused_GE_recycled,EXCLUDE_REUSED_2024,Event inferred from reported cycles and retest pairing; confirm full protocol before use
Matusu2026_43_48,10.1016/j.rineng.2026.112570,c6c2df499bc323928d55f08109f45678,43,7,48,48,first_reported,,70,249409,FAILURE_CANDIDATE_PROTOCOL_PENDING,CLM2,GE_recycled,as_built,T200,REUSED_2024,reused_GE_recycled,EXCLUDE_REUSED_2024,Event inferred from reported cycles and retest pairing; confirm full protocol before use
Matusu2026_43_49,10.1016/j.rineng.2026.112570,c6c2df499bc323928d55f08109f45678,43,8,49,49,first_reported,,60,10000000,RUNOUT_CANDIDATE_PROTOCOL_PENDING,CLM2,GE_recycled,as_built,T200,REUSED_2024,reused_GE_recycled,EXCLUDE_REUSED_2024,Event inferred from reported cycles and retest pairing; confirm full protocol before use
Matusu2026_43_49B,10.1016/j.rineng.2026.112570,c6c2df499bc323928d55f08109f45678,43,9,49B,49,later_loading,Matusu2026_43_49,140,18431,POST_RUNOUT_RETEST_FAILURE_CANDIDATE,CLM2,GE_recycled,as_built,T200,REUSED_2024,reused_GE_recycled,EXCLUDE_SECOND_EXPOSURE,B suffix linked to same-sheet initial ID; do not count as independent
Matusu2026_43_50,10.1016/j.rineng.2026.112570,c6c2df499bc323928d55f08109f45678,43,10,50,50,first_reported,,70,268010,FAILURE_CANDIDATE_PROTOCOL_PENDING,CLM2,GE_recycled,as_built,T200,REUSED_2024,reused_GE_recycled,EXCLUDE_REUSED_2024,Event inferred from reported cycles and retest pairing; confirm full protocol before use
Matusu2026_43_51,10.1016/j.rineng.2026.112570,c6c2df499bc323928d55f08109f45678,43,11,51,51,first_reported,,65,10000062,RUNOUT_CANDIDATE_PROTOCOL_PENDING,CLM2,GE_recycled,as_built,T200,REUSED_2024,reused_GE_recycled,EXCLUDE_REUSED_2024,Event inferred from reported cycles and retest pairing; confirm full protocol before use
Matusu2026_43_51B,10.1016/j.rineng.2026.112570,c6c2df499bc323928d55f08109f45678,43,12,51B,51,later_loading,Matusu2026_43_51,155,10809,POST_RUNOUT_RETEST_FAILURE_CANDIDATE,CLM2,GE_recycled,as_built,T200,REUSED_2024,reused_GE_recycled,EXCLUDE_SECOND_EXPOSURE,B suffix linked to same-sheet initial ID; do not count as independent
Matusu2026_43_52,10.1016/j.rineng.2026.112570,c6c2df499bc323928d55f08109f45678,43,13,52,52,first_reported,,75,964331,FAILURE_CANDIDATE_PROTOCOL_PENDING,CLM2,GE_recycled,as_built,T200,REUSED_2024,reused_GE_recycled,EXCLUDE_REUSED_2024,Event inferred from reported cycles and retest pairing; confirm full protocol before use
Matusu2026_43_53,10.1016/j.rineng.2026.112570,c6c2df499bc323928d55f08109f45678,43,14,53,53,first_reported,,85,124321,FAILURE_CANDIDATE_PROTOCOL_PENDING,CLM2,GE_recycled,as_built,T200,REUSED_2024,reused_GE_recycled,EXCLUDE_REUSED_2024,Event inferred from reported cycles and retest pairing; confirm full protocol before use
Matusu2026_44_29,10.1016/j.rineng.2026.112570,c6c2df499bc323928d55f08109f45678,44,2,29,29,first_reported,,100,86244,FAILURE_CANDIDATE_PROTOCOL_PENDING,CLM2,GE_recycled,as_built,T300,REUSED_2024,reused_GE_recycled,EXCLUDE_REUSED_2024,Event inferred from reported cycles and retest pairing; confirm full protocol before use
Matusu2026_44_30,10.1016/j.rineng.2026.112570,c6c2df499bc323928d55f08109f45678,44,3,30,30,first_reported,,90,108798,FAILURE_CANDIDATE_PROTOCOL_PENDING,CLM2,GE_recycled,as_built,T300,REUSED_2024,reused_GE_recycled,EXCLUDE_REUSED_2024,Event inferred from reported cycles and retest pairing; confirm full protocol before use
Matusu2026_44_31,10.1016/j.rineng.2026.112570,c6c2df499bc323928d55f08109f45678,44,4,31,31,first_reported,,80,495563,FAILURE_CANDIDATE_PROTOCOL_PENDING,CLM2,GE_recycled,as_built,T300,REUSED_2024,reused_GE_recycled,EXCLUDE_REUSED_2024,Event inferred from reported cycles and retest pairing; confirm full protocol before use
Matusu2026_44_32,10.1016/j.rineng.2026.112570,c6c2df499bc323928d55f08109f45678,44,5,32,32,first_reported,,110,41671,FAILURE_CANDIDATE_PROTOCOL_PENDING,CLM2,GE_recycled,as_built,T300,REUSED_2024,reused_GE_recycled,EXCLUDE_REUSED_2024,Event inferred from reported cycles and retest pairing; confirm full protocol before use
Matusu2026_44_33,10.1016/j.rineng.2026.112570,c6c2df499bc323928d55f08109f45678,44,6,33,33,first_reported,,125,16745,FAILURE_CANDIDATE_PROTOCOL_PENDING,CLM2,GE_recycled,as_built,T300,REUSED_2024,reused_GE_recycled,EXCLUDE_REUSED_2024,Event inferred from reported cycles and retest pairing; confirm full protocol before use
Matusu2026_44_34,10.1016/j.rineng.2026.112570,c6c2df499bc323928d55f08109f45678,44,7,34,34,first_reported,,140,466,FAILURE_CANDIDATE_PROTOCOL_PENDING,CLM2,GE_recycled,as_built,T300,REUSED_2024,reused_GE_recycled,EXCLUDE_REUSED_2024,Event inferred from reported cycles and retest pairing; confirm full protocol before use
Matusu2026_44_35,10.1016/j.rineng.2026.112570,c6c2df499bc323928d55f08109f45678,44,8,35,35,first_reported,,85,156390,FAILURE_CANDIDATE_PROTOCOL_PENDING,CLM2,GE_recycled,as_built,T300,REUSED_2024,reused_GE_recycled,EXCLUDE_REUSED_2024,Event inferred from reported cycles and retest pairing; confirm full protocol before use
Matusu2026_44_36,10.1016/j.rineng.2026.112570,c6c2df499bc323928d55f08109f45678,44,9,36,36,first_reported,,70,10047350,RUNOUT_CANDIDATE_PROTOCOL_PENDING,CLM2,GE_recycled,as_built,T300,REUSED_2024,reused_GE_recycled,EXCLUDE_REUSED_2024,Event inferred from reported cycles and retest pairing; confirm full protocol before use
Matusu2026_44_36B,10.1016/j.rineng.2026.112570,c6c2df499bc323928d55f08109f45678,44,10,36B,36,later_loading,Matusu2026_44_36,140,280,POST_RUNOUT_RETEST_FAILURE_CANDIDATE,CLM2,GE_recycled,as_built,T300,REUSED_2024,reused_GE_recycled,EXCLUDE_SECOND_EXPOSURE,B suffix linked to same-sheet initial ID; do not count as independent
Matusu2026_44_37,10.1016/j.rineng.2026.112570,c6c2df499bc323928d55f08109f45678,44,11,37,37,first_reported,,80,203805,FAILURE_CANDIDATE_PROTOCOL_PENDING,CLM2,GE_recycled,as_built,T300,REUSED_2024,reused_GE_recycled,EXCLUDE_REUSED_2024,Event inferred from reported cycles and retest pairing; confirm full protocol before use
Matusu2026_44_38,10.1016/j.rineng.2026.112570,c6c2df499bc323928d55f08109f45678,44,12,38,38,first_reported,,75,2644621,FAILURE_CANDIDATE_PROTOCOL_PENDING,CLM2,GE_recycled,as_built,T300,REUSED_2024,reused_GE_recycled,EXCLUDE_REUSED_2024,Event inferred from reported cycles and retest pairing; confirm full protocol before use
Matusu2026_44_39,10.1016/j.rineng.2026.112570,c6c2df499bc323928d55f08109f45678,44,13,39,39,first_reported,,70,3571503,FAILURE_CANDIDATE_PROTOCOL_PENDING,CLM2,GE_recycled,as_built,T300,REUSED_2024,reused_GE_recycled,EXCLUDE_REUSED_2024,Event inferred from reported cycles and retest pairing; confirm full protocol before use
Matusu2026_71_3,10.1016/j.rineng.2026.112570,c6c2df499bc323928d55f08109f45678,71,2,3,3,first_reported,,90,14235,FAILURE_CANDIDATE_PROTOCOL_PENDING,CLM2,Eckart_virgin,machined,NoHT,NEW_BATCH_CANDIDATE,Eckart_CLM2,QUARANTINE_PROTOCOL_PENDING,Event inferred from reported cycles and retest pairing; confirm full protocol before use
Matusu2026_71_4,10.1016/j.rineng.2026.112570,c6c2df499bc323928d55f08109f45678,71,3,4,4,first_reported,,80,14529,FAILURE_CANDIDATE_PROTOCOL_PENDING,CLM2,Eckart_virgin,machined,NoHT,NEW_BATCH_CANDIDATE,Eckart_CLM2,QUARANTINE_PROTOCOL_PENDING,Event inferred from reported cycles and retest pairing; confirm full protocol before use
Matusu2026_71_11,10.1016/j.rineng.2026.112570,c6c2df499bc323928d55f08109f45678,71,4,11,11,first_reported,,70,49429,FAILURE_CANDIDATE_PROTOCOL_PENDING,CLM2,Eckart_virgin,machined,NoHT,NEW_BATCH_CANDIDATE,Eckart_CLM2,QUARANTINE_PROTOCOL_PENDING,Event inferred from reported cycles and retest pairing; confirm full protocol before use
Matusu2026_71_12,10.1016/j.rineng.2026.112570,c6c2df499bc323928d55f08109f45678,71,5,12,12,first_reported,,50,158859,FAILURE_CANDIDATE_PROTOCOL_PENDING,CLM2,Eckart_virgin,machined,NoHT,NEW_BATCH_CANDIDATE,Eckart_CLM2,QUARANTINE_PROTOCOL_PENDING,Event inferred from reported cycles and retest pairing; confirm full protocol before use
Matusu2026_71_16,10.1016/j.rineng.2026.112570,c6c2df499bc323928d55f08109f45678,71,6,16,16,first_reported,,40,484293,FAILURE_CANDIDATE_PROTOCOL_PENDING,CLM2,Eckart_virgin,machined,NoHT,NEW_BATCH_CANDIDATE,Eckart_CLM2,QUARANTINE_PROTOCOL_PENDING,Event inferred from reported cycles and retest pairing; confirm full protocol before use
Matusu2026_71_19,10.1016/j.rineng.2026.112570,c6c2df499bc323928d55f08109f45678,71,7,19,19,first_reported,,40,491852,FAILURE_CANDIDATE_PROTOCOL_PENDING,CLM2,Eckart_virgin,machined,NoHT,NEW_BATCH_CANDIDATE,Eckart_CLM2,QUARANTINE_PROTOCOL_PENDING,Event inferred from reported cycles and retest pairing; confirm full protocol before use
Matusu2026_71_32,10.1016/j.rineng.2026.112570,c6c2df499bc323928d55f08109f45678,71,8,32,32,first_reported,,60,86044,FAILURE_CANDIDATE_PROTOCOL_PENDING,CLM2,Eckart_virgin,machined,NoHT,NEW_BATCH_CANDIDATE,Eckart_CLM2,QUARANTINE_PROTOCOL_PENDING,Event inferred from reported cycles and retest pairing; confirm full protocol before use
Matusu2026_71_33,10.1016/j.rineng.2026.112570,c6c2df499bc323928d55f08109f45678,71,9,33,33,first_reported,,35,1054593,FAILURE_CANDIDATE_PROTOCOL_PENDING,CLM2,Eckart_virgin,machined,NoHT,NEW_BATCH_CANDIDATE,Eckart_CLM2,QUARANTINE_PROTOCOL_PENDING,Event inferred from reported cycles and retest pairing; confirm full protocol before use
Matusu2026_71_42,10.1016/j.rineng.2026.112570,c6c2df499bc323928d55f08109f45678,71,10,42,42,first_reported,,45,219886,FAILURE_CANDIDATE_PROTOCOL_PENDING,CLM2,Eckart_virgin,machined,NoHT,NEW_BATCH_CANDIDATE,Eckart_CLM2,QUARANTINE_PROTOCOL_PENDING,Event inferred from reported cycles and retest pairing; confirm full protocol before use
Matusu2026_71_51,10.1016/j.rineng.2026.112570,c6c2df499bc323928d55f08109f45678,71,11,51,51,first_reported,,30,10000071,RUNOUT_CANDIDATE_PROTOCOL_PENDING,CLM2,Eckart_virgin,machined,NoHT,NEW_BATCH_CANDIDATE,Eckart_CLM2,QUARANTINE_PROTOCOL_PENDING,Event inferred from reported cycles and retest pairing; confirm full protocol before use
Matusu2026_71_51B,10.1016/j.rineng.2026.112570,c6c2df499bc323928d55f08109f45678,71,12,51B,51,later_loading,Matusu2026_71_51,100,27944,POST_RUNOUT_RETEST_FAILURE_CANDIDATE,CLM2,Eckart_virgin,machined,NoHT,NEW_BATCH_CANDIDATE,Eckart_CLM2,EXCLUDE_SECOND_EXPOSURE,B suffix linked to same-sheet initial ID; do not count as independent
Matusu2026_71_52,10.1016/j.rineng.2026.112570,c6c2df499bc323928d55f08109f45678,71,13,52,52,first_reported,,110,26618,FAILURE_CANDIDATE_PROTOCOL_PENDING,CLM2,Eckart_virgin,machined,NoHT,NEW_BATCH_CANDIDATE,Eckart_CLM2,QUARANTINE_PROTOCOL_PENDING,Event inferred from reported cycles and retest pairing; confirm full protocol before use
Matusu2026_72_1,10.1016/j.rineng.2026.112570,c6c2df499bc323928d55f08109f45678,72,2,1,1,first_reported,,80,30367,FAILURE_CANDIDATE_PROTOCOL_PENDING,CLM2,Eckart_virgin,machined,T240,NEW_BATCH_CANDIDATE,Eckart_CLM2,QUARANTINE_PROTOCOL_PENDING,Event inferred from reported cycles and retest pairing; confirm full protocol before use
Matusu2026_72_2,10.1016/j.rineng.2026.112570,c6c2df499bc323928d55f08109f45678,72,3,2,2,first_reported,,90,23362,FAILURE_CANDIDATE_PROTOCOL_PENDING,CLM2,Eckart_virgin,machined,T240,NEW_BATCH_CANDIDATE,Eckart_CLM2,QUARANTINE_PROTOCOL_PENDING,Event inferred from reported cycles and retest pairing; confirm full protocol before use
Matusu2026_72_9,10.1016/j.rineng.2026.112570,c6c2df499bc323928d55f08109f45678,72,4,9,9,first_reported,,70,69858,FAILURE_CANDIDATE_PROTOCOL_PENDING,CLM2,Eckart_virgin,machined,T240,NEW_BATCH_CANDIDATE,Eckart_CLM2,QUARANTINE_PROTOCOL_PENDING,Event inferred from reported cycles and retest pairing; confirm full protocol before use
Matusu2026_72_10,10.1016/j.rineng.2026.112570,c6c2df499bc323928d55f08109f45678,72,5,10,10,first_reported,,60,127401,FAILURE_CANDIDATE_PROTOCOL_PENDING,CLM2,Eckart_virgin,machined,T240,NEW_BATCH_CANDIDATE,Eckart_CLM2,QUARANTINE_PROTOCOL_PENDING,Event inferred from reported cycles and retest pairing; confirm full protocol before use
Matusu2026_72_17,10.1016/j.rineng.2026.112570,c6c2df499bc323928d55f08109f45678,72,6,17,17,first_reported,,50,232004,FAILURE_CANDIDATE_PROTOCOL_PENDING,CLM2,Eckart_virgin,machined,T240,NEW_BATCH_CANDIDATE,Eckart_CLM2,QUARANTINE_PROTOCOL_PENDING,Event inferred from reported cycles and retest pairing; confirm full protocol before use
Matusu2026_72_18,10.1016/j.rineng.2026.112570,c6c2df499bc323928d55f08109f45678,72,7,18,18,first_reported,,40,10000077,RUNOUT_CANDIDATE_PROTOCOL_PENDING,CLM2,Eckart_virgin,machined,T240,NEW_BATCH_CANDIDATE,Eckart_CLM2,QUARANTINE_PROTOCOL_PENDING,Event inferred from reported cycles and retest pairing; confirm full protocol before use
Matusu2026_72_23,10.1016/j.rineng.2026.112570,c6c2df499bc323928d55f08109f45678,72,8,23,23,first_reported,,100,9617,FAILURE_CANDIDATE_PROTOCOL_PENDING,CLM2,Eckart_virgin,machined,T240,NEW_BATCH_CANDIDATE,Eckart_CLM2,QUARANTINE_PROTOCOL_PENDING,Event inferred from reported cycles and retest pairing; confirm full protocol before use
Matusu2026_72_24,10.1016/j.rineng.2026.112570,c6c2df499bc323928d55f08109f45678,72,9,24,24,first_reported,,110,13593,FAILURE_CANDIDATE_PROTOCOL_PENDING,CLM2,Eckart_virgin,machined,T240,NEW_BATCH_CANDIDATE,Eckart_CLM2,QUARANTINE_PROTOCOL_PENDING,Event inferred from reported cycles and retest pairing; confirm full protocol before use
Matusu2026_72_26,10.1016/j.rineng.2026.112570,c6c2df499bc323928d55f08109f45678,72,10,26,26,first_reported,,45,10000069,RUNOUT_CANDIDATE_PROTOCOL_PENDING,CLM2,Eckart_virgin,machined,T240,NEW_BATCH_CANDIDATE,Eckart_CLM2,QUARANTINE_PROTOCOL_PENDING,Event inferred from reported cycles and retest pairing; confirm full protocol before use
Matusu2026_72_26B,10.1016/j.rineng.2026.112570,c6c2df499bc323928d55f08109f45678,72,11,26B,26,later_loading,Matusu2026_72_26,140,5064,POST_RUNOUT_RETEST_FAILURE_CANDIDATE,CLM2,Eckart_virgin,machined,T240,NEW_BATCH_CANDIDATE,Eckart_CLM2,EXCLUDE_SECOND_EXPOSURE,B suffix linked to same-sheet initial ID; do not count as independent
Matusu2026_72_50,10.1016/j.rineng.2026.112570,c6c2df499bc323928d55f08109f45678,72,12,50,50,first_reported,,50,223456,FAILURE_CANDIDATE_PROTOCOL_PENDING,CLM2,Eckart_virgin,machined,T240,NEW_BATCH_CANDIDATE,Eckart_CLM2,QUARANTINE_PROTOCOL_PENDING,Event inferred from reported cycles and retest pairing; confirm full protocol before use
Matusu2026_72_53,10.1016/j.rineng.2026.112570,c6c2df499bc323928d55f08109f45678,72,13,53,53,first_reported,,47.5,10000068,RUNOUT_CANDIDATE_PROTOCOL_PENDING,CLM2,Eckart_virgin,machined,T240,NEW_BATCH_CANDIDATE,Eckart_CLM2,QUARANTINE_PROTOCOL_PENDING,Event inferred from reported cycles and retest pairing; confirm full protocol before use
Matusu2026_72_53B,10.1016/j.rineng.2026.112570,c6c2df499bc323928d55f08109f45678,72,14,53B,53,later_loading,Matusu2026_72_53,100,50627,POST_RUNOUT_RETEST_FAILURE_CANDIDATE,CLM2,Eckart_virgin,machined,T240,NEW_BATCH_CANDIDATE,Eckart_CLM2,EXCLUDE_SECOND_EXPOSURE,B suffix linked to same-sheet initial ID; do not count as independent
Matusu2026_72_18B,10.1016/j.rineng.2026.112570,c6c2df499bc323928d55f08109f45678,72,15,18B,18,later_loading,Matusu2026_72_18,125,12952,POST_RUNOUT_RETEST_FAILURE_CANDIDATE,CLM2,Eckart_virgin,machined,T240,NEW_BATCH_CANDIDATE,Eckart_CLM2,EXCLUDE_SECOND_EXPOSURE,B suffix linked to same-sheet initial ID; do not count as independent
Matusu2026_73_5,10.1016/j.rineng.2026.112570,c6c2df499bc323928d55f08109f45678,73,2,5,5,first_reported,,80,28019,FAILURE_CANDIDATE_PROTOCOL_PENDING,CLM2,Eckart_virgin,machined,T200,NEW_BATCH_CANDIDATE,Eckart_CLM2,QUARANTINE_PROTOCOL_PENDING,Event inferred from reported cycles and retest pairing; confirm full protocol before use
Matusu2026_73_6,10.1016/j.rineng.2026.112570,c6c2df499bc323928d55f08109f45678,73,3,6,6,first_reported,,90,12214,FAILURE_CANDIDATE_PROTOCOL_PENDING,CLM2,Eckart_virgin,machined,T200,NEW_BATCH_CANDIDATE,Eckart_CLM2,QUARANTINE_PROTOCOL_PENDING,Event inferred from reported cycles and retest pairing; confirm full protocol before use
Matusu2026_73_8,10.1016/j.rineng.2026.112570,c6c2df499bc323928d55f08109f45678,73,4,8,8,first_reported,,70,24856,FAILURE_CANDIDATE_PROTOCOL_PENDING,CLM2,Eckart_virgin,machined,T200,NEW_BATCH_CANDIDATE,Eckart_CLM2,QUARANTINE_PROTOCOL_PENDING,Event inferred from reported cycles and retest pairing; confirm full protocol before use
Matusu2026_73_14,10.1016/j.rineng.2026.112570,c6c2df499bc323928d55f08109f45678,73,5,14,14,first_reported,,60,98071,FAILURE_CANDIDATE_PROTOCOL_PENDING,CLM2,Eckart_virgin,machined,T200,NEW_BATCH_CANDIDATE,Eckart_CLM2,QUARANTINE_PROTOCOL_PENDING,Event inferred from reported cycles and retest pairing; confirm full protocol before use
Matusu2026_73_15,10.1016/j.rineng.2026.112570,c6c2df499bc323928d55f08109f45678,73,6,15,15,first_reported,,50,77028,FAILURE_CANDIDATE_PROTOCOL_PENDING,CLM2,Eckart_virgin,machined,T200,NEW_BATCH_CANDIDATE,Eckart_CLM2,QUARANTINE_PROTOCOL_PENDING,Event inferred from reported cycles and retest pairing; confirm full protocol before use
Matusu2026_73_21,10.1016/j.rineng.2026.112570,c6c2df499bc323928d55f08109f45678,73,7,21,21,first_reported,,45,311642,FAILURE_CANDIDATE_PROTOCOL_PENDING,CLM2,Eckart_virgin,machined,T200,NEW_BATCH_CANDIDATE,Eckart_CLM2,QUARANTINE_PROTOCOL_PENDING,Event inferred from reported cycles and retest pairing; confirm full protocol before use
Matusu2026_73_22,10.1016/j.rineng.2026.112570,c6c2df499bc323928d55f08109f45678,73,8,22,22,first_reported,,100,10939,FAILURE_CANDIDATE_PROTOCOL_PENDING,CLM2,Eckart_virgin,machined,T200,NEW_BATCH_CANDIDATE,Eckart_CLM2,QUARANTINE_PROTOCOL_PENDING,Event inferred from reported cycles and retest pairing; confirm full protocol before use
Matusu2026_73_31,10.1016/j.rineng.2026.112570,c6c2df499bc323928d55f08109f45678,73,9,31,31,first_reported,,40,475535,FAILURE_CANDIDATE_PROTOCOL_PENDING,CLM2,Eckart_virgin,machined,T200,NEW_BATCH_CANDIDATE,Eckart_CLM2,QUARANTINE_PROTOCOL_PENDING,Event inferred from reported cycles and retest pairing; confirm full protocol before use
Matusu2026_73_47,10.1016/j.rineng.2026.112570,c6c2df499bc323928d55f08109f45678,73,10,47,47,first_reported,,35,10000071,RUNOUT_CANDIDATE_PROTOCOL_PENDING,CLM2,Eckart_virgin,machined,T200,NEW_BATCH_CANDIDATE,Eckart_CLM2,QUARANTINE_PROTOCOL_PENDING,Event inferred from reported cycles and retest pairing; confirm full protocol before use
Matusu2026_73_49,10.1016/j.rineng.2026.112570,c6c2df499bc323928d55f08109f45678,73,11,49,49,first_reported,,37.5,601563,FAILURE_CANDIDATE_PROTOCOL_PENDING,CLM2,Eckart_virgin,machined,T200,NEW_BATCH_CANDIDATE,Eckart_CLM2,QUARANTINE_PROTOCOL_PENDING,Event inferred from reported cycles and retest pairing; confirm full protocol before use
Matusu2026_73_54,10.1016/j.rineng.2026.112570,c6c2df499bc323928d55f08109f45678,73,12,54,54,first_reported,,35,10000072,RUNOUT_CANDIDATE_PROTOCOL_PENDING,CLM2,Eckart_virgin,machined,T200,NEW_BATCH_CANDIDATE,Eckart_CLM2,QUARANTINE_PROTOCOL_PENDING,Event inferred from reported cycles and retest pairing; confirm full protocol before use
Matusu2026_73_47B,10.1016/j.rineng.2026.112570,c6c2df499bc323928d55f08109f45678,73,13,47B,47,later_loading,Matusu2026_73_47,125,8372,POST_RUNOUT_RETEST_FAILURE_CANDIDATE,CLM2,Eckart_virgin,machined,T200,NEW_BATCH_CANDIDATE,Eckart_CLM2,EXCLUDE_SECOND_EXPOSURE,B suffix linked to same-sheet initial ID; do not count as independent
Matusu2026_73_54B,10.1016/j.rineng.2026.112570,c6c2df499bc323928d55f08109f45678,73,14,54B,54,later_loading,Matusu2026_73_54,110,24586,POST_RUNOUT_RETEST_FAILURE_CANDIDATE,CLM2,Eckart_virgin,machined,T200,NEW_BATCH_CANDIDATE,Eckart_CLM2,EXCLUDE_SECOND_EXPOSURE,B suffix linked to same-sheet initial ID; do not count as independent
Matusu2026_74_7,10.1016/j.rineng.2026.112570,c6c2df499bc323928d55f08109f45678,74,2,7,7,first_reported,,100,6649,FAILURE_CANDIDATE_PROTOCOL_PENDING,CLM2,Eckart_virgin,machined,T300,NEW_BATCH_CANDIDATE,Eckart_CLM2,QUARANTINE_PROTOCOL_PENDING,Event inferred from reported cycles and retest pairing; confirm full protocol before use
Matusu2026_74_13,10.1016/j.rineng.2026.112570,c6c2df499bc323928d55f08109f45678,74,3,13,13,first_reported,,80,55711,FAILURE_CANDIDATE_PROTOCOL_PENDING,CLM2,Eckart_virgin,machined,T300,NEW_BATCH_CANDIDATE,Eckart_CLM2,QUARANTINE_PROTOCOL_PENDING,Event inferred from reported cycles and retest pairing; confirm full protocol before use
Matusu2026_74_20,10.1016/j.rineng.2026.112570,c6c2df499bc323928d55f08109f45678,74,4,20,20,first_reported,,70,91969,FAILURE_CANDIDATE_PROTOCOL_PENDING,CLM2,Eckart_virgin,machined,T300,NEW_BATCH_CANDIDATE,Eckart_CLM2,QUARANTINE_PROTOCOL_PENDING,Event inferred from reported cycles and retest pairing; confirm full protocol before use
Matusu2026_74_25,10.1016/j.rineng.2026.112570,c6c2df499bc323928d55f08109f45678,74,5,25,25,first_reported,,60,140010,FAILURE_CANDIDATE_PROTOCOL_PENDING,CLM2,Eckart_virgin,machined,T300,NEW_BATCH_CANDIDATE,Eckart_CLM2,QUARANTINE_PROTOCOL_PENDING,Event inferred from reported cycles and retest pairing; confirm full protocol before use
Matusu2026_74_38,10.1016/j.rineng.2026.112570,c6c2df499bc323928d55f08109f45678,74,6,38,38,first_reported,,50,272354,FAILURE_CANDIDATE_PROTOCOL_PENDING,CLM2,Eckart_virgin,machined,T300,NEW_BATCH_CANDIDATE,Eckart_CLM2,QUARANTINE_PROTOCOL_PENDING,Event inferred from reported cycles and retest pairing; confirm full protocol before use
Matusu2026_74_39,10.1016/j.rineng.2026.112570,c6c2df499bc323928d55f08109f45678,74,7,39,39,first_reported,,90,59929,FAILURE_CANDIDATE_PROTOCOL_PENDING,CLM2,Eckart_virgin,machined,T300,NEW_BATCH_CANDIDATE,Eckart_CLM2,QUARANTINE_PROTOCOL_PENDING,Event inferred from reported cycles and retest pairing; confirm full protocol before use
Matusu2026_74_40,10.1016/j.rineng.2026.112570,c6c2df499bc323928d55f08109f45678,74,8,40,40,first_reported,,110,10852,FAILURE_CANDIDATE_PROTOCOL_PENDING,CLM2,Eckart_virgin,machined,T300,NEW_BATCH_CANDIDATE,Eckart_CLM2,QUARANTINE_PROTOCOL_PENDING,Event inferred from reported cycles and retest pairing; confirm full protocol before use
Matusu2026_74_41,10.1016/j.rineng.2026.112570,c6c2df499bc323928d55f08109f45678,74,9,41,41,first_reported,,125,9266,FAILURE_CANDIDATE_PROTOCOL_PENDING,CLM2,Eckart_virgin,machined,T300,NEW_BATCH_CANDIDATE,Eckart_CLM2,QUARANTINE_PROTOCOL_PENDING,Event inferred from reported cycles and retest pairing; confirm full protocol before use
Matusu2026_74_48,10.1016/j.rineng.2026.112570,c6c2df499bc323928d55f08109f45678,74,10,48,48,first_reported,,40,775016,FAILURE_CANDIDATE_PROTOCOL_PENDING,CLM2,Eckart_virgin,machined,T300,NEW_BATCH_CANDIDATE,Eckart_CLM2,QUARANTINE_PROTOCOL_PENDING,Event inferred from reported cycles and retest pairing; confirm full protocol before use
Matusu2026_74_55,10.1016/j.rineng.2026.112570,c6c2df499bc323928d55f08109f45678,74,11,55,55,first_reported,,30,10000079,RUNOUT_CANDIDATE_PROTOCOL_PENDING,CLM2,Eckart_virgin,machined,T300,NEW_BATCH_CANDIDATE,Eckart_CLM2,QUARANTINE_PROTOCOL_PENDING,Event inferred from reported cycles and retest pairing; confirm full protocol before use
Matusu2026_74_55B,10.1016/j.rineng.2026.112570,c6c2df499bc323928d55f08109f45678,74,12,55B,55,later_loading,Matusu2026_74_55,140,6684,POST_RUNOUT_RETEST_FAILURE_CANDIDATE,CLM2,Eckart_virgin,machined,T300,NEW_BATCH_CANDIDATE,Eckart_CLM2,EXCLUDE_SECOND_EXPOSURE,B suffix linked to same-sheet initial ID; do not count as independent
Matusu2026_74_56,10.1016/j.rineng.2026.112570,c6c2df499bc323928d55f08109f45678,74,13,56,56,first_reported,,35,10000000,RUNOUT_CANDIDATE_PROTOCOL_PENDING,CLM2,Eckart_virgin,machined,T300,NEW_BATCH_CANDIDATE,Eckart_CLM2,QUARANTINE_PROTOCOL_PENDING,Event inferred from reported cycles and retest pairing; confirm full protocol before use
Matusu2026_74_56B,10.1016/j.rineng.2026.112570,c6c2df499bc323928d55f08109f45678,74,14,56B,56,later_loading,Matusu2026_74_56,100,63427,POST_RUNOUT_RETEST_FAILURE_CANDIDATE,CLM2,Eckart_virgin,machined,T300,NEW_BATCH_CANDIDATE,Eckart_CLM2,EXCLUDE_SECOND_EXPOSURE,B suffix linked to same-sheet initial ID; do not count as independent
Matusu2026_91_1,10.1016/j.rineng.2026.112570,c6c2df499bc323928d55f08109f45678,91,2,1,1,first_reported,,55,1208680,FAILURE_CANDIDATE_PROTOCOL_PENDING,CLM2,GE_virgin,as_built,NoHT,NEW_BATCH_CANDIDATE,GE_virgin_CLM2,QUARANTINE_PROTOCOL_PENDING,Event inferred from reported cycles and retest pairing; confirm full protocol before use
Matusu2026_91_3,10.1016/j.rineng.2026.112570,c6c2df499bc323928d55f08109f45678,91,3,3,3,first_reported,,130,11805,FAILURE_CANDIDATE_PROTOCOL_PENDING,CLM2,GE_virgin,as_built,NoHT,NEW_BATCH_CANDIDATE,GE_virgin_CLM2,QUARANTINE_PROTOCOL_PENDING,Event inferred from reported cycles and retest pairing; confirm full protocol before use
Matusu2026_91_5,10.1016/j.rineng.2026.112570,c6c2df499bc323928d55f08109f45678,91,4,5,5,first_reported,,45,10000064,RUNOUT_CANDIDATE_PROTOCOL_PENDING,CLM2,GE_virgin,as_built,NoHT,NEW_BATCH_CANDIDATE,GE_virgin_CLM2,QUARANTINE_PROTOCOL_PENDING,Event inferred from reported cycles and retest pairing; confirm full protocol before use
Matusu2026_91_5B,10.1016/j.rineng.2026.112570,c6c2df499bc323928d55f08109f45678,91,5,5B,5,later_loading,Matusu2026_91_5,150,6066,POST_RUNOUT_RETEST_FAILURE_CANDIDATE,CLM2,GE_virgin,as_built,NoHT,NEW_BATCH_CANDIDATE,GE_virgin_CLM2,EXCLUDE_SECOND_EXPOSURE,B suffix linked to same-sheet initial ID; do not count as independent
Matusu2026_91_9,10.1016/j.rineng.2026.112570,c6c2df499bc323928d55f08109f45678,91,6,9,9,first_reported,,120,18444,FAILURE_CANDIDATE_PROTOCOL_PENDING,CLM2,GE_virgin,as_built,NoHT,NEW_BATCH_CANDIDATE,GE_virgin_CLM2,QUARANTINE_PROTOCOL_PENDING,Event inferred from reported cycles and retest pairing; confirm full protocol before use
Matusu2026_91_11,10.1016/j.rineng.2026.112570,c6c2df499bc323928d55f08109f45678,91,7,11,11,first_reported,,40,6135320,FAILURE_CANDIDATE_PROTOCOL_PENDING,CLM2,GE_virgin,as_built,NoHT,NEW_BATCH_CANDIDATE,GE_virgin_CLM2,QUARANTINE_PROTOCOL_PENDING,Event inferred from reported cycles and retest pairing; confirm full protocol before use
Matusu2026_91_13,10.1016/j.rineng.2026.112570,c6c2df499bc323928d55f08109f45678,91,8,13,13,first_reported,,60,581183,FAILURE_CANDIDATE_PROTOCOL_PENDING,CLM2,GE_virgin,as_built,NoHT,NEW_BATCH_CANDIDATE,GE_virgin_CLM2,QUARANTINE_PROTOCOL_PENDING,Event inferred from reported cycles and retest pairing; confirm full protocol before use
Matusu2026_91_18,10.1016/j.rineng.2026.112570,c6c2df499bc323928d55f08109f45678,91,9,18,18,first_reported,,90,59130,FAILURE_CANDIDATE_PROTOCOL_PENDING,CLM2,GE_virgin,as_built,NoHT,NEW_BATCH_CANDIDATE,GE_virgin_CLM2,QUARANTINE_PROTOCOL_PENDING,Event inferred from reported cycles and retest pairing; confirm full protocol before use
Matusu2026_91_19,10.1016/j.rineng.2026.112570,c6c2df499bc323928d55f08109f45678,91,10,19,19,first_reported,,100,49877,FAILURE_CANDIDATE_PROTOCOL_PENDING,CLM2,GE_virgin,as_built,NoHT,NEW_BATCH_CANDIDATE,GE_virgin_CLM2,QUARANTINE_PROTOCOL_PENDING,Event inferred from reported cycles and retest pairing; confirm full protocol before use
Matusu2026_91_20,10.1016/j.rineng.2026.112570,c6c2df499bc323928d55f08109f45678,91,11,20,20,first_reported,,110,25541,FAILURE_CANDIDATE_PROTOCOL_PENDING,CLM2,GE_virgin,as_built,NoHT,NEW_BATCH_CANDIDATE,GE_virgin_CLM2,QUARANTINE_PROTOCOL_PENDING,Event inferred from reported cycles and retest pairing; confirm full protocol before use
Matusu2026_91_21,10.1016/j.rineng.2026.112570,c6c2df499bc323928d55f08109f45678,91,12,21,21,first_reported,,50,10000076,RUNOUT_CANDIDATE_PROTOCOL_PENDING,CLM2,GE_virgin,as_built,NoHT,NEW_BATCH_CANDIDATE,GE_virgin_CLM2,QUARANTINE_PROTOCOL_PENDING,Event inferred from reported cycles and retest pairing; confirm full protocol before use
Matusu2026_91_21B,10.1016/j.rineng.2026.112570,c6c2df499bc323928d55f08109f45678,91,13,21B,21,later_loading,Matusu2026_91_21,90,69476,POST_RUNOUT_RETEST_FAILURE_CANDIDATE,CLM2,GE_virgin,as_built,NoHT,NEW_BATCH_CANDIDATE,GE_virgin_CLM2,EXCLUDE_SECOND_EXPOSURE,B suffix linked to same-sheet initial ID; do not count as independent
Matusu2026_91_27,10.1016/j.rineng.2026.112570,c6c2df499bc323928d55f08109f45678,91,14,27,27,first_reported,,140,10328,FAILURE_CANDIDATE_PROTOCOL_PENDING,CLM2,GE_virgin,as_built,NoHT,NEW_BATCH_CANDIDATE,GE_virgin_CLM2,QUARANTINE_PROTOCOL_PENDING,Event inferred from reported cycles and retest pairing; confirm full protocol before use
Matusu2026_91_30,10.1016/j.rineng.2026.112570,c6c2df499bc323928d55f08109f45678,91,15,30,30,first_reported,,70,204372,FAILURE_CANDIDATE_PROTOCOL_PENDING,CLM2,GE_virgin,as_built,NoHT,NEW_BATCH_CANDIDATE,GE_virgin_CLM2,QUARANTINE_PROTOCOL_PENDING,Event inferred from reported cycles and retest pairing; confirm full protocol before use
Matusu2026_91_33,10.1016/j.rineng.2026.112570,c6c2df499bc323928d55f08109f45678,91,16,33,33,first_reported,,80,66568,FAILURE_CANDIDATE_PROTOCOL_PENDING,CLM2,GE_virgin,as_built,NoHT,NEW_BATCH_CANDIDATE,GE_virgin_CLM2,QUARANTINE_PROTOCOL_PENDING,Event inferred from reported cycles and retest pairing; confirm full protocol before use
Matusu2026_91_34,10.1016/j.rineng.2026.112570,c6c2df499bc323928d55f08109f45678,91,17,34,34,first_reported,,140,9169,FAILURE_CANDIDATE_PROTOCOL_PENDING,CLM2,GE_virgin,as_built,NoHT,NEW_BATCH_CANDIDATE,GE_virgin_CLM2,QUARANTINE_PROTOCOL_PENDING,Event inferred from reported cycles and retest pairing; confirm full protocol before use
Matusu2026_91_36,10.1016/j.rineng.2026.112570,c6c2df499bc323928d55f08109f45678,91,18,36,36,first_reported,,50,272475,FAILURE_CANDIDATE_PROTOCOL_PENDING,CLM2,GE_virgin,as_built,NoHT,NEW_BATCH_CANDIDATE,GE_virgin_CLM2,QUARANTINE_PROTOCOL_PENDING,Event inferred from reported cycles and retest pairing; confirm full protocol before use
Matusu2026_92_2,10.1016/j.rineng.2026.112570,c6c2df499bc323928d55f08109f45678,92,2,2,2,first_reported,,90,70339,FAILURE_CANDIDATE_PROTOCOL_PENDING,CLM2,GE_virgin,as_built,T240,NEW_BATCH_CANDIDATE,GE_virgin_CLM2,QUARANTINE_PROTOCOL_PENDING,Event inferred from reported cycles and retest pairing; confirm full protocol before use
Matusu2026_92_4,10.1016/j.rineng.2026.112570,c6c2df499bc323928d55f08109f45678,92,3,4,4,first_reported,,70,187661,FAILURE_CANDIDATE_PROTOCOL_PENDING,CLM2,GE_virgin,as_built,T240,NEW_BATCH_CANDIDATE,GE_virgin_CLM2,QUARANTINE_PROTOCOL_PENDING,Event inferred from reported cycles and retest pairing; confirm full protocol before use
Matusu2026_92_7,10.1016/j.rineng.2026.112570,c6c2df499bc323928d55f08109f45678,92,4,7,7,first_reported,,150,4795,FAILURE_CANDIDATE_PROTOCOL_PENDING,CLM2,GE_virgin,as_built,T240,NEW_BATCH_CANDIDATE,GE_virgin_CLM2,QUARANTINE_PROTOCOL_PENDING,Event inferred from reported cycles and retest pairing; confirm full protocol before use
Matusu2026_92_8,10.1016/j.rineng.2026.112570,c6c2df499bc323928d55f08109f45678,92,5,8,8,first_reported,,130,14069,FAILURE_CANDIDATE_PROTOCOL_PENDING,CLM2,GE_virgin,as_built,T240,NEW_BATCH_CANDIDATE,GE_virgin_CLM2,QUARANTINE_PROTOCOL_PENDING,Event inferred from reported cycles and retest pairing; confirm full protocol before use
Matusu2026_92_14,10.1016/j.rineng.2026.112570,c6c2df499bc323928d55f08109f45678,92,6,14,14,first_reported,,80,84752,FAILURE_CANDIDATE_PROTOCOL_PENDING,CLM2,GE_virgin,as_built,T240,NEW_BATCH_CANDIDATE,GE_virgin_CLM2,QUARANTINE_PROTOCOL_PENDING,Event inferred from reported cycles and retest pairing; confirm full protocol before use
Matusu2026_92_15,10.1016/j.rineng.2026.112570,c6c2df499bc323928d55f08109f45678,92,7,15,15,first_reported,,100,39384,FAILURE_CANDIDATE_PROTOCOL_PENDING,CLM2,GE_virgin,as_built,T240,NEW_BATCH_CANDIDATE,GE_virgin_CLM2,QUARANTINE_PROTOCOL_PENDING,Event inferred from reported cycles and retest pairing; confirm full protocol before use
Matusu2026_92_16,10.1016/j.rineng.2026.112570,c6c2df499bc323928d55f08109f45678,92,8,16,16,first_reported,,120,25875,FAILURE_CANDIDATE_PROTOCOL_PENDING,CLM2,GE_virgin,as_built,T240,NEW_BATCH_CANDIDATE,GE_virgin_CLM2,QUARANTINE_PROTOCOL_PENDING,Event inferred from reported cycles and retest pairing; confirm full protocol before use
Matusu2026_92_17,10.1016/j.rineng.2026.112570,c6c2df499bc323928d55f08109f45678,92,9,17,17,first_reported,,50,10000079,RUNOUT_CANDIDATE_PROTOCOL_PENDING,CLM2,GE_virgin,as_built,T240,NEW_BATCH_CANDIDATE,GE_virgin_CLM2,QUARANTINE_PROTOCOL_PENDING,Event inferred from reported cycles and retest pairing; confirm full protocol before use
Matusu2026_92_17B,10.1016/j.rineng.2026.112570,c6c2df499bc323928d55f08109f45678,92,10,17B,17,later_loading,Matusu2026_92_17,90,73188,POST_RUNOUT_RETEST_FAILURE_CANDIDATE,CLM2,GE_virgin,as_built,T240,NEW_BATCH_CANDIDATE,GE_virgin_CLM2,EXCLUDE_SECOND_EXPOSURE,B suffix linked to same-sheet initial ID; do not count as independent
Matusu2026_92_23,10.1016/j.rineng.2026.112570,c6c2df499bc323928d55f08109f45678,92,11,23,23,first_reported,,70,144365,FAILURE_CANDIDATE_PROTOCOL_PENDING,CLM2,GE_virgin,as_built,T240,NEW_BATCH_CANDIDATE,GE_virgin_CLM2,QUARANTINE_PROTOCOL_PENDING,Event inferred from reported cycles and retest pairing; confirm full protocol before use
Matusu2026_92_26,10.1016/j.rineng.2026.112570,c6c2df499bc323928d55f08109f45678,92,12,26,26,first_reported,,140,8111,FAILURE_CANDIDATE_PROTOCOL_PENDING,CLM2,GE_virgin,as_built,T240,NEW_BATCH_CANDIDATE,GE_virgin_CLM2,QUARANTINE_PROTOCOL_PENDING,Event inferred from reported cycles and retest pairing; confirm full protocol before use
Matusu2026_92_28,10.1016/j.rineng.2026.112570,c6c2df499bc323928d55f08109f45678,92,13,28,28,first_reported,,160,3132,FAILURE_CANDIDATE_PROTOCOL_PENDING,CLM2,GE_virgin,as_built,T240,NEW_BATCH_CANDIDATE,GE_virgin_CLM2,QUARANTINE_PROTOCOL_PENDING,Event inferred from reported cycles and retest pairing; confirm full protocol before use
Matusu2026_92_29,10.1016/j.rineng.2026.112570,c6c2df499bc323928d55f08109f45678,92,14,29,29,first_reported,,55,1628877,FAILURE_CANDIDATE_PROTOCOL_PENDING,CLM2,GE_virgin,as_built,T240,NEW_BATCH_CANDIDATE,GE_virgin_CLM2,QUARANTINE_PROTOCOL_PENDING,Event inferred from reported cycles and retest pairing; confirm full protocol before use
Matusu2026_92_31,10.1016/j.rineng.2026.112570,c6c2df499bc323928d55f08109f45678,92,15,31,31,first_reported,,60,747645,FAILURE_CANDIDATE_PROTOCOL_PENDING,CLM2,GE_virgin,as_built,T240,NEW_BATCH_CANDIDATE,GE_virgin_CLM2,QUARANTINE_PROTOCOL_PENDING,Event inferred from reported cycles and retest pairing; confirm full protocol before use
Matusu2026_92_35,10.1016/j.rineng.2026.112570,c6c2df499bc323928d55f08109f45678,92,16,35,35,first_reported,,110,33032,FAILURE_CANDIDATE_PROTOCOL_PENDING,CLM2,GE_virgin,as_built,T240,NEW_BATCH_CANDIDATE,GE_virgin_CLM2,QUARANTINE_PROTOCOL_PENDING,Event inferred from reported cycles and retest pairing; confirm full protocol before use
Matusu2026_92_XX,10.1016/j.rineng.2026.112570,c6c2df499bc323928d55f08109f45678,92,17,XX,XX,first_reported,,55,10000078,RUNOUT_CANDIDATE_PROTOCOL_PENDING,CLM2,GE_virgin,as_built,T240,NEW_BATCH_CANDIDATE,GE_virgin_CLM2,QUARANTINE_UNKNOWN_SPECIMEN_ID,Anonymous ID; distinctness across sheet unconfirmed
Matusu2026_92_XXb,10.1016/j.rineng.2026.112570,c6c2df499bc323928d55f08109f45678,92,18,XXb,XX,later_loading,Matusu2026_92_XX,160,2960,POST_RUNOUT_RETEST_FAILURE_CANDIDATE,CLM2,GE_virgin,as_built,T240,NEW_BATCH_CANDIDATE,GE_virgin_CLM2,EXCLUDE_SECOND_EXPOSURE,B suffix linked to same-sheet initial ID; do not count as independent
Matusu2026_93_2,10.1016/j.rineng.2026.112570,c6c2df499bc323928d55f08109f45678,93,2,2,2,first_reported,,130,13619,FAILURE_CANDIDATE_PROTOCOL_PENDING,CLM2,GE_virgin,as_built,T200,NEW_BATCH_CANDIDATE,GE_virgin_CLM2,QUARANTINE_PROTOCOL_PENDING,Event inferred from reported cycles and retest pairing; confirm full protocol before use
Matusu2026_93_4,10.1016/j.rineng.2026.112570,c6c2df499bc323928d55f08109f45678,93,3,4,4,first_reported,,75,163661,FAILURE_CANDIDATE_PROTOCOL_PENDING,CLM2,GE_virgin,as_built,T200,NEW_BATCH_CANDIDATE,GE_virgin_CLM2,QUARANTINE_PROTOCOL_PENDING,Event inferred from reported cycles and retest pairing; confirm full protocol before use
Matusu2026_93_7,10.1016/j.rineng.2026.112570,c6c2df499bc323928d55f08109f45678,93,4,7,7,first_reported,,90,82705,FAILURE_CANDIDATE_PROTOCOL_PENDING,CLM2,GE_virgin,as_built,T200,NEW_BATCH_CANDIDATE,GE_virgin_CLM2,QUARANTINE_PROTOCOL_PENDING,Event inferred from reported cycles and retest pairing; confirm full protocol before use
Matusu2026_93_8,10.1016/j.rineng.2026.112570,c6c2df499bc323928d55f08109f45678,93,5,8,8,first_reported,,130,16306,FAILURE_CANDIDATE_PROTOCOL_PENDING,CLM2,GE_virgin,as_built,T200,NEW_BATCH_CANDIDATE,GE_virgin_CLM2,QUARANTINE_PROTOCOL_PENDING,Event inferred from reported cycles and retest pairing; confirm full protocol before use
Matusu2026_93_14,10.1016/j.rineng.2026.112570,c6c2df499bc323928d55f08109f45678,93,6,14,14,first_reported,,80,138103,FAILURE_CANDIDATE_PROTOCOL_PENDING,CLM2,GE_virgin,as_built,T200,NEW_BATCH_CANDIDATE,GE_virgin_CLM2,QUARANTINE_PROTOCOL_PENDING,Event inferred from reported cycles and retest pairing; confirm full protocol before use
Matusu2026_93_15,10.1016/j.rineng.2026.112570,c6c2df499bc323928d55f08109f45678,93,7,15,15,first_reported,,100,54881,FAILURE_CANDIDATE_PROTOCOL_PENDING,CLM2,GE_virgin,as_built,T200,NEW_BATCH_CANDIDATE,GE_virgin_CLM2,QUARANTINE_PROTOCOL_PENDING,Event inferred from reported cycles and retest pairing; confirm full protocol before use
Matusu2026_93_16,10.1016/j.rineng.2026.112570,c6c2df499bc323928d55f08109f45678,93,8,16,16,first_reported,,120,18085,FAILURE_CANDIDATE_PROTOCOL_PENDING,CLM2,GE_virgin,as_built,T200,NEW_BATCH_CANDIDATE,GE_virgin_CLM2,QUARANTINE_PROTOCOL_PENDING,Event inferred from reported cycles and retest pairing; confirm full protocol before use
Matusu2026_93_17,10.1016/j.rineng.2026.112570,c6c2df499bc323928d55f08109f45678,93,9,17,17,first_reported,,70,230499,FAILURE_CANDIDATE_PROTOCOL_PENDING,CLM2,GE_virgin,as_built,T200,NEW_BATCH_CANDIDATE,GE_virgin_CLM2,QUARANTINE_PROTOCOL_PENDING,Event inferred from reported cycles and retest pairing; confirm full protocol before use
Matusu2026_93_22,10.1016/j.rineng.2026.112570,c6c2df499bc323928d55f08109f45678,93,10,22,22,first_reported,,120,19830,FAILURE_CANDIDATE_PROTOCOL_PENDING,CLM2,GE_virgin,as_built,T200,NEW_BATCH_CANDIDATE,GE_virgin_CLM2,QUARANTINE_PROTOCOL_PENDING,Event inferred from reported cycles and retest pairing; confirm full protocol before use
Matusu2026_93_23,10.1016/j.rineng.2026.112570,c6c2df499bc323928d55f08109f45678,93,11,23,23,first_reported,,140,11180,FAILURE_CANDIDATE_PROTOCOL_PENDING,CLM2,GE_virgin,as_built,T200,NEW_BATCH_CANDIDATE,GE_virgin_CLM2,QUARANTINE_PROTOCOL_PENDING,Event inferred from reported cycles and retest pairing; confirm full protocol before use
Matusu2026_93_26,10.1016/j.rineng.2026.112570,c6c2df499bc323928d55f08109f45678,93,12,26,26,first_reported,,70,849355,FAILURE_CANDIDATE_PROTOCOL_PENDING,CLM2,GE_virgin,as_built,T200,NEW_BATCH_CANDIDATE,GE_virgin_CLM2,QUARANTINE_PROTOCOL_PENDING,Event inferred from reported cycles and retest pairing; confirm full protocol before use
Matusu2026_93_28,10.1016/j.rineng.2026.112570,c6c2df499bc323928d55f08109f45678,93,13,28,28,first_reported,,140,10482,FAILURE_CANDIDATE_PROTOCOL_PENDING,CLM2,GE_virgin,as_built,T200,NEW_BATCH_CANDIDATE,GE_virgin_CLM2,QUARANTINE_PROTOCOL_PENDING,Event inferred from reported cycles and retest pairing; confirm full protocol before use
Matusu2026_93_29,10.1016/j.rineng.2026.112570,c6c2df499bc323928d55f08109f45678,93,14,29,29,first_reported,,65,1758995,FAILURE_CANDIDATE_PROTOCOL_PENDING,CLM2,GE_virgin,as_built,T200,NEW_BATCH_CANDIDATE,GE_virgin_CLM2,QUARANTINE_PROTOCOL_PENDING,Event inferred from reported cycles and retest pairing; confirm full protocol before use
Matusu2026_93_31,10.1016/j.rineng.2026.112570,c6c2df499bc323928d55f08109f45678,93,15,31,31,first_reported,,110,18133,FAILURE_CANDIDATE_PROTOCOL_PENDING,CLM2,GE_virgin,as_built,T200,NEW_BATCH_CANDIDATE,GE_virgin_CLM2,QUARANTINE_PROTOCOL_PENDING,Event inferred from reported cycles and retest pairing; confirm full protocol before use
Matusu2026_93_35,10.1016/j.rineng.2026.112570,c6c2df499bc323928d55f08109f45678,93,16,35,35,first_reported,,60,10000075,RUNOUT_CANDIDATE_PROTOCOL_PENDING,CLM2,GE_virgin,as_built,T200,NEW_BATCH_CANDIDATE,GE_virgin_CLM2,QUARANTINE_PROTOCOL_PENDING,Event inferred from reported cycles and retest pairing; confirm full protocol before use
Matusu2026_93_35B,10.1016/j.rineng.2026.112570,c6c2df499bc323928d55f08109f45678,93,17,35B,35,later_loading,Matusu2026_93_35,110,33060,POST_RUNOUT_RETEST_FAILURE_CANDIDATE,CLM2,GE_virgin,as_built,T200,NEW_BATCH_CANDIDATE,GE_virgin_CLM2,EXCLUDE_SECOND_EXPOSURE,B suffix linked to same-sheet initial ID; do not count as independent
Matusu2026_94_1,10.1016/j.rineng.2026.112570,c6c2df499bc323928d55f08109f45678,94,2,1,1,first_reported,,140,5994,FAILURE_CANDIDATE_PROTOCOL_PENDING,CLM2,GE_virgin,as_built,T300,NEW_BATCH_CANDIDATE,GE_virgin_CLM2,QUARANTINE_PROTOCOL_PENDING,Event inferred from reported cycles and retest pairing; confirm full protocol before use
Matusu2026_94_3,10.1016/j.rineng.2026.112570,c6c2df499bc323928d55f08109f45678,94,3,3,3,first_reported,,75,289951,FAILURE_CANDIDATE_PROTOCOL_PENDING,CLM2,GE_virgin,as_built,T300,NEW_BATCH_CANDIDATE,GE_virgin_CLM2,QUARANTINE_PROTOCOL_PENDING,Event inferred from reported cycles and retest pairing; confirm full protocol before use
Matusu2026_94_5,10.1016/j.rineng.2026.112570,c6c2df499bc323928d55f08109f45678,94,4,5,5,first_reported,,85,173884,FAILURE_CANDIDATE_PROTOCOL_PENDING,CLM2,GE_virgin,as_built,T300,NEW_BATCH_CANDIDATE,GE_virgin_CLM2,QUARANTINE_PROTOCOL_PENDING,Event inferred from reported cycles and retest pairing; confirm full protocol before use
Matusu2026_94_9,10.1016/j.rineng.2026.112570,c6c2df499bc323928d55f08109f45678,94,5,9,9,first_reported,,125,23232,FAILURE_CANDIDATE_PROTOCOL_PENDING,CLM2,GE_virgin,as_built,T300,NEW_BATCH_CANDIDATE,GE_virgin_CLM2,QUARANTINE_PROTOCOL_PENDING,Event inferred from reported cycles and retest pairing; confirm full protocol before use
Matusu2026_94_11,10.1016/j.rineng.2026.112570,c6c2df499bc323928d55f08109f45678,94,6,11,11,first_reported,,85,108037,FAILURE_CANDIDATE_PROTOCOL_PENDING,CLM2,GE_virgin,as_built,T300,NEW_BATCH_CANDIDATE,GE_virgin_CLM2,QUARANTINE_PROTOCOL_PENDING,Event inferred from reported cycles and retest pairing; confirm full protocol before use
Matusu2026_94_13,10.1016/j.rineng.2026.112570,c6c2df499bc323928d55f08109f45678,94,7,13,13,first_reported,,90,72582,FAILURE_CANDIDATE_PROTOCOL_PENDING,CLM2,GE_virgin,as_built,T300,NEW_BATCH_CANDIDATE,GE_virgin_CLM2,QUARANTINE_PROTOCOL_PENDING,Event inferred from reported cycles and retest pairing; confirm full protocol before use
Matusu2026_94_18,10.1016/j.rineng.2026.112570,c6c2df499bc323928d55f08109f45678,94,8,18,18,first_reported,,140,8003,FAILURE_CANDIDATE_PROTOCOL_PENDING,CLM2,GE_virgin,as_built,T300,NEW_BATCH_CANDIDATE,GE_virgin_CLM2,QUARANTINE_PROTOCOL_PENDING,Event inferred from reported cycles and retest pairing; confirm full protocol before use
Matusu2026_94_19,10.1016/j.rineng.2026.112570,c6c2df499bc323928d55f08109f45678,94,9,19,19,first_reported,,90,130922,FAILURE_CANDIDATE_PROTOCOL_PENDING,CLM2,GE_virgin,as_built,T300,NEW_BATCH_CANDIDATE,GE_virgin_CLM2,QUARANTINE_PROTOCOL_PENDING,Event inferred from reported cycles and retest pairing; confirm full protocol before use
Matusu2026_94_20,10.1016/j.rineng.2026.112570,c6c2df499bc323928d55f08109f45678,94,10,20,20,first_reported,,70,10000065,RUNOUT_CANDIDATE_PROTOCOL_PENDING,CLM2,GE_virgin,as_built,T300,NEW_BATCH_CANDIDATE,GE_virgin_CLM2,QUARANTINE_PROTOCOL_PENDING,Event inferred from reported cycles and retest pairing; confirm full protocol before use
Matusu2026_94_20B,10.1016/j.rineng.2026.112570,c6c2df499bc323928d55f08109f45678,94,11,20B,20,later_loading,Matusu2026_94_20,140,7520,POST_RUNOUT_RETEST_FAILURE_CANDIDATE,CLM2,GE_virgin,as_built,T300,NEW_BATCH_CANDIDATE,GE_virgin_CLM2,EXCLUDE_SECOND_EXPOSURE,B suffix linked to same-sheet initial ID; do not count as independent
Matusu2026_94_21,10.1016/j.rineng.2026.112570,c6c2df499bc323928d55f08109f45678,94,12,21,21,first_reported,,110,51941,FAILURE_CANDIDATE_PROTOCOL_PENDING,CLM2,GE_virgin,as_built,T300,NEW_BATCH_CANDIDATE,GE_virgin_CLM2,QUARANTINE_PROTOCOL_PENDING,Event inferred from reported cycles and retest pairing; confirm full protocol before use
Matusu2026_94_27,10.1016/j.rineng.2026.112570,c6c2df499bc323928d55f08109f45678,94,13,27,27,first_reported,,100,76522,FAILURE_CANDIDATE_PROTOCOL_PENDING,CLM2,GE_virgin,as_built,T300,NEW_BATCH_CANDIDATE,GE_virgin_CLM2,QUARANTINE_PROTOCOL_PENDING,Event inferred from reported cycles and retest pairing; confirm full protocol before use
Matusu2026_94_30,10.1016/j.rineng.2026.112570,c6c2df499bc323928d55f08109f45678,94,14,30,30,first_reported,,75,2478338,FAILURE_CANDIDATE_PROTOCOL_PENDING,CLM2,GE_virgin,as_built,T300,NEW_BATCH_CANDIDATE,GE_virgin_CLM2,QUARANTINE_PROTOCOL_PENDING,Event inferred from reported cycles and retest pairing; confirm full protocol before use
Matusu2026_94_33,10.1016/j.rineng.2026.112570,c6c2df499bc323928d55f08109f45678,94,15,33,33,first_reported,,70,4924921,FAILURE_CANDIDATE_PROTOCOL_PENDING,CLM2,GE_virgin,as_built,T300,NEW_BATCH_CANDIDATE,GE_virgin_CLM2,QUARANTINE_PROTOCOL_PENDING,Event inferred from reported cycles and retest pairing; confirm full protocol before use
Matusu2026_94_34,10.1016/j.rineng.2026.112570,c6c2df499bc323928d55f08109f45678,94,16,34,34,first_reported,,80,126536,FAILURE_CANDIDATE_PROTOCOL_PENDING,CLM2,GE_virgin,as_built,T300,NEW_BATCH_CANDIDATE,GE_virgin_CLM2,QUARANTINE_PROTOCOL_PENDING,Event inferred from reported cycles and retest pairing; confirm full protocol before use
Matusu2026_94_36,10.1016/j.rineng.2026.112570,c6c2df499bc323928d55f08109f45678,94,17,36,36,first_reported,,125,19689,FAILURE_CANDIDATE_PROTOCOL_PENDING,CLM2,GE_virgin,as_built,T300,NEW_BATCH_CANDIDATE,GE_virgin_CLM2,QUARANTINE_PROTOCOL_PENDING,Event inferred from reported cycles and retest pairing; confirm full protocol before use
Matusu2026_C01_1,10.1016/j.rineng.2026.112570,c6c2df499bc323928d55f08109f45678,C01,2,1,1,first_reported,,60,219378,FAILURE_CANDIDATE_PROTOCOL_PENDING,Aconity_TWO,Nikon_SLM_virgin,as_built,NoHT,NEW_BATCH_CANDIDATE,Aconity_TWO,QUARANTINE_PROTOCOL_PENDING,Event inferred from reported cycles and retest pairing; confirm full protocol before use
Matusu2026_C01_2,10.1016/j.rineng.2026.112570,c6c2df499bc323928d55f08109f45678,C01,3,2,2,first_reported,,50,454033,FAILURE_CANDIDATE_PROTOCOL_PENDING,Aconity_TWO,Nikon_SLM_virgin,as_built,NoHT,NEW_BATCH_CANDIDATE,Aconity_TWO,QUARANTINE_PROTOCOL_PENDING,Event inferred from reported cycles and retest pairing; confirm full protocol before use
Matusu2026_C01_3,10.1016/j.rineng.2026.112570,c6c2df499bc323928d55f08109f45678,C01,4,3,3,first_reported,,70,79964,FAILURE_CANDIDATE_PROTOCOL_PENDING,Aconity_TWO,Nikon_SLM_virgin,as_built,NoHT,NEW_BATCH_CANDIDATE,Aconity_TWO,QUARANTINE_PROTOCOL_PENDING,Event inferred from reported cycles and retest pairing; confirm full protocol before use
Matusu2026_C01_4,10.1016/j.rineng.2026.112570,c6c2df499bc323928d55f08109f45678,C01,5,4,4,first_reported,,90,27158,FAILURE_CANDIDATE_PROTOCOL_PENDING,Aconity_TWO,Nikon_SLM_virgin,as_built,NoHT,NEW_BATCH_CANDIDATE,Aconity_TWO,QUARANTINE_PROTOCOL_PENDING,Event inferred from reported cycles and retest pairing; confirm full protocol before use
Matusu2026_C01_5,10.1016/j.rineng.2026.112570,c6c2df499bc323928d55f08109f45678,C01,6,5,5,first_reported,,110,3937,FAILURE_CANDIDATE_PROTOCOL_PENDING,Aconity_TWO,Nikon_SLM_virgin,as_built,NoHT,NEW_BATCH_CANDIDATE,Aconity_TWO,QUARANTINE_PROTOCOL_PENDING,Event inferred from reported cycles and retest pairing; confirm full protocol before use
Matusu2026_C01_6,10.1016/j.rineng.2026.112570,c6c2df499bc323928d55f08109f45678,C01,7,6,6,first_reported,,45,872856,FAILURE_CANDIDATE_PROTOCOL_PENDING,Aconity_TWO,Nikon_SLM_virgin,as_built,NoHT,NEW_BATCH_CANDIDATE,Aconity_TWO,QUARANTINE_PROTOCOL_PENDING,Event inferred from reported cycles and retest pairing; confirm full protocol before use
Matusu2026_C01_7,10.1016/j.rineng.2026.112570,c6c2df499bc323928d55f08109f45678,C01,8,7,7,first_reported,,40,10000000,RUNOUT_CANDIDATE_PROTOCOL_PENDING,Aconity_TWO,Nikon_SLM_virgin,as_built,NoHT,NEW_BATCH_CANDIDATE,Aconity_TWO,QUARANTINE_PROTOCOL_PENDING,Event inferred from reported cycles and retest pairing; confirm full protocol before use
Matusu2026_C01_7B,10.1016/j.rineng.2026.112570,c6c2df499bc323928d55f08109f45678,C01,9,7B,7,later_loading,Matusu2026_C01_7,100,13041,POST_RUNOUT_RETEST_FAILURE_CANDIDATE,Aconity_TWO,Nikon_SLM_virgin,as_built,NoHT,NEW_BATCH_CANDIDATE,Aconity_TWO,EXCLUDE_SECOND_EXPOSURE,B suffix linked to same-sheet initial ID; do not count as independent
Matusu2026_C01_8,10.1016/j.rineng.2026.112570,c6c2df499bc323928d55f08109f45678,C01,10,8,8,first_reported,,80,58813,FAILURE_CANDIDATE_PROTOCOL_PENDING,Aconity_TWO,Nikon_SLM_virgin,as_built,NoHT,NEW_BATCH_CANDIDATE,Aconity_TWO,QUARANTINE_PROTOCOL_PENDING,Event inferred from reported cycles and retest pairing; confirm full protocol before use
Matusu2026_C01_9,10.1016/j.rineng.2026.112570,c6c2df499bc323928d55f08109f45678,C01,11,9,9,first_reported,,110,4699,FAILURE_CANDIDATE_PROTOCOL_PENDING,Aconity_TWO,Nikon_SLM_virgin,as_built,NoHT,NEW_BATCH_CANDIDATE,Aconity_TWO,QUARANTINE_PROTOCOL_PENDING,Event inferred from reported cycles and retest pairing; confirm full protocol before use
Matusu2026_C01_10,10.1016/j.rineng.2026.112570,c6c2df499bc323928d55f08109f45678,C01,12,10,10,first_reported,,43,10000000,RUNOUT_CANDIDATE_PROTOCOL_PENDING,Aconity_TWO,Nikon_SLM_virgin,as_built,NoHT,NEW_BATCH_CANDIDATE,Aconity_TWO,QUARANTINE_PROTOCOL_PENDING,Event inferred from reported cycles and retest pairing; confirm full protocol before use
Matusu2026_C01_10B,10.1016/j.rineng.2026.112570,c6c2df499bc323928d55f08109f45678,C01,13,10B,10,later_loading,Matusu2026_C01_10,115,3317,POST_RUNOUT_RETEST_FAILURE_CANDIDATE,Aconity_TWO,Nikon_SLM_virgin,as_built,NoHT,NEW_BATCH_CANDIDATE,Aconity_TWO,EXCLUDE_SECOND_EXPOSURE,B suffix linked to same-sheet initial ID; do not count as independent
Matusu2026_C02_1,10.1016/j.rineng.2026.112570,c6c2df499bc323928d55f08109f45678,C02,2,1,1,first_reported,,100,16196,FAILURE_CANDIDATE_PROTOCOL_PENDING,Aconity_TWO,Nikon_SLM_virgin,machined_polished,NoHT,NEW_BATCH_CANDIDATE,Aconity_TWO,QUARANTINE_PROTOCOL_PENDING,Event inferred from reported cycles and retest pairing; confirm full protocol before use
Matusu2026_C02_2,10.1016/j.rineng.2026.112570,c6c2df499bc323928d55f08109f45678,C02,3,2,2,first_reported,,60,10000000,RUNOUT_CANDIDATE_PROTOCOL_PENDING,Aconity_TWO,Nikon_SLM_virgin,machined_polished,NoHT,NEW_BATCH_CANDIDATE,Aconity_TWO,QUARANTINE_PROTOCOL_PENDING,Event inferred from reported cycles and retest pairing; confirm full protocol before use
Matusu2026_C02_2B,10.1016/j.rineng.2026.112570,c6c2df499bc323928d55f08109f45678,C02,4,2B,2,later_loading,Matusu2026_C02_2,120,3393,POST_RUNOUT_RETEST_FAILURE_CANDIDATE,Aconity_TWO,Nikon_SLM_virgin,machined_polished,NoHT,NEW_BATCH_CANDIDATE,Aconity_TWO,EXCLUDE_SECOND_EXPOSURE,B suffix linked to same-sheet initial ID; do not count as independent
Matusu2026_C02_3,10.1016/j.rineng.2026.112570,c6c2df499bc323928d55f08109f45678,C02,5,3,3,first_reported,,80,104408,FAILURE_CANDIDATE_PROTOCOL_PENDING,Aconity_TWO,Nikon_SLM_virgin,machined_polished,NoHT,NEW_BATCH_CANDIDATE,Aconity_TWO,QUARANTINE_PROTOCOL_PENDING,Event inferred from reported cycles and retest pairing; confirm full protocol before use
Matusu2026_C02_4,10.1016/j.rineng.2026.112570,c6c2df499bc323928d55f08109f45678,C02,6,4,4,first_reported,,90,43727,FAILURE_CANDIDATE_PROTOCOL_PENDING,Aconity_TWO,Nikon_SLM_virgin,machined_polished,NoHT,NEW_BATCH_CANDIDATE,Aconity_TWO,QUARANTINE_PROTOCOL_PENDING,Event inferred from reported cycles and retest pairing; confirm full protocol before use
Matusu2026_C02_5,10.1016/j.rineng.2026.112570,c6c2df499bc323928d55f08109f45678,C02,7,5,5,first_reported,,70,7763521,FAILURE_CANDIDATE_PROTOCOL_PENDING,Aconity_TWO,Nikon_SLM_virgin,machined_polished,NoHT,NEW_BATCH_CANDIDATE,Aconity_TWO,QUARANTINE_PROTOCOL_PENDING,Event inferred from reported cycles and retest pairing; confirm full protocol before use
Matusu2026_C02_6,10.1016/j.rineng.2026.112570,c6c2df499bc323928d55f08109f45678,C02,8,6,6,first_reported,,75,186679,FAILURE_CANDIDATE_PROTOCOL_PENDING,Aconity_TWO,Nikon_SLM_virgin,machined_polished,NoHT,NEW_BATCH_CANDIDATE,Aconity_TWO,QUARANTINE_PROTOCOL_PENDING,Event inferred from reported cycles and retest pairing; confirm full protocol before use
Matusu2026_C02_7,10.1016/j.rineng.2026.112570,c6c2df499bc323928d55f08109f45678,C02,9,7,7,first_reported,,70,406287,FAILURE_CANDIDATE_PROTOCOL_PENDING,Aconity_TWO,Nikon_SLM_virgin,machined_polished,NoHT,NEW_BATCH_CANDIDATE,Aconity_TWO,QUARANTINE_PROTOCOL_PENDING,Event inferred from reported cycles and retest pairing; confirm full protocol before use
Matusu2026_C02_8,10.1016/j.rineng.2026.112570,c6c2df499bc323928d55f08109f45678,C02,10,8,8,first_reported,,110,8459,FAILURE_CANDIDATE_PROTOCOL_PENDING,Aconity_TWO,Nikon_SLM_virgin,machined_polished,NoHT,NEW_BATCH_CANDIDATE,Aconity_TWO,QUARANTINE_PROTOCOL_PENDING,Event inferred from reported cycles and retest pairing; confirm full protocol before use
Matusu2026_C02_9,10.1016/j.rineng.2026.112570,c6c2df499bc323928d55f08109f45678,C02,11,9,9,first_reported,,65,10000000,RUNOUT_CANDIDATE_PROTOCOL_PENDING,Aconity_TWO,Nikon_SLM_virgin,machined_polished,NoHT,NEW_BATCH_CANDIDATE,Aconity_TWO,QUARANTINE_PROTOCOL_PENDING,Event inferred from reported cycles and retest pairing; confirm full protocol before use
Matusu2026_C02_10,10.1016/j.rineng.2026.112570,c6c2df499bc323928d55f08109f45678,C02,12,10,10,first_reported,,70,176530,FAILURE_CANDIDATE_PROTOCOL_PENDING,Aconity_TWO,Nikon_SLM_virgin,machined_polished,NoHT,NEW_BATCH_CANDIDATE,Aconity_TWO,QUARANTINE_PROTOCOL_PENDING,Event inferred from reported cycles and retest pairing; confirm full protocol before use
Matusu2026_C02_9B,10.1016/j.rineng.2026.112570,c6c2df499bc323928d55f08109f45678,C02,13,9B,9,later_loading,Matusu2026_C02_9,115,4849,POST_RUNOUT_RETEST_FAILURE_CANDIDATE,Aconity_TWO,Nikon_SLM_virgin,machined_polished,NoHT,NEW_BATCH_CANDIDATE,Aconity_TWO,EXCLUDE_SECOND_EXPOSURE,B suffix linked to same-sheet initial ID; do not count as independent
Matusu2026_C03_1,10.1016/j.rineng.2026.112570,c6c2df499bc323928d55f08109f45678,C03,2,1,1,first_reported,,90,49381,FAILURE_CANDIDATE_PROTOCOL_PENDING,Aconity_TWO,Nikon_SLM_virgin,machined_polished,T240,NEW_BATCH_CANDIDATE,Aconity_TWO,QUARANTINE_PROTOCOL_PENDING,Event inferred from reported cycles and retest pairing; confirm full protocol before use
Matusu2026_C03_2,10.1016/j.rineng.2026.112570,c6c2df499bc323928d55f08109f45678,C03,3,2,2,first_reported,,110,4234,FAILURE_CANDIDATE_PROTOCOL_PENDING,Aconity_TWO,Nikon_SLM_virgin,machined_polished,T240,NEW_BATCH_CANDIDATE,Aconity_TWO,QUARANTINE_PROTOCOL_PENDING,Event inferred from reported cycles and retest pairing; confirm full protocol before use
Matusu2026_C03_3,10.1016/j.rineng.2026.112570,c6c2df499bc323928d55f08109f45678,C03,4,3,3,first_reported,,80,124197,FAILURE_CANDIDATE_PROTOCOL_PENDING,Aconity_TWO,Nikon_SLM_virgin,machined_polished,T240,NEW_BATCH_CANDIDATE,Aconity_TWO,QUARANTINE_PROTOCOL_PENDING,Event inferred from reported cycles and retest pairing; confirm full protocol before use
Matusu2026_C03_4,10.1016/j.rineng.2026.112570,c6c2df499bc323928d55f08109f45678,C03,5,4,4,first_reported,,100,21647,FAILURE_CANDIDATE_PROTOCOL_PENDING,Aconity_TWO,Nikon_SLM_virgin,machined_polished,T240,NEW_BATCH_CANDIDATE,Aconity_TWO,QUARANTINE_PROTOCOL_PENDING,Event inferred from reported cycles and retest pairing; confirm full protocol before use
Matusu2026_C03_5,10.1016/j.rineng.2026.112570,c6c2df499bc323928d55f08109f45678,C03,6,5,5,first_reported,,70,400612,FAILURE_CANDIDATE_PROTOCOL_PENDING,Aconity_TWO,Nikon_SLM_virgin,machined_polished,T240,NEW_BATCH_CANDIDATE,Aconity_TWO,QUARANTINE_PROTOCOL_PENDING,Event inferred from reported cycles and retest pairing; confirm full protocol before use
Matusu2026_C03_6,10.1016/j.rineng.2026.112570,c6c2df499bc323928d55f08109f45678,C03,7,6,6,first_reported,,65,1895894,FAILURE_CANDIDATE_PROTOCOL_PENDING,Aconity_TWO,Nikon_SLM_virgin,machined_polished,T240,NEW_BATCH_CANDIDATE,Aconity_TWO,QUARANTINE_PROTOCOL_PENDING,Event inferred from reported cycles and retest pairing; confirm full protocol before use
Matusu2026_C03_7,10.1016/j.rineng.2026.112570,c6c2df499bc323928d55f08109f45678,C03,8,7,7,first_reported,,110,5399,FAILURE_CANDIDATE_PROTOCOL_PENDING,Aconity_TWO,Nikon_SLM_virgin,machined_polished,T240,NEW_BATCH_CANDIDATE,Aconity_TWO,QUARANTINE_PROTOCOL_PENDING,Event inferred from reported cycles and retest pairing; confirm full protocol before use
Matusu2026_C03_8,10.1016/j.rineng.2026.112570,c6c2df499bc323928d55f08109f45678,C03,9,8,8,first_reported,,60,10000000,RUNOUT_CANDIDATE_PROTOCOL_PENDING,Aconity_TWO,Nikon_SLM_virgin,machined_polished,T240,NEW_BATCH_CANDIDATE,Aconity_TWO,QUARANTINE_PROTOCOL_PENDING,Event inferred from reported cycles and retest pairing; confirm full protocol before use
Matusu2026_C03_9,10.1016/j.rineng.2026.112570,c6c2df499bc323928d55f08109f45678,C03,10,9,9,first_reported,,75,148411,FAILURE_CANDIDATE_PROTOCOL_PENDING,Aconity_TWO,Nikon_SLM_virgin,machined_polished,T240,NEW_BATCH_CANDIDATE,Aconity_TWO,QUARANTINE_PROTOCOL_PENDING,Event inferred from reported cycles and retest pairing; confirm full protocol before use
Matusu2026_C03_10,10.1016/j.rineng.2026.112570,c6c2df499bc323928d55f08109f45678,C03,11,10,10,first_reported,,85,81704,FAILURE_CANDIDATE_PROTOCOL_PENDING,Aconity_TWO,Nikon_SLM_virgin,machined_polished,T240,NEW_BATCH_CANDIDATE,Aconity_TWO,QUARANTINE_PROTOCOL_PENDING,Event inferred from reported cycles and retest pairing; confirm full protocol before use
Matusu2026_C03_8B,10.1016/j.rineng.2026.112570,c6c2df499bc323928d55f08109f45678,C03,12,8B,8,later_loading,Matusu2026_C03_8,120,3178,POST_RUNOUT_RETEST_FAILURE_CANDIDATE,Aconity_TWO,Nikon_SLM_virgin,machined_polished,T240,NEW_BATCH_CANDIDATE,Aconity_TWO,EXCLUDE_SECOND_EXPOSURE,B suffix linked to same-sheet initial ID; do not count as independent
