source_table,treatment,contour_family,reported_maximum_stress_MPa,tested_count,failure_count,runout_count,reported_runout_stop_cycles,record_granularity
S1,SRHT,85-1200_rough,240,1,1,0,,group_stress_aggregate_no_original_ID_no_individual_failure_life
S1,SRHT,85-1200_rough,220,3,3,0,,group_stress_aggregate_no_original_ID_no_individual_failure_life
S1,SRHT,85-1200_rough,200,2,2,0,,group_stress_aggregate_no_original_ID_no_individual_failure_life
S1,SRHT,85-1200_rough,180,3,3,0,,group_stress_aggregate_no_original_ID_no_individual_failure_life
S1,SRHT,85-1200_rough,160,2,2,0,,group_stress_aggregate_no_original_ID_no_individual_failure_life
S1,SRHT,85-1200_rough,140,3,3,0,,group_stress_aggregate_no_original_ID_no_individual_failure_life
S1,SRHT,100-600_smooth,240,1,1,0,,group_stress_aggregate_no_original_ID_no_individual_failure_life
S1,SRHT,100-600_smooth,220,3,3,0,,group_stress_aggregate_no_original_ID_no_individual_failure_life
S1,SRHT,100-600_smooth,200,2,2,0,,group_stress_aggregate_no_original_ID_no_individual_failure_life
S1,SRHT,100-600_smooth,180,3,3,0,,group_stress_aggregate_no_original_ID_no_individual_failure_life
S1,SRHT,100-600_smooth,160,2,2,0,,group_stress_aggregate_no_original_ID_no_individual_failure_life
S1,SRHT,100-600_smooth,140,3,3,0,,group_stress_aggregate_no_original_ID_no_individual_failure_life
S1,SRHT,100-300_smooth_KHP,240,1,1,0,,group_stress_aggregate_no_original_ID_no_individual_failure_life
S1,SRHT,100-300_smooth_KHP,220,3,3,0,,group_stress_aggregate_no_original_ID_no_individual_failure_life
S1,SRHT,100-300_smooth_KHP,200,2,2,0,,group_stress_aggregate_no_original_ID_no_individual_failure_life
S1,SRHT,100-300_smooth_KHP,180,3,3,0,,group_stress_aggregate_no_original_ID_no_individual_failure_life
S1,SRHT,100-300_smooth_KHP,160,2,2,0,,group_stress_aggregate_no_original_ID_no_individual_failure_life
S1,SRHT,100-300_smooth_KHP,140,3,3,0,,group_stress_aggregate_no_original_ID_no_individual_failure_life
S2,SRHT+polished,85-1200_rough,240,1,1,0,,group_stress_aggregate_no_original_ID_no_individual_failure_life
S2,SRHT+polished,85-1200_rough,220,3,3,0,,group_stress_aggregate_no_original_ID_no_individual_failure_life
S2,SRHT+polished,85-1200_rough,200,2,2,0,,group_stress_aggregate_no_original_ID_no_individual_failure_life
S2,SRHT+polished,85-1200_rough,180,3,3,0,,group_stress_aggregate_no_original_ID_no_individual_failure_life
S2,SRHT+polished,85-1200_rough,160,3,3,0,,group_stress_aggregate_no_original_ID_no_individual_failure_life
S2,SRHT+polished,100-600_smooth,240,1,1,0,,group_stress_aggregate_no_original_ID_no_individual_failure_life
S2,SRHT+polished,100-600_smooth,220,4,4,0,,group_stress_aggregate_no_original_ID_no_individual_failure_life
S2,SRHT+polished,100-600_smooth,200,4,4,0,,group_stress_aggregate_no_original_ID_no_individual_failure_life
S2,SRHT+polished,100-600_smooth,180,2,1,1,10000000,group_stress_aggregate_no_original_ID_no_individual_failure_life
S2,SRHT+polished,100-600_smooth,160,2,0,2,10000000,group_stress_aggregate_no_original_ID_no_individual_failure_life
S2,SRHT+polished,100-300_smooth_KHP,240,1,1,0,,group_stress_aggregate_no_original_ID_no_individual_failure_life
S2,SRHT+polished,100-300_smooth_KHP,220,3,3,0,,group_stress_aggregate_no_original_ID_no_individual_failure_life
S2,SRHT+polished,100-300_smooth_KHP,200,3,3,0,,group_stress_aggregate_no_original_ID_no_individual_failure_life
S2,SRHT+polished,100-300_smooth_KHP,180,3,3,0,,group_stress_aggregate_no_original_ID_no_individual_failure_life
S2,SRHT+polished,100-300_smooth_KHP,160,2,2,0,,group_stress_aggregate_no_original_ID_no_individual_failure_life
S3,SRHT+sandblasted,85-1200_rough,240,1,1,0,,group_stress_aggregate_no_original_ID_no_individual_failure_life
S3,SRHT+sandblasted,85-1200_rough,220,3,3,0,,group_stress_aggregate_no_original_ID_no_individual_failure_life
S3,SRHT+sandblasted,85-1200_rough,200,3,3,0,,group_stress_aggregate_no_original_ID_no_individual_failure_life
S3,SRHT+sandblasted,85-1200_rough,180,2,0,2,10000000,group_stress_aggregate_no_original_ID_no_individual_failure_life
S3,SRHT+sandblasted,85-1200_rough,160,3,1,2,10000000,group_stress_aggregate_no_original_ID_no_individual_failure_life
S3,SRHT+sandblasted,100-600_smooth,240,1,1,0,,group_stress_aggregate_no_original_ID_no_individual_failure_life
S3,SRHT+sandblasted,100-600_smooth,220,4,4,0,,group_stress_aggregate_no_original_ID_no_individual_failure_life
S3,SRHT+sandblasted,100-600_smooth,200,6,6,0,,group_stress_aggregate_no_original_ID_no_individual_failure_life
S3,SRHT+sandblasted,100-600_smooth,180,3,0,3,10000000,group_stress_aggregate_no_original_ID_no_individual_failure_life
S3,SRHT+sandblasted,100-600_smooth,160,2,1,1,10000000,group_stress_aggregate_no_original_ID_no_individual_failure_life
S3,SRHT+sandblasted,100-300_smooth_KHP,240,1,1,0,,group_stress_aggregate_no_original_ID_no_individual_failure_life
S3,SRHT+sandblasted,100-300_smooth_KHP,220,4,4,0,,group_stress_aggregate_no_original_ID_no_individual_failure_life
S3,SRHT+sandblasted,100-300_smooth_KHP,200,5,5,0,,group_stress_aggregate_no_original_ID_no_individual_failure_life
S3,SRHT+sandblasted,100-300_smooth_KHP,180,3,1,2,10000000,group_stress_aggregate_no_original_ID_no_individual_failure_life
S3,SRHT+sandblasted,100-300_smooth_KHP,160,2,1,1,10000000,group_stress_aggregate_no_original_ID_no_individual_failure_life
