specimen_key,surface_condition,batch,stress_range_MPa,stress_amplitude_MPa,R,arm,seed,alpha,beta,log_shape,tau,median_log10_cycles,density_measure,source_offset_rule
Beretta_2022:M:FN3-242,machined,242,180,90.0,0.1,C0,,4.794248608964403,-1.7881084987532003,-0.4894917697086785,0.0,4.806355466911458,log10_cycles,none
Beretta_2022:M:FN4-242,machined,242,150,75.0,0.1,C0,,4.794248608964403,-1.7881084987532003,-0.4894917697086785,0.0,5.276689523447363,log10_cycles,none
Beretta_2022:M:FN5-242,machined,242,210,105.0,0.1,C0,,4.794248608964403,-1.7881084987532003,-0.4894917697086785,0.0,4.408693688261453,log10_cycles,none
Beretta_2022:M:FN6-242,machined,242,160,80.0,0.1,C0,,4.794248608964403,-1.7881084987532003,-0.4894917697086785,0.0,5.1101998061411065,log10_cycles,none
Beretta_2022:M:FN2-243,machined,243,140,70.0,0.1,C0,,4.794248608964403,-1.7881084987532003,-0.4894917697086785,0.0,5.454670107252878,log10_cycles,none
Beretta_2022:M:FN3-243,machined,243,180,90.0,0.1,C0,,4.794248608964403,-1.7881084987532003,-0.4894917697086785,0.0,4.806355466911458,log10_cycles,none
Beretta_2022:M:FN4-243,machined,243,150,75.0,0.1,C0,,4.794248608964403,-1.7881084987532003,-0.4894917697086785,0.0,5.276689523447363,log10_cycles,none
Beretta_2022:M:FN6-243,machined,243,160,80.0,0.1,C0,,4.794248608964403,-1.7881084987532003,-0.4894917697086785,0.0,5.1101998061411065,log10_cycles,none
Beretta_2022:M:FN7-243,machined,243,210,105.0,0.1,C0,,4.794248608964403,-1.7881084987532003,-0.4894917697086785,0.0,4.408693688261453,log10_cycles,none
Beretta_2022:M:FN3-245,machined,245,180,90.0,0.1,C0,,4.794248608964403,-1.7881084987532003,-0.4894917697086785,0.0,4.806355466911458,log10_cycles,none
Beretta_2022:M:FN4-245,machined,245,210,105.0,0.1,C0,,4.794248608964403,-1.7881084987532003,-0.4894917697086785,0.0,4.408693688261453,log10_cycles,none
Beretta_2022:M:FN6-245,machined,245,160,80.0,0.1,C0,,4.794248608964403,-1.7881084987532003,-0.4894917697086785,0.0,5.1101998061411065,log10_cycles,none
Beretta_2022:M:FN7-245,machined,245,140,70.0,0.1,C0,,4.794248608964403,-1.7881084987532003,-0.4894917697086785,0.0,5.454670107252878,log10_cycles,none
Beretta_2022:AB:FN1-242,as_built,242,60,30.0,0.1,C0,,4.794248608964403,-1.7881084987532003,-0.4894917697086785,0.0,7.640440384656084,log10_cycles,none
Beretta_2022:AB:FN2-242,as_built,242,45,22.5,0.1,C0,,4.794248608964403,-1.7881084987532003,-0.4894917697086785,0.0,8.382572464417859,log10_cycles,none
Beretta_2022:AB:FN3-242,as_built,242,75,37.5,0.1,C0,,4.794248608964403,-1.7881084987532003,-0.4894917697086785,0.0,7.064798022200564,log10_cycles,none
Beretta_2022:AB:FN4-242,as_built,242,100,50.0,0.1,C0,,4.794248608964403,-1.7881084987532003,-0.4894917697086785,0.0,6.322665942438788,log10_cycles,none
Beretta_2022:AB:FN5-242,as_built,242,60,30.0,0.1,C0,,4.794248608964403,-1.7881084987532003,-0.4894917697086785,0.0,7.640440384656084,log10_cycles,none
Beretta_2022:AB:FN6-242,as_built,242,120,60.0,0.1,C0,,4.794248608964403,-1.7881084987532003,-0.4894917697086785,0.0,5.852331885902882,log10_cycles,none
Beretta_2022:AB:FN7-242,as_built,242,50,25.0,0.1,C0,,4.794248608964403,-1.7881084987532003,-0.4894917697086785,0.0,8.110774441191987,log10_cycles,none
Beretta_2022:AB:FN3-243,as_built,243,120,60.0,0.1,C0,,4.794248608964403,-1.7881084987532003,-0.4894917697086785,0.0,5.852331885902882,log10_cycles,none
Beretta_2022:AB:FN4-243,as_built,243,60,30.0,0.1,C0,,4.794248608964403,-1.7881084987532003,-0.4894917697086785,0.0,7.640440384656084,log10_cycles,none
Beretta_2022:AB:FN5-243,as_built,243,75,37.5,0.1,C0,,4.794248608964403,-1.7881084987532003,-0.4894917697086785,0.0,7.064798022200564,log10_cycles,none
Beretta_2022:AB:FN6-243,as_built,243,100,50.0,0.1,C0,,4.794248608964403,-1.7881084987532003,-0.4894917697086785,0.0,6.322665942438788,log10_cycles,none
Beretta_2022:AB:FN7-243,as_built,243,50,25.0,0.1,C0,,4.794248608964403,-1.7881084987532003,-0.4894917697086785,0.0,8.110774441191987,log10_cycles,none
Beretta_2022:AB:FN1-245,as_built,245,75,37.5,0.1,C0,,4.794248608964403,-1.7881084987532003,-0.4894917697086785,0.0,7.064798022200564,log10_cycles,none
Beretta_2022:AB:FN2-245,as_built,245,50,25.0,0.1,C0,,4.794248608964403,-1.7881084987532003,-0.4894917697086785,0.0,8.110774441191987,log10_cycles,none
Beretta_2022:AB:FN3-245,as_built,245,100,50.0,0.1,C0,,4.794248608964403,-1.7881084987532003,-0.4894917697086785,0.0,6.322665942438788,log10_cycles,none
Beretta_2022:AB:FN4-245,as_built,245,160,80.0,0.1,C0,,4.794248608964403,-1.7881084987532003,-0.4894917697086785,0.0,5.1101998061411065,log10_cycles,none
Beretta_2022:AB:FN5-245,as_built,245,120,60.0,0.1,C0,,4.794248608964403,-1.7881084987532003,-0.4894917697086785,0.0,5.852331885902882,log10_cycles,none
Beretta_2022:AB:FN6-245,as_built,245,75,37.5,0.1,C0,,4.794248608964403,-1.7881084987532003,-0.4894917697086785,0.0,7.064798022200564,log10_cycles,none
Beretta_2022:AB:FN7-245,as_built,245,45,22.5,0.1,C0,,4.794248608964403,-1.7881084987532003,-0.4894917697086785,0.0,8.382572464417859,log10_cycles,none
Beretta_2022:M:FN3-242,machined,242,180,90.0,0.1,C1,,4.8037843469859745,-1.8149480144805548,-0.4953762447153406,0.25,4.8061311975100125,log10_cycles,fresh_normal_prior
Beretta_2022:M:FN4-242,machined,242,150,75.0,0.1,C1,,4.8037843469859745,-1.8149480144805548,-0.4953762447153406,0.25,5.283524970118129,log10_cycles,fresh_normal_prior
Beretta_2022:M:FN5-242,machined,242,210,105.0,0.1,C1,,4.8037843469859745,-1.8149480144805548,-0.4953762447153406,0.25,4.4025005139699065,log10_cycles,fresh_normal_prior
Beretta_2022:M:FN6-242,machined,242,160,80.0,0.1,C1,,4.8037843469859745,-1.8149480144805548,-0.4953762447153406,0.25,5.11453624146864,log10_cycles,fresh_normal_prior
Beretta_2022:M:FN2-243,machined,243,140,70.0,0.1,C1,,4.8037843469859745,-1.8149480144805548,-0.4953762447153406,0.25,5.464177043199346,log10_cycles,fresh_normal_prior
Beretta_2022:M:FN3-243,machined,243,180,90.0,0.1,C1,,4.8037843469859745,-1.8149480144805548,-0.4953762447153406,0.25,4.8061311975100125,log10_cycles,fresh_normal_prior
Beretta_2022:M:FN4-243,machined,243,150,75.0,0.1,C1,,4.8037843469859745,-1.8149480144805548,-0.4953762447153406,0.25,5.283524970118129,log10_cycles,fresh_normal_prior
Beretta_2022:M:FN6-243,machined,243,160,80.0,0.1,C1,,4.8037843469859745,-1.8149480144805548,-0.4953762447153406,0.25,5.11453624146864,log10_cycles,fresh_normal_prior
Beretta_2022:M:FN7-243,machined,243,210,105.0,0.1,C1,,4.8037843469859745,-1.8149480144805548,-0.4953762447153406,0.25,4.4025005139699065,log10_cycles,fresh_normal_prior
Beretta_2022:M:FN3-245,machined,245,180,90.0,0.1,C1,,4.8037843469859745,-1.8149480144805548,-0.4953762447153406,0.25,4.8061311975100125,log10_cycles,fresh_normal_prior
Beretta_2022:M:FN4-245,machined,245,210,105.0,0.1,C1,,4.8037843469859745,-1.8149480144805548,-0.4953762447153406,0.25,4.4025005139699065,log10_cycles,fresh_normal_prior
Beretta_2022:M:FN6-245,machined,245,160,80.0,0.1,C1,,4.8037843469859745,-1.8149480144805548,-0.4953762447153406,0.25,5.11453624146864,log10_cycles,fresh_normal_prior
Beretta_2022:M:FN7-245,machined,245,140,70.0,0.1,C1,,4.8037843469859745,-1.8149480144805548,-0.4953762447153406,0.25,5.464177043199346,log10_cycles,fresh_normal_prior
Beretta_2022:AB:FN1-242,as_built,242,60,30.0,0.1,C1,,4.8037843469859745,-1.8149480144805548,-0.4953762447153406,0.25,7.68275574120866,log10_cycles,fresh_normal_prior
Beretta_2022:AB:FN2-242,as_built,242,45,22.5,0.1,C1,,4.8037843469859745,-1.8149480144805548,-0.4953762447153406,0.25,8.436027226471122,log10_cycles,fresh_normal_prior
Beretta_2022:AB:FN3-242,as_built,242,75,37.5,0.1,C1,,4.8037843469859745,-1.8149480144805548,-0.4953762447153406,0.25,7.098472984598684,log10_cycles,fresh_normal_prior
Beretta_2022:AB:FN4-242,as_built,242,100,50.0,0.1,C1,,4.8037843469859745,-1.8149480144805548,-0.4953762447153406,0.25,6.345201499329258,log10_cycles,fresh_normal_prior
Beretta_2022:AB:FN5-242,as_built,242,60,30.0,0.1,C1,,4.8037843469859745,-1.8149480144805548,-0.4953762447153406,0.25,7.68275574120866,log10_cycles,fresh_normal_prior
Beretta_2022:AB:FN6-242,as_built,242,120,60.0,0.1,C1,,4.8037843469859745,-1.8149480144805548,-0.4953762447153406,0.25,5.867807726739455,log10_cycles,fresh_normal_prior
Beretta_2022:AB:FN7-242,as_built,242,50,25.0,0.1,C1,,4.8037843469859745,-1.8149480144805548,-0.4953762447153406,0.25,8.160149513840834,log10_cycles,fresh_normal_prior
Beretta_2022:AB:FN3-243,as_built,243,120,60.0,0.1,C1,,4.8037843469859745,-1.8149480144805548,-0.4953762447153406,0.25,5.867807726739455,log10_cycles,fresh_normal_prior
Beretta_2022:AB:FN4-243,as_built,243,60,30.0,0.1,C1,,4.8037843469859745,-1.8149480144805548,-0.4953762447153406,0.25,7.68275574120866,log10_cycles,fresh_normal_prior
Beretta_2022:AB:FN5-243,as_built,243,75,37.5,0.1,C1,,4.8037843469859745,-1.8149480144805548,-0.4953762447153406,0.25,7.098472984598684,log10_cycles,fresh_normal_prior
Beretta_2022:AB:FN6-243,as_built,243,100,50.0,0.1,C1,,4.8037843469859745,-1.8149480144805548,-0.4953762447153406,0.25,6.345201499329258,log10_cycles,fresh_normal_prior
Beretta_2022:AB:FN7-243,as_built,243,50,25.0,0.1,C1,,4.8037843469859745,-1.8149480144805548,-0.4953762447153406,0.25,8.160149513840834,log10_cycles,fresh_normal_prior
Beretta_2022:AB:FN1-245,as_built,245,75,37.5,0.1,C1,,4.8037843469859745,-1.8149480144805548,-0.4953762447153406,0.25,7.098472984598684,log10_cycles,fresh_normal_prior
Beretta_2022:AB:FN2-245,as_built,245,50,25.0,0.1,C1,,4.8037843469859745,-1.8149480144805548,-0.4953762447153406,0.25,8.160149513840834,log10_cycles,fresh_normal_prior
Beretta_2022:AB:FN3-245,as_built,245,100,50.0,0.1,C1,,4.8037843469859745,-1.8149480144805548,-0.4953762447153406,0.25,6.345201499329258,log10_cycles,fresh_normal_prior
Beretta_2022:AB:FN4-245,as_built,245,160,80.0,0.1,C1,,4.8037843469859745,-1.8149480144805548,-0.4953762447153406,0.25,5.11453624146864,log10_cycles,fresh_normal_prior
Beretta_2022:AB:FN5-245,as_built,245,120,60.0,0.1,C1,,4.8037843469859745,-1.8149480144805548,-0.4953762447153406,0.25,5.867807726739455,log10_cycles,fresh_normal_prior
Beretta_2022:AB:FN6-245,as_built,245,75,37.5,0.1,C1,,4.8037843469859745,-1.8149480144805548,-0.4953762447153406,0.25,7.098472984598684,log10_cycles,fresh_normal_prior
Beretta_2022:AB:FN7-245,as_built,245,45,22.5,0.1,C1,,4.8037843469859745,-1.8149480144805548,-0.4953762447153406,0.25,8.436027226471122,log10_cycles,fresh_normal_prior
Beretta_2022:M:FN3-242,machined,242,180,90.0,0.1,S0,13,4.815960585123869,-1.8095755664208917,-0.4967516354963425,0.25,4.817145249884439,log10_cycles,fresh_normal_prior
Beretta_2022:M:FN4-242,machined,242,150,75.0,0.1,S0,13,4.815960585123869,-1.8095755664208917,-0.4967516354963425,0.25,5.29312588380931,log10_cycles,fresh_normal_prior
Beretta_2022:M:FN5-242,machined,242,210,105.0,0.1,S0,13,4.815960585123869,-1.8095755664208917,-0.4967516354963425,0.25,4.414709358076824,log10_cycles,fresh_normal_prior
Beretta_2022:M:FN6-242,machined,242,160,80.0,0.1,S0,13,4.815960585123869,-1.8095755664208917,-0.4967516354963425,0.25,5.124637380594823,log10_cycles,fresh_normal_prior
Beretta_2022:M:FN2-243,machined,243,140,70.0,0.1,S0,13,4.815960585123869,-1.8095755664208917,-0.4967516354963425,0.25,5.473243206654291,log10_cycles,fresh_normal_prior
Beretta_2022:M:FN3-243,machined,243,180,90.0,0.1,S0,13,4.815960585123869,-1.8095755664208917,-0.4967516354963425,0.25,4.817145249884439,log10_cycles,fresh_normal_prior
Beretta_2022:M:FN4-243,machined,243,150,75.0,0.1,S0,13,4.815960585123869,-1.8095755664208917,-0.4967516354963425,0.25,5.29312588380931,log10_cycles,fresh_normal_prior
Beretta_2022:M:FN6-243,machined,243,160,80.0,0.1,S0,13,4.815960585123869,-1.8095755664208917,-0.4967516354963425,0.25,5.124637380594823,log10_cycles,fresh_normal_prior
Beretta_2022:M:FN7-243,machined,243,210,105.0,0.1,S0,13,4.815960585123869,-1.8095755664208917,-0.4967516354963425,0.25,4.414709358076824,log10_cycles,fresh_normal_prior
Beretta_2022:M:FN3-245,machined,245,180,90.0,0.1,S0,13,4.815960585123869,-1.8095755664208917,-0.4967516354963425,0.25,4.817145249884439,log10_cycles,fresh_normal_prior
Beretta_2022:M:FN4-245,machined,245,210,105.0,0.1,S0,13,4.815960585123869,-1.8095755664208917,-0.4967516354963425,0.25,4.414709358076824,log10_cycles,fresh_normal_prior
Beretta_2022:M:FN6-245,machined,245,160,80.0,0.1,S0,13,4.815960585123869,-1.8095755664208917,-0.4967516354963425,0.25,5.124637380594823,log10_cycles,fresh_normal_prior
Beretta_2022:M:FN7-245,machined,245,140,70.0,0.1,S0,13,4.815960585123869,-1.8095755664208917,-0.4967516354963425,0.25,5.473243206654291,log10_cycles,fresh_normal_prior
Beretta_2022:AB:FN1-242,as_built,242,60,30.0,0.1,S0,13,4.815960585123869,-1.8095755664208917,-0.4967516354963425,0.25,7.685254664872677,log10_cycles,fresh_normal_prior
Beretta_2022:AB:FN2-242,as_built,242,45,22.5,0.1,S0,13,4.815960585123869,-1.8095755664208917,-0.4967516354963425,0.25,8.436296382726223,log10_cycles,fresh_normal_prior
Beretta_2022:AB:FN3-242,as_built,242,75,37.5,0.1,S0,13,4.815960585123869,-1.8095755664208917,-0.4967516354963425,0.25,7.102701450230202,log10_cycles,fresh_normal_prior
Beretta_2022:AB:FN4-242,as_built,242,100,50.0,0.1,S0,13,4.815960585123869,-1.8095755664208917,-0.4967516354963425,0.25,6.351659732362094,log10_cycles,fresh_normal_prior
Beretta_2022:AB:FN5-242,as_built,242,60,30.0,0.1,S0,13,4.815960585123869,-1.8095755664208917,-0.4967516354963425,0.25,7.685254664872677,log10_cycles,fresh_normal_prior
Beretta_2022:AB:FN6-242,as_built,242,120,60.0,0.1,S0,13,4.815960585123869,-1.8095755664208917,-0.4967516354963425,0.25,5.875679098461907,log10_cycles,fresh_normal_prior
Beretta_2022:AB:FN7-242,as_built,242,50,25.0,0.1,S0,13,4.815960585123869,-1.8095755664208917,-0.4967516354963425,0.25,8.161235298822115,log10_cycles,fresh_normal_prior
Beretta_2022:AB:FN3-243,as_built,243,120,60.0,0.1,S0,13,4.815960585123869,-1.8095755664208917,-0.4967516354963425,0.25,5.875679098461907,log10_cycles,fresh_normal_prior
Beretta_2022:AB:FN4-243,as_built,243,60,30.0,0.1,S0,13,4.815960585123869,-1.8095755664208917,-0.4967516354963425,0.25,7.685254664872677,log10_cycles,fresh_normal_prior
Beretta_2022:AB:FN5-243,as_built,243,75,37.5,0.1,S0,13,4.815960585123869,-1.8095755664208917,-0.4967516354963425,0.25,7.102701450230202,log10_cycles,fresh_normal_prior
Beretta_2022:AB:FN6-243,as_built,243,100,50.0,0.1,S0,13,4.815960585123869,-1.8095755664208917,-0.4967516354963425,0.25,6.351659732362094,log10_cycles,fresh_normal_prior
Beretta_2022:AB:FN7-243,as_built,243,50,25.0,0.1,S0,13,4.815960585123869,-1.8095755664208917,-0.4967516354963425,0.25,8.161235298822115,log10_cycles,fresh_normal_prior
Beretta_2022:AB:FN1-245,as_built,245,75,37.5,0.1,S0,13,4.815960585123869,-1.8095755664208917,-0.4967516354963425,0.25,7.102701450230202,log10_cycles,fresh_normal_prior
Beretta_2022:AB:FN2-245,as_built,245,50,25.0,0.1,S0,13,4.815960585123869,-1.8095755664208917,-0.4967516354963425,0.25,8.161235298822115,log10_cycles,fresh_normal_prior
Beretta_2022:AB:FN3-245,as_built,245,100,50.0,0.1,S0,13,4.815960585123869,-1.8095755664208917,-0.4967516354963425,0.25,6.351659732362094,log10_cycles,fresh_normal_prior
Beretta_2022:AB:FN4-245,as_built,245,160,80.0,0.1,S0,13,4.815960585123869,-1.8095755664208917,-0.4967516354963425,0.25,5.124637380594823,log10_cycles,fresh_normal_prior
Beretta_2022:AB:FN5-245,as_built,245,120,60.0,0.1,S0,13,4.815960585123869,-1.8095755664208917,-0.4967516354963425,0.25,5.875679098461907,log10_cycles,fresh_normal_prior
Beretta_2022:AB:FN6-245,as_built,245,75,37.5,0.1,S0,13,4.815960585123869,-1.8095755664208917,-0.4967516354963425,0.25,7.102701450230202,log10_cycles,fresh_normal_prior
Beretta_2022:AB:FN7-245,as_built,245,45,22.5,0.1,S0,13,4.815960585123869,-1.8095755664208917,-0.4967516354963425,0.25,8.436296382726223,log10_cycles,fresh_normal_prior
Beretta_2022:M:FN3-242,machined,242,180,90.0,0.1,S1,13,4.805027375612576,-1.8114641644361384,-0.4954353605175034,0.25,4.806829828069776,log10_cycles,fresh_normal_prior
Beretta_2022:M:FN4-242,machined,242,150,75.0,0.1,S1,13,4.805027375612576,-1.8114641644361384,-0.4954353605175034,0.25,5.283307228251446,log10_cycles,fresh_normal_prior
Beretta_2022:M:FN5-242,machined,242,210,105.0,0.1,S1,13,4.805027375612576,-1.8114641644361384,-0.4954353605175034,0.25,4.40397392637662,log10_cycles,fresh_normal_prior
Beretta_2022:M:FN6-242,machined,242,160,80.0,0.1,S1,13,4.805027375612576,-1.8114641644361384,-0.4954353605175034,0.25,5.114642878804591,log10_cycles,fresh_normal_prior
Beretta_2022:M:FN2-243,machined,243,140,70.0,0.1,S1,13,4.805027375612576,-1.8114641644361384,-0.4954353605175034,0.25,5.463612533971942,log10_cycles,fresh_normal_prior
Beretta_2022:M:FN3-243,machined,243,180,90.0,0.1,S1,13,4.805027375612576,-1.8114641644361384,-0.4954353605175034,0.25,4.806829828069776,log10_cycles,fresh_normal_prior
Beretta_2022:M:FN4-243,machined,243,150,75.0,0.1,S1,13,4.805027375612576,-1.8114641644361384,-0.4954353605175034,0.25,5.283307228251446,log10_cycles,fresh_normal_prior
Beretta_2022:M:FN6-243,machined,243,160,80.0,0.1,S1,13,4.805027375612576,-1.8114641644361384,-0.4954353605175034,0.25,5.114642878804591,log10_cycles,fresh_normal_prior
Beretta_2022:M:FN7-243,machined,243,210,105.0,0.1,S1,13,4.805027375612576,-1.8114641644361384,-0.4954353605175034,0.25,4.40397392637662,log10_cycles,fresh_normal_prior
Beretta_2022:M:FN3-245,machined,245,180,90.0,0.1,S1,13,4.805027375612576,-1.8114641644361384,-0.4954353605175034,0.25,4.806829828069776,log10_cycles,fresh_normal_prior
Beretta_2022:M:FN4-245,machined,245,210,105.0,0.1,S1,13,4.805027375612576,-1.8114641644361384,-0.4954353605175034,0.25,4.40397392637662,log10_cycles,fresh_normal_prior
Beretta_2022:M:FN6-245,machined,245,160,80.0,0.1,S1,13,4.805027375612576,-1.8114641644361384,-0.4954353605175034,0.25,5.114642878804591,log10_cycles,fresh_normal_prior
Beretta_2022:M:FN7-245,machined,245,140,70.0,0.1,S1,13,4.805027375612576,-1.8114641644361384,-0.4954353605175034,0.25,5.463612533971942,log10_cycles,fresh_normal_prior
Beretta_2022:AB:FN1-242,as_built,242,60,30.0,0.1,S1,13,4.805027375612576,-1.8114641644361384,-0.4954353605175034,0.25,7.677932600086714,log10_cycles,fresh_normal_prior
Beretta_2022:AB:FN2-242,as_built,242,45,22.5,0.1,S1,13,4.805027375612576,-1.8114641644361384,-0.4954353605175034,0.25,8.429758156942054,log10_cycles,fresh_normal_prior
Beretta_2022:AB:FN3-242,as_built,242,75,37.5,0.1,S1,13,4.805027375612576,-1.8114641644361384,-0.4954353605175034,0.25,7.0947713926875835,log10_cycles,fresh_normal_prior
Beretta_2022:AB:FN4-242,as_built,242,100,50.0,0.1,S1,13,4.805027375612576,-1.8114641644361384,-0.4954353605175034,0.25,6.342945835830454,log10_cycles,fresh_normal_prior
Beretta_2022:AB:FN5-242,as_built,242,60,30.0,0.1,S1,13,4.805027375612576,-1.8114641644361384,-0.4954353605175034,0.25,7.677932600086714,log10_cycles,fresh_normal_prior
Beretta_2022:AB:FN6-242,as_built,242,120,60.0,0.1,S1,13,4.805027375612576,-1.8114641644361384,-0.4954353605175034,0.25,5.866468435665099,log10_cycles,fresh_normal_prior
Beretta_2022:AB:FN7-242,as_built,242,50,25.0,0.1,S1,13,4.805027375612576,-1.8114641644361384,-0.4954353605175034,0.25,8.154410000300123,log10_cycles,fresh_normal_prior
Beretta_2022:AB:FN3-243,as_built,243,120,60.0,0.1,S1,13,4.805027375612576,-1.8114641644361384,-0.4954353605175034,0.25,5.866468435665099,log10_cycles,fresh_normal_prior
Beretta_2022:AB:FN4-243,as_built,243,60,30.0,0.1,S1,13,4.805027375612576,-1.8114641644361384,-0.4954353605175034,0.25,7.677932600086714,log10_cycles,fresh_normal_prior
Beretta_2022:AB:FN5-243,as_built,243,75,37.5,0.1,S1,13,4.805027375612576,-1.8114641644361384,-0.4954353605175034,0.25,7.0947713926875835,log10_cycles,fresh_normal_prior
Beretta_2022:AB:FN6-243,as_built,243,100,50.0,0.1,S1,13,4.805027375612576,-1.8114641644361384,-0.4954353605175034,0.25,6.342945835830454,log10_cycles,fresh_normal_prior
Beretta_2022:AB:FN7-243,as_built,243,50,25.0,0.1,S1,13,4.805027375612576,-1.8114641644361384,-0.4954353605175034,0.25,8.154410000300123,log10_cycles,fresh_normal_prior
Beretta_2022:AB:FN1-245,as_built,245,75,37.5,0.1,S1,13,4.805027375612576,-1.8114641644361384,-0.4954353605175034,0.25,7.0947713926875835,log10_cycles,fresh_normal_prior
Beretta_2022:AB:FN2-245,as_built,245,50,25.0,0.1,S1,13,4.805027375612576,-1.8114641644361384,-0.4954353605175034,0.25,8.154410000300123,log10_cycles,fresh_normal_prior
Beretta_2022:AB:FN3-245,as_built,245,100,50.0,0.1,S1,13,4.805027375612576,-1.8114641644361384,-0.4954353605175034,0.25,6.342945835830454,log10_cycles,fresh_normal_prior
Beretta_2022:AB:FN4-245,as_built,245,160,80.0,0.1,S1,13,4.805027375612576,-1.8114641644361384,-0.4954353605175034,0.25,5.114642878804591,log10_cycles,fresh_normal_prior
Beretta_2022:AB:FN5-245,as_built,245,120,60.0,0.1,S1,13,4.805027375612576,-1.8114641644361384,-0.4954353605175034,0.25,5.866468435665099,log10_cycles,fresh_normal_prior
Beretta_2022:AB:FN6-245,as_built,245,75,37.5,0.1,S1,13,4.805027375612576,-1.8114641644361384,-0.4954353605175034,0.25,7.0947713926875835,log10_cycles,fresh_normal_prior
Beretta_2022:AB:FN7-245,as_built,245,45,22.5,0.1,S1,13,4.805027375612576,-1.8114641644361384,-0.4954353605175034,0.25,8.429758156942054,log10_cycles,fresh_normal_prior
Beretta_2022:M:FN3-242,machined,242,180,90.0,0.1,S0,29,4.7959578187813285,-1.8128484237826856,-0.49472983644036056,0.25,4.798147756878674,log10_cycles,fresh_normal_prior
Beretta_2022:M:FN4-242,machined,242,150,75.0,0.1,S0,29,4.7959578187813285,-1.8128484237826856,-0.49472983644036056,0.25,5.2749892648950825,log10_cycles,fresh_normal_prior
Beretta_2022:M:FN5-242,machined,242,210,105.0,0.1,S0,29,4.7959578187813285,-1.8128484237826856,-0.49472983644036056,0.25,4.394984006397684,log10_cycles,fresh_normal_prior
Beretta_2022:M:FN6-242,machined,242,160,80.0,0.1,S0,29,4.7959578187813285,-1.8128484237826856,-0.49472983644036056,0.25,5.106196027888354,log10_cycles,fresh_normal_prior
Beretta_2022:M:FN2-243,machined,243,140,70.0,0.1,S0,29,4.7959578187813285,-1.8128484237826856,-0.49472983644036056,0.25,5.455432353802005,log10_cycles,fresh_normal_prior
Beretta_2022:M:FN3-243,machined,243,180,90.0,0.1,S0,29,4.7959578187813285,-1.8128484237826856,-0.49472983644036056,0.25,4.798147756878674,log10_cycles,fresh_normal_prior
Beretta_2022:M:FN4-243,machined,243,150,75.0,0.1,S0,29,4.7959578187813285,-1.8128484237826856,-0.49472983644036056,0.25,5.2749892648950825,log10_cycles,fresh_normal_prior
Beretta_2022:M:FN6-243,machined,243,160,80.0,0.1,S0,29,4.7959578187813285,-1.8128484237826856,-0.49472983644036056,0.25,5.106196027888354,log10_cycles,fresh_normal_prior
Beretta_2022:M:FN7-243,machined,243,210,105.0,0.1,S0,29,4.7959578187813285,-1.8128484237826856,-0.49472983644036056,0.25,4.394984006397684,log10_cycles,fresh_normal_prior
Beretta_2022:M:FN3-245,machined,245,180,90.0,0.1,S0,29,4.7959578187813285,-1.8128484237826856,-0.49472983644036056,0.25,4.798147756878674,log10_cycles,fresh_normal_prior
Beretta_2022:M:FN4-245,machined,245,210,105.0,0.1,S0,29,4.7959578187813285,-1.8128484237826856,-0.49472983644036056,0.25,4.394984006397684,log10_cycles,fresh_normal_prior
Beretta_2022:M:FN6-245,machined,245,160,80.0,0.1,S0,29,4.7959578187813285,-1.8128484237826856,-0.49472983644036056,0.25,5.106196027888354,log10_cycles,fresh_normal_prior
Beretta_2022:M:FN7-245,machined,245,140,70.0,0.1,S0,29,4.7959578187813285,-1.8128484237826856,-0.49472983644036056,0.25,5.455432353802005,log10_cycles,fresh_normal_prior
Beretta_2022:AB:FN1-242,as_built,242,60,30.0,0.1,S0,29,4.7959578187813285,-1.8128484237826856,-0.49472983644036056,0.25,7.671444528045784,log10_cycles,fresh_normal_prior
Beretta_2022:AB:FN2-242,as_built,242,45,22.5,0.1,S0,29,4.7959578187813285,-1.8128484237826856,-0.49472983644036056,0.25,8.423844604444044,log10_cycles,fresh_normal_prior
Beretta_2022:AB:FN3-242,as_built,242,75,37.5,0.1,S0,29,4.7959578187813285,-1.8128484237826856,-0.49472983644036056,0.25,7.087837688677768,log10_cycles,fresh_normal_prior
Beretta_2022:AB:FN4-242,as_built,242,100,50.0,0.1,S0,29,4.7959578187813285,-1.8128484237826856,-0.49472983644036056,0.25,6.335437612289403,log10_cycles,fresh_normal_prior
Beretta_2022:AB:FN5-242,as_built,242,60,30.0,0.1,S0,29,4.7959578187813285,-1.8128484237826856,-0.49472983644036056,0.25,7.671444528045784,log10_cycles,fresh_normal_prior
Beretta_2022:AB:FN6-242,as_built,242,120,60.0,0.1,S0,29,4.7959578187813285,-1.8128484237826856,-0.49472983644036056,0.25,5.858596104283,log10_cycles,fresh_normal_prior
Beretta_2022:AB:FN7-242,as_built,242,50,25.0,0.1,S0,29,4.7959578187813285,-1.8128484237826856,-0.49472983644036056,0.25,8.148286036102508,log10_cycles,fresh_normal_prior
Beretta_2022:AB:FN3-243,as_built,243,120,60.0,0.1,S0,29,4.7959578187813285,-1.8128484237826856,-0.49472983644036056,0.25,5.858596104283,log10_cycles,fresh_normal_prior
Beretta_2022:AB:FN4-243,as_built,243,60,30.0,0.1,S0,29,4.7959578187813285,-1.8128484237826856,-0.49472983644036056,0.25,7.671444528045784,log10_cycles,fresh_normal_prior
Beretta_2022:AB:FN5-243,as_built,243,75,37.5,0.1,S0,29,4.7959578187813285,-1.8128484237826856,-0.49472983644036056,0.25,7.087837688677768,log10_cycles,fresh_normal_prior
Beretta_2022:AB:FN6-243,as_built,243,100,50.0,0.1,S0,29,4.7959578187813285,-1.8128484237826856,-0.49472983644036056,0.25,6.335437612289403,log10_cycles,fresh_normal_prior
Beretta_2022:AB:FN7-243,as_built,243,50,25.0,0.1,S0,29,4.7959578187813285,-1.8128484237826856,-0.49472983644036056,0.25,8.148286036102508,log10_cycles,fresh_normal_prior
Beretta_2022:AB:FN1-245,as_built,245,75,37.5,0.1,S0,29,4.7959578187813285,-1.8128484237826856,-0.49472983644036056,0.25,7.087837688677768,log10_cycles,fresh_normal_prior
Beretta_2022:AB:FN2-245,as_built,245,50,25.0,0.1,S0,29,4.7959578187813285,-1.8128484237826856,-0.49472983644036056,0.25,8.148286036102508,log10_cycles,fresh_normal_prior
Beretta_2022:AB:FN3-245,as_built,245,100,50.0,0.1,S0,29,4.7959578187813285,-1.8128484237826856,-0.49472983644036056,0.25,6.335437612289403,log10_cycles,fresh_normal_prior
Beretta_2022:AB:FN4-245,as_built,245,160,80.0,0.1,S0,29,4.7959578187813285,-1.8128484237826856,-0.49472983644036056,0.25,5.106196027888354,log10_cycles,fresh_normal_prior
Beretta_2022:AB:FN5-245,as_built,245,120,60.0,0.1,S0,29,4.7959578187813285,-1.8128484237826856,-0.49472983644036056,0.25,5.858596104283,log10_cycles,fresh_normal_prior
Beretta_2022:AB:FN6-245,as_built,245,75,37.5,0.1,S0,29,4.7959578187813285,-1.8128484237826856,-0.49472983644036056,0.25,7.087837688677768,log10_cycles,fresh_normal_prior
Beretta_2022:AB:FN7-245,as_built,245,45,22.5,0.1,S0,29,4.7959578187813285,-1.8128484237826856,-0.49472983644036056,0.25,8.423844604444044,log10_cycles,fresh_normal_prior
Beretta_2022:M:FN3-242,machined,242,180,90.0,0.1,S1,29,4.801519238317626,-1.812756421791338,-0.4954839286377038,0.25,4.803505923297714,log10_cycles,fresh_normal_prior
Beretta_2022:M:FN4-242,machined,242,150,75.0,0.1,S1,29,4.801519238317626,-1.812756421791338,-0.4954839286377038,0.25,5.280323231624993,log10_cycles,fresh_normal_prior
Beretta_2022:M:FN5-242,machined,242,210,105.0,0.1,S1,29,4.801519238317626,-1.812756421791338,-0.4954839286377038,0.25,4.400362633362347,log10_cycles,fresh_normal_prior
Beretta_2022:M:FN6-242,machined,242,160,80.0,0.1,S1,29,4.801519238317626,-1.812756421791338,-0.4954839286377038,0.25,5.111538560867094,log10_cycles,fresh_normal_prior
Beretta_2022:M:FN2-243,machined,243,140,70.0,0.1,S1,29,4.801519238317626,-1.812756421791338,-0.4954839286377038,0.25,5.46075716305174,log10_cycles,fresh_normal_prior
Beretta_2022:M:FN3-243,machined,243,180,90.0,0.1,S1,29,4.801519238317626,-1.812756421791338,-0.4954839286377038,0.25,4.803505923297714,log10_cycles,fresh_normal_prior
Beretta_2022:M:FN4-243,machined,243,150,75.0,0.1,S1,29,4.801519238317626,-1.812756421791338,-0.4954839286377038,0.25,5.280323231624993,log10_cycles,fresh_normal_prior
Beretta_2022:M:FN6-243,machined,243,160,80.0,0.1,S1,29,4.801519238317626,-1.812756421791338,-0.4954839286377038,0.25,5.111538560867094,log10_cycles,fresh_normal_prior
Beretta_2022:M:FN7-243,machined,243,210,105.0,0.1,S1,29,4.801519238317626,-1.812756421791338,-0.4954839286377038,0.25,4.400362633362347,log10_cycles,fresh_normal_prior
Beretta_2022:M:FN3-245,machined,245,180,90.0,0.1,S1,29,4.801519238317626,-1.812756421791338,-0.4954839286377038,0.25,4.803505923297714,log10_cycles,fresh_normal_prior
Beretta_2022:M:FN4-245,machined,245,210,105.0,0.1,S1,29,4.801519238317626,-1.812756421791338,-0.4954839286377038,0.25,4.400362633362347,log10_cycles,fresh_normal_prior
Beretta_2022:M:FN6-245,machined,245,160,80.0,0.1,S1,29,4.801519238317626,-1.812756421791338,-0.4954839286377038,0.25,5.111538560867094,log10_cycles,fresh_normal_prior
Beretta_2022:M:FN7-245,machined,245,140,70.0,0.1,S1,29,4.801519238317626,-1.812756421791338,-0.4954839286377038,0.25,5.46075716305174,log10_cycles,fresh_normal_prior
Beretta_2022:AB:FN1-242,as_built,242,60,30.0,0.1,S1,29,4.801519238317626,-1.812756421791338,-0.4954839286377038,0.25,7.676656874762957,log10_cycles,fresh_normal_prior
Beretta_2022:AB:FN2-242,as_built,242,45,22.5,0.1,S1,29,4.801519238317626,-1.812756421791338,-0.4954839286377038,0.25,8.42901876688039,log10_cycles,fresh_normal_prior
Beretta_2022:AB:FN3-242,as_built,242,75,37.5,0.1,S1,29,4.801519238317626,-1.812756421791338,-0.4954839286377038,0.25,7.09307965341633,log10_cycles,fresh_normal_prior
Beretta_2022:AB:FN4-242,as_built,242,100,50.0,0.1,S1,29,4.801519238317626,-1.812756421791338,-0.4954839286377038,0.25,6.340717761300224,log10_cycles,fresh_normal_prior
Beretta_2022:AB:FN5-242,as_built,242,60,30.0,0.1,S1,29,4.801519238317626,-1.812756421791338,-0.4954839286377038,0.25,7.676656874762957,log10_cycles,fresh_normal_prior
Beretta_2022:AB:FN6-242,as_built,242,120,60.0,0.1,S1,29,4.801519238317626,-1.812756421791338,-0.4954839286377038,0.25,5.863900452987111,log10_cycles,fresh_normal_prior
Beretta_2022:AB:FN7-242,as_built,242,50,25.0,0.1,S1,29,4.801519238317626,-1.812756421791338,-0.4954839286377038,0.25,8.153474183123707,log10_cycles,fresh_normal_prior
Beretta_2022:AB:FN3-243,as_built,243,120,60.0,0.1,S1,29,4.801519238317626,-1.812756421791338,-0.4954839286377038,0.25,5.863900452987111,log10_cycles,fresh_normal_prior
Beretta_2022:AB:FN4-243,as_built,243,60,30.0,0.1,S1,29,4.801519238317626,-1.812756421791338,-0.4954839286377038,0.25,7.676656874762957,log10_cycles,fresh_normal_prior
Beretta_2022:AB:FN5-243,as_built,243,75,37.5,0.1,S1,29,4.801519238317626,-1.812756421791338,-0.4954839286377038,0.25,7.09307965341633,log10_cycles,fresh_normal_prior
Beretta_2022:AB:FN6-243,as_built,243,100,50.0,0.1,S1,29,4.801519238317626,-1.812756421791338,-0.4954839286377038,0.25,6.340717761300224,log10_cycles,fresh_normal_prior
Beretta_2022:AB:FN7-243,as_built,243,50,25.0,0.1,S1,29,4.801519238317626,-1.812756421791338,-0.4954839286377038,0.25,8.153474183123707,log10_cycles,fresh_normal_prior
Beretta_2022:AB:FN1-245,as_built,245,75,37.5,0.1,S1,29,4.801519238317626,-1.812756421791338,-0.4954839286377038,0.25,7.09307965341633,log10_cycles,fresh_normal_prior
Beretta_2022:AB:FN2-245,as_built,245,50,25.0,0.1,S1,29,4.801519238317626,-1.812756421791338,-0.4954839286377038,0.25,8.153474183123707,log10_cycles,fresh_normal_prior
Beretta_2022:AB:FN3-245,as_built,245,100,50.0,0.1,S1,29,4.801519238317626,-1.812756421791338,-0.4954839286377038,0.25,6.340717761300224,log10_cycles,fresh_normal_prior
Beretta_2022:AB:FN4-245,as_built,245,160,80.0,0.1,S1,29,4.801519238317626,-1.812756421791338,-0.4954839286377038,0.25,5.111538560867094,log10_cycles,fresh_normal_prior
Beretta_2022:AB:FN5-245,as_built,245,120,60.0,0.1,S1,29,4.801519238317626,-1.812756421791338,-0.4954839286377038,0.25,5.863900452987111,log10_cycles,fresh_normal_prior
Beretta_2022:AB:FN6-245,as_built,245,75,37.5,0.1,S1,29,4.801519238317626,-1.812756421791338,-0.4954839286377038,0.25,7.09307965341633,log10_cycles,fresh_normal_prior
Beretta_2022:AB:FN7-245,as_built,245,45,22.5,0.1,S1,29,4.801519238317626,-1.812756421791338,-0.4954839286377038,0.25,8.42901876688039,log10_cycles,fresh_normal_prior
Beretta_2022:M:FN3-242,machined,242,180,90.0,0.1,S0,47,4.806818258096589,-1.81484044356933,-0.49362500477125787,0.25,4.8095880170049305,log10_cycles,fresh_normal_prior
Beretta_2022:M:FN4-242,machined,242,150,75.0,0.1,S0,47,4.806818258096589,-1.81484044356933,-0.49362500477125787,0.25,5.2869534947623285,log10_cycles,fresh_normal_prior
Beretta_2022:M:FN5-242,machined,242,210,105.0,0.1,S0,47,4.806818258096589,-1.81484044356933,-0.49362500477125787,0.25,4.405981256420238,log10_cycles,fresh_normal_prior
Beretta_2022:M:FN6-242,machined,242,160,80.0,0.1,S0,47,4.806818258096589,-1.81484044356933,-0.49362500477125787,0.25,5.117974781972255,log10_cycles,fresh_normal_prior
Beretta_2022:M:FN2-243,machined,243,140,70.0,0.1,S0,47,4.806818258096589,-1.81484044356933,-0.49362500477125787,0.25,5.4675948607004425,log10_cycles,fresh_normal_prior
Beretta_2022:M:FN3-243,machined,243,180,90.0,0.1,S0,47,4.806818258096589,-1.81484044356933,-0.49362500477125787,0.25,4.8095880170049305,log10_cycles,fresh_normal_prior
Beretta_2022:M:FN4-243,machined,243,150,75.0,0.1,S0,47,4.806818258096589,-1.81484044356933,-0.49362500477125787,0.25,5.2869534947623285,log10_cycles,fresh_normal_prior
Beretta_2022:M:FN6-243,machined,243,160,80.0,0.1,S0,47,4.806818258096589,-1.81484044356933,-0.49362500477125787,0.25,5.117974781972255,log10_cycles,fresh_normal_prior
Beretta_2022:M:FN7-243,machined,243,210,105.0,0.1,S0,47,4.806818258096589,-1.81484044356933,-0.49362500477125787,0.25,4.405981256420238,log10_cycles,fresh_normal_prior
Beretta_2022:M:FN3-245,machined,245,180,90.0,0.1,S0,47,4.806818258096589,-1.81484044356933,-0.49362500477125787,0.25,4.8095880170049305,log10_cycles,fresh_normal_prior
Beretta_2022:M:FN4-245,machined,245,210,105.0,0.1,S0,47,4.806818258096589,-1.81484044356933,-0.49362500477125787,0.25,4.405981256420238,log10_cycles,fresh_normal_prior
Beretta_2022:M:FN6-245,machined,245,160,80.0,0.1,S0,47,4.806818258096589,-1.81484044356933,-0.49362500477125787,0.25,5.117974781972255,log10_cycles,fresh_normal_prior
Beretta_2022:M:FN7-245,machined,245,140,70.0,0.1,S0,47,4.806818258096589,-1.81484044356933,-0.49362500477125787,0.25,5.4675948607004425,log10_cycles,fresh_normal_prior
Beretta_2022:AB:FN1-242,as_built,242,60,30.0,0.1,S0,47,4.806818258096589,-1.81484044356933,-0.49362500477125787,0.25,7.686042064845094,log10_cycles,fresh_normal_prior
Beretta_2022:AB:FN2-242,as_built,242,45,22.5,0.1,S0,47,4.806818258096589,-1.81484044356933,-0.49362500477125787,0.25,8.43926890414359,log10_cycles,fresh_normal_prior
Beretta_2022:AB:FN3-242,as_built,242,75,37.5,0.1,S0,47,4.806818258096589,-1.81484044356933,-0.49362500477125787,0.25,7.101793938331658,log10_cycles,fresh_normal_prior
Beretta_2022:AB:FN4-242,as_built,242,100,50.0,0.1,S0,47,4.806818258096589,-1.81484044356933,-0.49362500477125787,0.25,6.348567099020149,log10_cycles,fresh_normal_prior
Beretta_2022:AB:FN5-242,as_built,242,60,30.0,0.1,S0,47,4.806818258096589,-1.81484044356933,-0.49362500477125787,0.25,7.686042064845094,log10_cycles,fresh_normal_prior
Beretta_2022:AB:FN6-242,as_built,242,120,60.0,0.1,S0,47,4.806818258096589,-1.81484044356933,-0.49362500477125787,0.25,5.871201621285138,log10_cycles,fresh_normal_prior
Beretta_2022:AB:FN7-242,as_built,242,50,25.0,0.1,S0,47,4.806818258096589,-1.81484044356933,-0.49362500477125787,0.25,8.163407542618135,log10_cycles,fresh_normal_prior
Beretta_2022:AB:FN3-243,as_built,243,120,60.0,0.1,S0,47,4.806818258096589,-1.81484044356933,-0.49362500477125787,0.25,5.871201621285138,log10_cycles,fresh_normal_prior
Beretta_2022:AB:FN4-243,as_built,243,60,30.0,0.1,S0,47,4.806818258096589,-1.81484044356933,-0.49362500477125787,0.25,7.686042064845094,log10_cycles,fresh_normal_prior
Beretta_2022:AB:FN5-243,as_built,243,75,37.5,0.1,S0,47,4.806818258096589,-1.81484044356933,-0.49362500477125787,0.25,7.101793938331658,log10_cycles,fresh_normal_prior
Beretta_2022:AB:FN6-243,as_built,243,100,50.0,0.1,S0,47,4.806818258096589,-1.81484044356933,-0.49362500477125787,0.25,6.348567099020149,log10_cycles,fresh_normal_prior
Beretta_2022:AB:FN7-243,as_built,243,50,25.0,0.1,S0,47,4.806818258096589,-1.81484044356933,-0.49362500477125787,0.25,8.163407542618135,log10_cycles,fresh_normal_prior
Beretta_2022:AB:FN1-245,as_built,245,75,37.5,0.1,S0,47,4.806818258096589,-1.81484044356933,-0.49362500477125787,0.25,7.101793938331658,log10_cycles,fresh_normal_prior
Beretta_2022:AB:FN2-245,as_built,245,50,25.0,0.1,S0,47,4.806818258096589,-1.81484044356933,-0.49362500477125787,0.25,8.163407542618135,log10_cycles,fresh_normal_prior
Beretta_2022:AB:FN3-245,as_built,245,100,50.0,0.1,S0,47,4.806818258096589,-1.81484044356933,-0.49362500477125787,0.25,6.348567099020149,log10_cycles,fresh_normal_prior
Beretta_2022:AB:FN4-245,as_built,245,160,80.0,0.1,S0,47,4.806818258096589,-1.81484044356933,-0.49362500477125787,0.25,5.117974781972255,log10_cycles,fresh_normal_prior
Beretta_2022:AB:FN5-245,as_built,245,120,60.0,0.1,S0,47,4.806818258096589,-1.81484044356933,-0.49362500477125787,0.25,5.871201621285138,log10_cycles,fresh_normal_prior
Beretta_2022:AB:FN6-245,as_built,245,75,37.5,0.1,S0,47,4.806818258096589,-1.81484044356933,-0.49362500477125787,0.25,7.101793938331658,log10_cycles,fresh_normal_prior
Beretta_2022:AB:FN7-245,as_built,245,45,22.5,0.1,S0,47,4.806818258096589,-1.81484044356933,-0.49362500477125787,0.25,8.43926890414359,log10_cycles,fresh_normal_prior
Beretta_2022:M:FN3-242,machined,242,180,90.0,0.1,S1,47,4.804926025722614,-1.8152217785450486,-0.4952700890116192,0.25,4.807341139196227,log10_cycles,fresh_normal_prior
Beretta_2022:M:FN4-242,machined,242,150,75.0,0.1,S1,47,4.804926025722614,-1.8152217785450486,-0.4952700890116192,0.25,5.284806921172387,log10_cycles,fresh_normal_prior
Beretta_2022:M:FN5-242,machined,242,210,105.0,0.1,S1,47,4.804926025722614,-1.8152217785450486,-0.4952700890116192,0.25,4.403649572602944,log10_cycles,fresh_normal_prior
Beretta_2022:M:FN6-242,machined,242,160,80.0,0.1,S1,47,4.804926025722614,-1.8152217785450486,-0.4952700890116192,0.25,5.115792702513124,log10_cycles,fresh_normal_prior
Beretta_2022:M:FN2-243,machined,243,140,70.0,0.1,S1,47,4.804926025722614,-1.8152217785450486,-0.4952700890116192,0.25,5.465486243544158,log10_cycles,fresh_normal_prior
Beretta_2022:M:FN3-243,machined,243,180,90.0,0.1,S1,47,4.804926025722614,-1.8152217785450486,-0.4952700890116192,0.25,4.807341139196227,log10_cycles,fresh_normal_prior
Beretta_2022:M:FN4-243,machined,243,150,75.0,0.1,S1,47,4.804926025722614,-1.8152217785450486,-0.4952700890116192,0.25,5.284806921172387,log10_cycles,fresh_normal_prior
Beretta_2022:M:FN6-243,machined,243,160,80.0,0.1,S1,47,4.804926025722614,-1.8152217785450486,-0.4952700890116192,0.25,5.115792702513124,log10_cycles,fresh_normal_prior
Beretta_2022:M:FN7-243,machined,243,210,105.0,0.1,S1,47,4.804926025722614,-1.8152217785450486,-0.4952700890116192,0.25,4.403649572602944,log10_cycles,fresh_normal_prior
Beretta_2022:M:FN3-245,machined,245,180,90.0,0.1,S1,47,4.804926025722614,-1.8152217785450486,-0.4952700890116192,0.25,4.807341139196227,log10_cycles,fresh_normal_prior
Beretta_2022:M:FN4-245,machined,245,210,105.0,0.1,S1,47,4.804926025722614,-1.8152217785450486,-0.4952700890116192,0.25,4.403649572602944,log10_cycles,fresh_normal_prior
Beretta_2022:M:FN6-245,machined,245,160,80.0,0.1,S1,47,4.804926025722614,-1.8152217785450486,-0.4952700890116192,0.25,5.115792702513124,log10_cycles,fresh_normal_prior
Beretta_2022:M:FN7-245,machined,245,140,70.0,0.1,S1,47,4.804926025722614,-1.8152217785450486,-0.4952700890116192,0.25,5.465486243544158,log10_cycles,fresh_normal_prior
Beretta_2022:AB:FN1-242,as_built,242,60,30.0,0.1,S1,47,4.804926025722614,-1.8152217785450486,-0.4952700890116192,0.25,7.6843995886720835,log10_cycles,fresh_normal_prior
Beretta_2022:AB:FN2-242,as_built,242,45,22.5,0.1,S1,47,4.804926025722614,-1.8152217785450486,-0.4952700890116192,0.25,8.437784696286323,log10_cycles,fresh_normal_prior
Beretta_2022:AB:FN3-242,as_built,242,75,37.5,0.1,S1,47,4.804926025722614,-1.8152217785450486,-0.4952700890116192,0.25,7.100028699717435,log10_cycles,fresh_normal_prior
Beretta_2022:AB:FN4-242,as_built,242,100,50.0,0.1,S1,47,4.804926025722614,-1.8152217785450486,-0.4952700890116192,0.25,6.34664359209387,log10_cycles,fresh_normal_prior
Beretta_2022:AB:FN5-242,as_built,242,60,30.0,0.1,S1,47,4.804926025722614,-1.8152217785450486,-0.4952700890116192,0.25,7.6843995886720835,log10_cycles,fresh_normal_prior
Beretta_2022:AB:FN6-242,as_built,242,120,60.0,0.1,S1,47,4.804926025722614,-1.8152217785450486,-0.4952700890116192,0.25,5.869177810137444,log10_cycles,fresh_normal_prior
Beretta_2022:AB:FN7-242,as_built,242,50,25.0,0.1,S1,47,4.804926025722614,-1.8152217785450486,-0.4952700890116192,0.25,8.161865370669751,log10_cycles,fresh_normal_prior
Beretta_2022:AB:FN3-243,as_built,243,120,60.0,0.1,S1,47,4.804926025722614,-1.8152217785450486,-0.4952700890116192,0.25,5.869177810137444,log10_cycles,fresh_normal_prior
Beretta_2022:AB:FN4-243,as_built,243,60,30.0,0.1,S1,47,4.804926025722614,-1.8152217785450486,-0.4952700890116192,0.25,7.6843995886720835,log10_cycles,fresh_normal_prior
Beretta_2022:AB:FN5-243,as_built,243,75,37.5,0.1,S1,47,4.804926025722614,-1.8152217785450486,-0.4952700890116192,0.25,7.100028699717435,log10_cycles,fresh_normal_prior
Beretta_2022:AB:FN6-243,as_built,243,100,50.0,0.1,S1,47,4.804926025722614,-1.8152217785450486,-0.4952700890116192,0.25,6.34664359209387,log10_cycles,fresh_normal_prior
Beretta_2022:AB:FN7-243,as_built,243,50,25.0,0.1,S1,47,4.804926025722614,-1.8152217785450486,-0.4952700890116192,0.25,8.161865370669751,log10_cycles,fresh_normal_prior
Beretta_2022:AB:FN1-245,as_built,245,75,37.5,0.1,S1,47,4.804926025722614,-1.8152217785450486,-0.4952700890116192,0.25,7.100028699717435,log10_cycles,fresh_normal_prior
Beretta_2022:AB:FN2-245,as_built,245,50,25.0,0.1,S1,47,4.804926025722614,-1.8152217785450486,-0.4952700890116192,0.25,8.161865370669751,log10_cycles,fresh_normal_prior
Beretta_2022:AB:FN3-245,as_built,245,100,50.0,0.1,S1,47,4.804926025722614,-1.8152217785450486,-0.4952700890116192,0.25,6.34664359209387,log10_cycles,fresh_normal_prior
Beretta_2022:AB:FN4-245,as_built,245,160,80.0,0.1,S1,47,4.804926025722614,-1.8152217785450486,-0.4952700890116192,0.25,5.115792702513124,log10_cycles,fresh_normal_prior
Beretta_2022:AB:FN5-245,as_built,245,120,60.0,0.1,S1,47,4.804926025722614,-1.8152217785450486,-0.4952700890116192,0.25,5.869177810137444,log10_cycles,fresh_normal_prior
Beretta_2022:AB:FN6-245,as_built,245,75,37.5,0.1,S1,47,4.804926025722614,-1.8152217785450486,-0.4952700890116192,0.25,7.100028699717435,log10_cycles,fresh_normal_prior
Beretta_2022:AB:FN7-245,as_built,245,45,22.5,0.1,S1,47,4.804926025722614,-1.8152217785450486,-0.4952700890116192,0.25,8.437784696286323,log10_cycles,fresh_normal_prior
Beretta_2022:M:FN3-242,machined,242,180,90.0,0.1,S0,71,4.799461203135131,-1.816637815924014,-0.4976328877743621,0.25,4.801497678988911,log10_cycles,fresh_normal_prior
Beretta_2022:M:FN4-242,machined,242,150,75.0,0.1,S0,71,4.799461203135131,-1.816637815924014,-0.4976328877743621,0.25,5.279335927515685,log10_cycles,fresh_normal_prior
Beretta_2022:M:FN5-242,machined,242,210,105.0,0.1,S0,71,4.799461203135131,-1.816637815924014,-0.4976328877743621,0.25,4.397491196414216,log10_cycles,fresh_normal_prior
Beretta_2022:M:FN6-242,machined,242,160,80.0,0.1,S0,71,4.799461203135131,-1.816637815924014,-0.4976328877743621,0.25,5.110189862464527,log10_cycles,fresh_normal_prior
Beretta_2022:M:FN2-243,machined,243,140,70.0,0.1,S0,71,4.799461203135131,-1.816637815924014,-0.4976328877743621,0.25,5.460156196121744,log10_cycles,fresh_normal_prior
Beretta_2022:M:FN3-243,machined,243,180,90.0,0.1,S0,71,4.799461203135131,-1.816637815924014,-0.4976328877743621,0.25,4.801497678988911,log10_cycles,fresh_normal_prior
Beretta_2022:M:FN4-243,machined,243,150,75.0,0.1,S0,71,4.799461203135131,-1.816637815924014,-0.4976328877743621,0.25,5.279335927515685,log10_cycles,fresh_normal_prior
Beretta_2022:M:FN6-243,machined,243,160,80.0,0.1,S0,71,4.799461203135131,-1.816637815924014,-0.4976328877743621,0.25,5.110189862464527,log10_cycles,fresh_normal_prior
Beretta_2022:M:FN7-243,machined,243,210,105.0,0.1,S0,71,4.799461203135131,-1.816637815924014,-0.4976328877743621,0.25,4.397491196414216,log10_cycles,fresh_normal_prior
Beretta_2022:M:FN3-245,machined,245,180,90.0,0.1,S0,71,4.799461203135131,-1.816637815924014,-0.4976328877743621,0.25,4.801497678988911,log10_cycles,fresh_normal_prior
Beretta_2022:M:FN4-245,machined,245,210,105.0,0.1,S0,71,4.799461203135131,-1.816637815924014,-0.4976328877743621,0.25,4.397491196414216,log10_cycles,fresh_normal_prior
Beretta_2022:M:FN6-245,machined,245,160,80.0,0.1,S0,71,4.799461203135131,-1.816637815924014,-0.4976328877743621,0.25,5.110189862464527,log10_cycles,fresh_normal_prior
Beretta_2022:M:FN7-245,machined,245,140,70.0,0.1,S0,71,4.799461203135131,-1.816637815924014,-0.4976328877743621,0.25,5.460156196121744,log10_cycles,fresh_normal_prior
Beretta_2022:AB:FN1-242,as_built,242,60,30.0,0.1,S0,71,4.799461203135131,-1.816637815924014,-0.4976328877743621,0.25,7.68080049460761,log10_cycles,fresh_normal_prior
Beretta_2022:AB:FN2-242,as_built,242,45,22.5,0.1,S0,71,4.799461203135131,-1.816637815924014,-0.4976328877743621,0.25,8.434773310836938,log10_cycles,fresh_normal_prior
Beretta_2022:AB:FN3-242,as_built,242,75,37.5,0.1,S0,71,4.799461203135131,-1.816637815924014,-0.4976328877743621,0.25,7.095973743439699,log10_cycles,fresh_normal_prior
Beretta_2022:AB:FN4-242,as_built,242,100,50.0,0.1,S0,71,4.799461203135131,-1.816637815924014,-0.4976328877743621,0.25,6.342000927208527,log10_cycles,fresh_normal_prior
Beretta_2022:AB:FN5-242,as_built,242,60,30.0,0.1,S0,71,4.799461203135131,-1.816637815924014,-0.4976328877743621,0.25,7.68080049460761,log10_cycles,fresh_normal_prior
Beretta_2022:AB:FN6-242,as_built,242,120,60.0,0.1,S0,71,4.799461203135131,-1.816637815924014,-0.4976328877743621,0.25,5.864162678696442,log10_cycles,fresh_normal_prior
Beretta_2022:AB:FN7-242,as_built,242,50,25.0,0.1,S0,71,4.799461203135131,-1.816637815924014,-0.4976328877743621,0.25,8.158638743165124,log10_cycles,fresh_normal_prior
Beretta_2022:AB:FN3-243,as_built,243,120,60.0,0.1,S0,71,4.799461203135131,-1.816637815924014,-0.4976328877743621,0.25,5.864162678696442,log10_cycles,fresh_normal_prior
Beretta_2022:AB:FN4-243,as_built,243,60,30.0,0.1,S0,71,4.799461203135131,-1.816637815924014,-0.4976328877743621,0.25,7.68080049460761,log10_cycles,fresh_normal_prior
Beretta_2022:AB:FN5-243,as_built,243,75,37.5,0.1,S0,71,4.799461203135131,-1.816637815924014,-0.4976328877743621,0.25,7.095973743439699,log10_cycles,fresh_normal_prior
Beretta_2022:AB:FN6-243,as_built,243,100,50.0,0.1,S0,71,4.799461203135131,-1.816637815924014,-0.4976328877743621,0.25,6.342000927208527,log10_cycles,fresh_normal_prior
Beretta_2022:AB:FN7-243,as_built,243,50,25.0,0.1,S0,71,4.799461203135131,-1.816637815924014,-0.4976328877743621,0.25,8.158638743165124,log10_cycles,fresh_normal_prior
Beretta_2022:AB:FN1-245,as_built,245,75,37.5,0.1,S0,71,4.799461203135131,-1.816637815924014,-0.4976328877743621,0.25,7.095973743439699,log10_cycles,fresh_normal_prior
Beretta_2022:AB:FN2-245,as_built,245,50,25.0,0.1,S0,71,4.799461203135131,-1.816637815924014,-0.4976328877743621,0.25,8.158638743165124,log10_cycles,fresh_normal_prior
Beretta_2022:AB:FN3-245,as_built,245,100,50.0,0.1,S0,71,4.799461203135131,-1.816637815924014,-0.4976328877743621,0.25,6.342000927208527,log10_cycles,fresh_normal_prior
Beretta_2022:AB:FN4-245,as_built,245,160,80.0,0.1,S0,71,4.799461203135131,-1.816637815924014,-0.4976328877743621,0.25,5.110189862464527,log10_cycles,fresh_normal_prior
Beretta_2022:AB:FN5-245,as_built,245,120,60.0,0.1,S0,71,4.799461203135131,-1.816637815924014,-0.4976328877743621,0.25,5.864162678696442,log10_cycles,fresh_normal_prior
Beretta_2022:AB:FN6-245,as_built,245,75,37.5,0.1,S0,71,4.799461203135131,-1.816637815924014,-0.4976328877743621,0.25,7.095973743439699,log10_cycles,fresh_normal_prior
Beretta_2022:AB:FN7-245,as_built,245,45,22.5,0.1,S0,71,4.799461203135131,-1.816637815924014,-0.4976328877743621,0.25,8.434773310836938,log10_cycles,fresh_normal_prior
Beretta_2022:M:FN3-242,machined,242,180,90.0,0.1,S1,71,4.802701590233299,-1.8172557398748743,-0.49684621098864373,0.25,4.805029885227657,log10_cycles,fresh_normal_prior
Beretta_2022:M:FN4-242,machined,242,150,75.0,0.1,S1,71,4.802701590233299,-1.8172557398748743,-0.49684621098864373,0.25,5.283030669013696,log10_cycles,fresh_normal_prior
Beretta_2022:M:FN5-242,machined,242,210,105.0,0.1,S1,71,4.802701590233299,-1.8172557398748743,-0.49684621098864373,0.25,4.400885981049328,log10_cycles,fresh_normal_prior
Beretta_2022:M:FN6-242,machined,242,160,80.0,0.1,S1,71,4.802701590233299,-1.8172557398748743,-0.49684621098864373,0.25,5.113827069429141,log10_cycles,fresh_normal_prior
Beretta_2022:M:FN2-243,machined,243,140,70.0,0.1,S1,71,4.802701590233299,-1.8172557398748743,-0.49684621098864373,0.25,5.463912443096407,log10_cycles,fresh_normal_prior
Beretta_2022:M:FN3-243,machined,243,180,90.0,0.1,S1,71,4.802701590233299,-1.8172557398748743,-0.49684621098864373,0.25,4.805029885227657,log10_cycles,fresh_normal_prior
Beretta_2022:M:FN4-243,machined,243,150,75.0,0.1,S1,71,4.802701590233299,-1.8172557398748743,-0.49684621098864373,0.25,5.283030669013696,log10_cycles,fresh_normal_prior
Beretta_2022:M:FN6-243,machined,243,160,80.0,0.1,S1,71,4.802701590233299,-1.8172557398748743,-0.49684621098864373,0.25,5.113827069429141,log10_cycles,fresh_normal_prior
Beretta_2022:M:FN7-243,machined,243,210,105.0,0.1,S1,71,4.802701590233299,-1.8172557398748743,-0.49684621098864373,0.25,4.400885981049328,log10_cycles,fresh_normal_prior
Beretta_2022:M:FN3-245,machined,245,180,90.0,0.1,S1,71,4.802701590233299,-1.8172557398748743,-0.49684621098864373,0.25,4.805029885227657,log10_cycles,fresh_normal_prior
Beretta_2022:M:FN4-245,machined,245,210,105.0,0.1,S1,71,4.802701590233299,-1.8172557398748743,-0.49684621098864373,0.25,4.400885981049328,log10_cycles,fresh_normal_prior
Beretta_2022:M:FN6-245,machined,245,160,80.0,0.1,S1,71,4.802701590233299,-1.8172557398748743,-0.49684621098864373,0.25,5.113827069429141,log10_cycles,fresh_normal_prior
Beretta_2022:M:FN7-245,machined,245,140,70.0,0.1,S1,71,4.802701590233299,-1.8172557398748743,-0.49684621098864373,0.25,5.463912443096407,log10_cycles,fresh_normal_prior
Beretta_2022:AB:FN1-242,as_built,242,60,30.0,0.1,S1,71,4.802701590233299,-1.8172557398748743,-0.49684621098864373,0.25,7.68531208713951,log10_cycles,fresh_normal_prior
Beretta_2022:AB:FN2-242,as_built,242,45,22.5,0.1,S1,71,4.802701590233299,-1.8172557398748743,-0.49684621098864373,0.25,8.439541364977405,log10_cycles,fresh_normal_prior
Beretta_2022:AB:FN3-242,as_built,242,75,37.5,0.1,S1,71,4.802701590233299,-1.8172557398748743,-0.49684621098864373,0.25,7.10028640888857,log10_cycles,fresh_normal_prior
Beretta_2022:AB:FN4-242,as_built,242,100,50.0,0.1,S1,71,4.802701590233299,-1.8172557398748743,-0.49684621098864373,0.25,6.346057131042156,log10_cycles,fresh_normal_prior
Beretta_2022:AB:FN5-242,as_built,242,60,30.0,0.1,S1,71,4.802701590233299,-1.8172557398748743,-0.49684621098864373,0.25,7.68531208713951,log10_cycles,fresh_normal_prior
Beretta_2022:AB:FN6-242,as_built,242,120,60.0,0.1,S1,71,4.802701590233299,-1.8172557398748743,-0.49684621098864373,0.25,5.868056347274738,log10_cycles,fresh_normal_prior
Beretta_2022:AB:FN7-242,as_built,242,50,25.0,0.1,S1,71,4.802701590233299,-1.8172557398748743,-0.49684621098864373,0.25,8.163312870948667,log10_cycles,fresh_normal_prior
Beretta_2022:AB:FN3-243,as_built,243,120,60.0,0.1,S1,71,4.802701590233299,-1.8172557398748743,-0.49684621098864373,0.25,5.868056347274738,log10_cycles,fresh_normal_prior
Beretta_2022:AB:FN4-243,as_built,243,60,30.0,0.1,S1,71,4.802701590233299,-1.8172557398748743,-0.49684621098864373,0.25,7.68531208713951,log10_cycles,fresh_normal_prior
Beretta_2022:AB:FN5-243,as_built,243,75,37.5,0.1,S1,71,4.802701590233299,-1.8172557398748743,-0.49684621098864373,0.25,7.10028640888857,log10_cycles,fresh_normal_prior
Beretta_2022:AB:FN6-243,as_built,243,100,50.0,0.1,S1,71,4.802701590233299,-1.8172557398748743,-0.49684621098864373,0.25,6.346057131042156,log10_cycles,fresh_normal_prior
Beretta_2022:AB:FN7-243,as_built,243,50,25.0,0.1,S1,71,4.802701590233299,-1.8172557398748743,-0.49684621098864373,0.25,8.163312870948667,log10_cycles,fresh_normal_prior
Beretta_2022:AB:FN1-245,as_built,245,75,37.5,0.1,S1,71,4.802701590233299,-1.8172557398748743,-0.49684621098864373,0.25,7.10028640888857,log10_cycles,fresh_normal_prior
Beretta_2022:AB:FN2-245,as_built,245,50,25.0,0.1,S1,71,4.802701590233299,-1.8172557398748743,-0.49684621098864373,0.25,8.163312870948667,log10_cycles,fresh_normal_prior
Beretta_2022:AB:FN3-245,as_built,245,100,50.0,0.1,S1,71,4.802701590233299,-1.8172557398748743,-0.49684621098864373,0.25,6.346057131042156,log10_cycles,fresh_normal_prior
Beretta_2022:AB:FN4-245,as_built,245,160,80.0,0.1,S1,71,4.802701590233299,-1.8172557398748743,-0.49684621098864373,0.25,5.113827069429141,log10_cycles,fresh_normal_prior
Beretta_2022:AB:FN5-245,as_built,245,120,60.0,0.1,S1,71,4.802701590233299,-1.8172557398748743,-0.49684621098864373,0.25,5.868056347274738,log10_cycles,fresh_normal_prior
Beretta_2022:AB:FN6-245,as_built,245,75,37.5,0.1,S1,71,4.802701590233299,-1.8172557398748743,-0.49684621098864373,0.25,7.10028640888857,log10_cycles,fresh_normal_prior
Beretta_2022:AB:FN7-245,as_built,245,45,22.5,0.1,S1,71,4.802701590233299,-1.8172557398748743,-0.49684621098864373,0.25,8.439541364977405,log10_cycles,fresh_normal_prior
Beretta_2022:M:FN3-242,machined,242,180,90.0,0.1,S0,101,4.825795271369639,-1.8109071586585492,-0.5035918916439762,0.25,4.825456290839873,log10_cycles,fresh_normal_prior
Beretta_2022:M:FN4-242,machined,242,150,75.0,0.1,S0,101,4.825795271369639,-1.8109071586585492,-0.5035918916439762,0.25,5.301787179337788,log10_cycles,fresh_normal_prior
Beretta_2022:M:FN5-242,machined,242,210,105.0,0.1,S0,101,4.825795271369639,-1.8109071586585492,-0.5035918916439762,0.25,4.422724263010292,log10_cycles,fresh_normal_prior
Beretta_2022:M:FN6-242,machined,242,160,80.0,0.1,S0,101,4.825795271369639,-1.8109071586585492,-0.5035918916439762,0.25,5.133174692366853,log10_cycles,fresh_normal_prior
Beretta_2022:M:FN2-243,machined,243,140,70.0,0.1,S0,101,4.825795271369639,-1.8109071586585492,-0.5035918916439762,0.25,5.482037043113039,log10_cycles,fresh_normal_prior
Beretta_2022:M:FN3-243,machined,243,180,90.0,0.1,S0,101,4.825795271369639,-1.8109071586585492,-0.5035918916439762,0.25,4.825456290839873,log10_cycles,fresh_normal_prior
Beretta_2022:M:FN4-243,machined,243,150,75.0,0.1,S0,101,4.825795271369639,-1.8109071586585492,-0.5035918916439762,0.25,5.301787179337788,log10_cycles,fresh_normal_prior
Beretta_2022:M:FN6-243,machined,243,160,80.0,0.1,S0,101,4.825795271369639,-1.8109071586585492,-0.5035918916439762,0.25,5.133174692366853,log10_cycles,fresh_normal_prior
Beretta_2022:M:FN7-243,machined,243,210,105.0,0.1,S0,101,4.825795271369639,-1.8109071586585492,-0.5035918916439762,0.25,4.422724263010292,log10_cycles,fresh_normal_prior
Beretta_2022:M:FN3-245,machined,245,180,90.0,0.1,S0,101,4.825795271369639,-1.8109071586585492,-0.5035918916439762,0.25,4.825456290839873,log10_cycles,fresh_normal_prior
Beretta_2022:M:FN4-245,machined,245,210,105.0,0.1,S0,101,4.825795271369639,-1.8109071586585492,-0.5035918916439762,0.25,4.422724263010292,log10_cycles,fresh_normal_prior
Beretta_2022:M:FN6-245,machined,245,160,80.0,0.1,S0,101,4.825795271369639,-1.8109071586585492,-0.5035918916439762,0.25,5.133174692366853,log10_cycles,fresh_normal_prior
Beretta_2022:M:FN7-245,machined,245,140,70.0,0.1,S0,101,4.825795271369639,-1.8109071586585492,-0.5035918916439762,0.25,5.482037043113039,log10_cycles,fresh_normal_prior
Beretta_2022:AB:FN1-242,as_built,242,60,30.0,0.1,S0,101,4.825795271369639,-1.8109071586585492,-0.5035918916439762,0.25,7.6956762295948495,log10_cycles,fresh_normal_prior
Beretta_2022:AB:FN2-242,as_built,242,45,22.5,0.1,S0,101,4.825795271369639,-1.8109071586585492,-0.5035918916439762,0.25,8.447270608156972,log10_cycles,fresh_normal_prior
Beretta_2022:AB:FN3-242,as_built,242,75,37.5,0.1,S0,101,4.825795271369639,-1.8109071586585492,-0.5035918916439762,0.25,7.112694337996338,log10_cycles,fresh_normal_prior
Beretta_2022:AB:FN4-242,as_built,242,100,50.0,0.1,S0,101,4.825795271369639,-1.8109071586585492,-0.5035918916439762,0.25,6.361099959455952,log10_cycles,fresh_normal_prior
Beretta_2022:AB:FN5-242,as_built,242,60,30.0,0.1,S0,101,4.825795271369639,-1.8109071586585492,-0.5035918916439762,0.25,7.6956762295948495,log10_cycles,fresh_normal_prior
Beretta_2022:AB:FN6-242,as_built,242,120,60.0,0.1,S0,101,4.825795271369639,-1.8109071586585492,-0.5035918916439762,0.25,5.884769070964373,log10_cycles,fresh_normal_prior
Beretta_2022:AB:FN7-242,as_built,242,50,25.0,0.1,S0,101,4.825795271369639,-1.8109071586585492,-0.5035918916439762,0.25,8.172007118117818,log10_cycles,fresh_normal_prior
Beretta_2022:AB:FN3-243,as_built,243,120,60.0,0.1,S0,101,4.825795271369639,-1.8109071586585492,-0.5035918916439762,0.25,5.884769070964373,log10_cycles,fresh_normal_prior
Beretta_2022:AB:FN4-243,as_built,243,60,30.0,0.1,S0,101,4.825795271369639,-1.8109071586585492,-0.5035918916439762,0.25,7.6956762295948495,log10_cycles,fresh_normal_prior
Beretta_2022:AB:FN5-243,as_built,243,75,37.5,0.1,S0,101,4.825795271369639,-1.8109071586585492,-0.5035918916439762,0.25,7.112694337996338,log10_cycles,fresh_normal_prior
Beretta_2022:AB:FN6-243,as_built,243,100,50.0,0.1,S0,101,4.825795271369639,-1.8109071586585492,-0.5035918916439762,0.25,6.361099959455952,log10_cycles,fresh_normal_prior
Beretta_2022:AB:FN7-243,as_built,243,50,25.0,0.1,S0,101,4.825795271369639,-1.8109071586585492,-0.5035918916439762,0.25,8.172007118117818,log10_cycles,fresh_normal_prior
Beretta_2022:AB:FN1-245,as_built,245,75,37.5,0.1,S0,101,4.825795271369639,-1.8109071586585492,-0.5035918916439762,0.25,7.112694337996338,log10_cycles,fresh_normal_prior
Beretta_2022:AB:FN2-245,as_built,245,50,25.0,0.1,S0,101,4.825795271369639,-1.8109071586585492,-0.5035918916439762,0.25,8.172007118117818,log10_cycles,fresh_normal_prior
Beretta_2022:AB:FN3-245,as_built,245,100,50.0,0.1,S0,101,4.825795271369639,-1.8109071586585492,-0.5035918916439762,0.25,6.361099959455952,log10_cycles,fresh_normal_prior
Beretta_2022:AB:FN4-245,as_built,245,160,80.0,0.1,S0,101,4.825795271369639,-1.8109071586585492,-0.5035918916439762,0.25,5.133174692366853,log10_cycles,fresh_normal_prior
Beretta_2022:AB:FN5-245,as_built,245,120,60.0,0.1,S0,101,4.825795271369639,-1.8109071586585492,-0.5035918916439762,0.25,5.884769070964373,log10_cycles,fresh_normal_prior
Beretta_2022:AB:FN6-245,as_built,245,75,37.5,0.1,S0,101,4.825795271369639,-1.8109071586585492,-0.5035918916439762,0.25,7.112694337996338,log10_cycles,fresh_normal_prior
Beretta_2022:AB:FN7-245,as_built,245,45,22.5,0.1,S0,101,4.825795271369639,-1.8109071586585492,-0.5035918916439762,0.25,8.447270608156972,log10_cycles,fresh_normal_prior
Beretta_2022:M:FN3-242,machined,242,180,90.0,0.1,S1,101,4.809155218680618,-1.8152086887913128,-0.49600085254719223,0.25,4.811384826590992,log10_cycles,fresh_normal_prior
Beretta_2022:M:FN4-242,machined,242,150,75.0,0.1,S1,101,4.809155218680618,-1.8152086887913128,-0.49600085254719223,0.25,5.288847165511555,log10_cycles,fresh_normal_prior
Beretta_2022:M:FN5-242,machined,242,210,105.0,0.1,S1,101,4.809155218680618,-1.8152086887913128,-0.49600085254719223,0.25,4.407696171059737,log10_cycles,fresh_normal_prior
Beretta_2022:M:FN6-242,machined,242,160,80.0,0.1,S1,101,4.809155218680618,-1.8152086887913128,-0.49600085254719223,0.25,5.119834165630109,log10_cycles,fresh_normal_prior
Beretta_2022:M:FN2-243,machined,243,140,70.0,0.1,S1,101,4.809155218680618,-1.8152086887913128,-0.49600085254719223,0.25,5.469525184985871,log10_cycles,fresh_normal_prior
Beretta_2022:M:FN3-243,machined,243,180,90.0,0.1,S1,101,4.809155218680618,-1.8152086887913128,-0.49600085254719223,0.25,4.811384826590992,log10_cycles,fresh_normal_prior
Beretta_2022:M:FN4-243,machined,243,150,75.0,0.1,S1,101,4.809155218680618,-1.8152086887913128,-0.49600085254719223,0.25,5.288847165511555,log10_cycles,fresh_normal_prior
Beretta_2022:M:FN6-243,machined,243,160,80.0,0.1,S1,101,4.809155218680618,-1.8152086887913128,-0.49600085254719223,0.25,5.119834165630109,log10_cycles,fresh_normal_prior
Beretta_2022:M:FN7-243,machined,243,210,105.0,0.1,S1,101,4.809155218680618,-1.8152086887913128,-0.49600085254719223,0.25,4.407696171059737,log10_cycles,fresh_normal_prior
Beretta_2022:M:FN3-245,machined,245,180,90.0,0.1,S1,101,4.809155218680618,-1.8152086887913128,-0.49600085254719223,0.25,4.811384826590992,log10_cycles,fresh_normal_prior
Beretta_2022:M:FN4-245,machined,245,210,105.0,0.1,S1,101,4.809155218680618,-1.8152086887913128,-0.49600085254719223,0.25,4.407696171059737,log10_cycles,fresh_normal_prior
Beretta_2022:M:FN6-245,machined,245,160,80.0,0.1,S1,101,4.809155218680618,-1.8152086887913128,-0.49600085254719223,0.25,5.119834165630109,log10_cycles,fresh_normal_prior
Beretta_2022:M:FN7-245,machined,245,140,70.0,0.1,S1,101,4.809155218680618,-1.8152086887913128,-0.49600085254719223,0.25,5.469525184985871,log10_cycles,fresh_normal_prior
Beretta_2022:AB:FN1-242,as_built,242,60,30.0,0.1,S1,101,4.809155218680618,-1.8152086887913128,-0.49600085254719223,0.25,7.688422529299949,log10_cycles,fresh_normal_prior
Beretta_2022:AB:FN2-242,as_built,242,45,22.5,0.1,S1,101,4.809155218680618,-1.8152086887913128,-0.49600085254719223,0.25,8.441802204173618,log10_cycles,fresh_normal_prior
Beretta_2022:AB:FN3-242,as_built,242,75,37.5,0.1,S1,101,4.809155218680618,-1.8152086887913128,-0.49600085254719223,0.25,7.104055854302869,log10_cycles,fresh_normal_prior
Beretta_2022:AB:FN4-242,as_built,242,100,50.0,0.1,S1,101,4.809155218680618,-1.8152086887913128,-0.49600085254719223,0.25,6.350676179413866,log10_cycles,fresh_normal_prior
Beretta_2022:AB:FN5-242,as_built,242,60,30.0,0.1,S1,101,4.809155218680618,-1.8152086887913128,-0.49600085254719223,0.25,7.688422529299949,log10_cycles,fresh_normal_prior
Beretta_2022:AB:FN6-242,as_built,242,120,60.0,0.1,S1,101,4.809155218680618,-1.8152086887913128,-0.49600085254719223,0.25,5.87321384051713,log10_cycles,fresh_normal_prior
Beretta_2022:AB:FN7-242,as_built,242,50,25.0,0.1,S1,101,4.809155218680618,-1.8152086887913128,-0.49600085254719223,0.25,8.165884868238237,log10_cycles,fresh_normal_prior
Beretta_2022:AB:FN3-243,as_built,243,120,60.0,0.1,S1,101,4.809155218680618,-1.8152086887913128,-0.49600085254719223,0.25,5.87321384051713,log10_cycles,fresh_normal_prior
Beretta_2022:AB:FN4-243,as_built,243,60,30.0,0.1,S1,101,4.809155218680618,-1.8152086887913128,-0.49600085254719223,0.25,7.688422529299949,log10_cycles,fresh_normal_prior
Beretta_2022:AB:FN5-243,as_built,243,75,37.5,0.1,S1,101,4.809155218680618,-1.8152086887913128,-0.49600085254719223,0.25,7.104055854302869,log10_cycles,fresh_normal_prior
Beretta_2022:AB:FN6-243,as_built,243,100,50.0,0.1,S1,101,4.809155218680618,-1.8152086887913128,-0.49600085254719223,0.25,6.350676179413866,log10_cycles,fresh_normal_prior
Beretta_2022:AB:FN7-243,as_built,243,50,25.0,0.1,S1,101,4.809155218680618,-1.8152086887913128,-0.49600085254719223,0.25,8.165884868238237,log10_cycles,fresh_normal_prior
Beretta_2022:AB:FN1-245,as_built,245,75,37.5,0.1,S1,101,4.809155218680618,-1.8152086887913128,-0.49600085254719223,0.25,7.104055854302869,log10_cycles,fresh_normal_prior
Beretta_2022:AB:FN2-245,as_built,245,50,25.0,0.1,S1,101,4.809155218680618,-1.8152086887913128,-0.49600085254719223,0.25,8.165884868238237,log10_cycles,fresh_normal_prior
Beretta_2022:AB:FN3-245,as_built,245,100,50.0,0.1,S1,101,4.809155218680618,-1.8152086887913128,-0.49600085254719223,0.25,6.350676179413866,log10_cycles,fresh_normal_prior
Beretta_2022:AB:FN4-245,as_built,245,160,80.0,0.1,S1,101,4.809155218680618,-1.8152086887913128,-0.49600085254719223,0.25,5.119834165630109,log10_cycles,fresh_normal_prior
Beretta_2022:AB:FN5-245,as_built,245,120,60.0,0.1,S1,101,4.809155218680618,-1.8152086887913128,-0.49600085254719223,0.25,5.87321384051713,log10_cycles,fresh_normal_prior
Beretta_2022:AB:FN6-245,as_built,245,75,37.5,0.1,S1,101,4.809155218680618,-1.8152086887913128,-0.49600085254719223,0.25,7.104055854302869,log10_cycles,fresh_normal_prior
Beretta_2022:AB:FN7-245,as_built,245,45,22.5,0.1,S1,101,4.809155218680618,-1.8152086887913128,-0.49600085254719223,0.25,8.441802204173618,log10_cycles,fresh_normal_prior
