stratum,arm,seed,n,failures,runouts,mean_nll,mean_nll_minus_C1
as_built_19,C0,,19,15,4,1.430202987799403,-0.010282443527738631
as_built_19,C1,,19,15,4,1.4404854313271416,0.0
as_built_19,S0,101,19,15,4,1.4516360482687016,0.011150616941560113
as_built_19,S0,13,19,15,4,1.4447528336137403,0.004267402286598603
as_built_19,S0,29,19,15,4,1.4315519361105202,-0.008933495216621158
as_built_19,S0,47,19,15,4,1.4438992054096345,0.003413774082492882
as_built_19,S0,71,19,15,4,1.43744325753267,-0.0030421737944713065
as_built_19,S1,101,19,15,4,1.445243502742506,0.0047580714153643636
as_built_19,S1,13,19,15,4,1.4377447230555358,-0.002740708271605739
as_built_19,S1,29,19,15,4,1.436026591724047,-0.004458839603094795
as_built_19,S1,47,19,15,4,1.4418495790335057,0.0013641477063643585
as_built_19,S1,71,19,15,4,1.4413569625811231,0.000871531253981574
exclude_anomaly_31,C0,,31,24,7,1.5752760795866927,0.07161428243676418
exclude_anomaly_31,C1,,31,24,7,1.5036617971499286,0.0
exclude_anomaly_31,S0,101,31,24,7,1.4969382810344318,-0.0067235161154966545
exclude_anomaly_31,S0,13,31,24,7,1.5001404342244267,-0.003521362925501816
exclude_anomaly_31,S0,29,31,24,7,1.5037264115743094,6.461442438077114e-05
exclude_anomaly_31,S0,47,31,24,7,1.5042898143392625,0.000628017189333936
exclude_anomaly_31,S0,71,31,24,7,1.5035064155957951,-0.0001553815541333979
exclude_anomaly_31,S1,101,31,24,7,1.5031193371174918,-0.0005424600324366099
exclude_anomaly_31,S1,13,31,24,7,1.5021828428153328,-0.0014789543345956684
exclude_anomaly_31,S1,29,31,24,7,1.5029050684716296,-0.0007567286782988978
exclude_anomaly_31,S1,47,31,24,7,1.5037469455875754,8.514843764701087e-05
exclude_anomaly_31,S1,71,31,24,7,1.503914261749462,0.00025246459953350947
failure_25,C0,,25,25,0,1.4496772543083483,-0.006129960050491787
failure_25,C1,,25,25,0,1.45580721435884,0.0
failure_25,S0,101,25,25,0,1.4615629498782954,0.005755735519455118
failure_25,S0,13,25,25,0,1.4570301764433389,0.00122296208449864
failure_25,S0,29,25,25,0,1.450560948642452,-0.005246265716388194
failure_25,S0,47,25,25,0,1.457524376755723,0.0017171623968828698
failure_25,S0,71,25,25,0,1.4546769485573519,-0.0011302658014883526
failure_25,S1,101,25,25,0,1.458457417004784,0.00265020264594364
failure_25,S1,13,25,25,0,1.4535705415633402,-0.002236672795500123
failure_25,S1,29,25,25,0,1.4529438901664369,-0.0028633241924034005
failure_25,S1,47,25,25,0,1.456593124680785,0.0007859103219447405
failure_25,S1,71,25,25,0,1.4568613795123064,0.0010541651534661867
machined_13,C0,,13,10,3,1.7362988939665338,0.18205422273876146
machined_13,C1,,13,10,3,1.5542446712277722,0.0
machined_13,S0,101,13,10,3,1.5231698619807306,-0.031074809247041646
machined_13,S0,13,13,10,3,1.5399264844637597,-0.014318186764012463
machined_13,S0,29,13,10,3,1.566816955196684,0.012572283968911559
machined_13,S0,47,13,10,3,1.5508484616453002,-0.003396209582472152
machined_13,S0,71,13,10,3,1.558300554087573,0.0040558828598006216
machined_13,S1,101,13,10,3,1.546350143505007,-0.007894527722765195
machined_13,S1,13,13,10,3,1.5545160572298222,0.0002713860020498406
machined_13,S1,29,13,10,3,1.5586560486933911,0.0044113774656187555
machined_13,S1,47,13,10,3,1.5525370783113184,-0.0017075929164540764
machined_13,S1,71,13,10,3,1.5537558661275357,-0.0004888051002365223
overall_32,C0,,32,25,7,1.5545544496797998,0.06785432714302704
overall_32,C1,,32,25,7,1.4867001225367729,0.0
overall_32,S0,101,32,25,7,1.4806966600892135,-0.006003462447559352
overall_32,S0,13,32,25,7,1.4834171292715606,-0.003282993265212142
overall_32,S0,29,32,25,7,1.4865033501142744,-0.00019677242249849236
overall_32,S0,47,32,25,7,1.4873473407553737,0.0006472182186008368
overall_32,S0,71,32,25,7,1.4865415342580994,-0.00015858827867333558
overall_32,S1,101,32,25,7,1.486318075552272,-0.00038204698450076957
overall_32,S1,13,32,25,7,1.4851830775638397,-0.0015170449729331598
overall_32,S1,29,32,25,7,1.4858448086178428,-0.0008553139189299147
overall_32,S1,47,32,25,7,1.4868163756151171,0.00011625307834436938
overall_32,S1,71,32,25,7,1.4870190171468534,0.0003188946100804724
runout_7,C0,,7,0,7,1.9291158617206978,0.3320839242627371
runout_7,C1,,7,0,7,1.5970319374579607,0.0
runout_7,S0,101,7,0,7,1.549031339413921,-0.048000598044039604
runout_7,S0,13,7,0,7,1.57765624651521,-0.01937569094275065
runout_7,S0,29,7,0,7,1.6148690696564967,0.01783713219853616
runout_7,S0,47,7,0,7,1.5938579264684114,-0.0031740109895492807
runout_7,S0,71,7,0,7,1.6003436260464838,0.003311688588523154
runout_7,S1,101,7,0,7,1.585820427507587,-0.011211509950373661
runout_7,S1,13,7,0,7,1.5980849918513382,0.0010530543933774236
runout_7,S1,29,7,0,7,1.603348088801436,0.006316151343475391
runout_7,S1,47,7,0,7,1.5947565575234464,-0.002275379934514099
runout_7,S1,71,7,0,7,1.5947248658416637,-0.002307071616297079
