stratum,arm,n,failures,runouts,seed_count,mean_nll,min_seed_nll,max_seed_nll,mean_nll_minus_C1
overall_32,C0,32,25,7,1,1.5545544496797998,1.5545544496797998,1.5545544496797998,0.06785432714302697
overall_32,C1,32,25,7,1,1.4867001225367729,1.4867001225367729,1.4867001225367729,0.0
overall_32,S0,32,25,7,5,1.4849012028977042,1.4806966600892135,1.4873473407553737,-0.0017989196390686413
overall_32,S1,32,25,7,5,1.486236270899185,1.4851830775638397,1.4870190171468534,-0.0004638516375878865
failure_25,C0,25,25,0,1,1.4496772543083483,1.4496772543083483,1.4496772543083483,-0.006129960050491823
failure_25,C1,25,25,0,1,1.45580721435884,1.45580721435884,1.45580721435884,0.0
failure_25,S0,25,25,0,5,1.4562710800554322,1.450560948642452,1.4615629498782954,0.00046386569659206955
failure_25,S1,25,25,0,5,1.4556852705855305,1.4529438901664369,1.458457417004784,-0.00012194377330954076
runout_7,C0,7,0,7,1,1.9291158617206978,1.9291158617206978,1.9291158617206978,0.33208392426273714
runout_7,C1,7,0,7,1,1.5970319374579607,1.5970319374579607,1.5970319374579607,0.0
runout_7,S0,7,0,7,5,1.5871516416201046,1.549031339413921,1.6148690696564967,-0.009880295837856101
runout_7,S1,7,0,7,5,1.5953469863050942,1.585820427507587,1.603348088801436,-0.0016849511528664873
as_built_19,C0,19,15,4,1,1.430202987799403,1.430202987799403,1.430202987799403,-0.01028244352773866
as_built_19,C1,19,15,4,1,1.4404854313271416,1.4404854313271416,1.4404854313271416,0.0
as_built_19,S0,19,15,4,5,1.4418566561870534,1.4315519361105202,1.4516360482687016,0.0013712248599118126
as_built_19,S1,19,15,4,5,1.4404442718273436,1.436026591724047,1.445243502742506,-4.1159499797993604e-05
machined_13,C0,13,10,3,1,1.7362988939665338,1.7362988939665338,1.7362988939665338,0.1820542227387616
machined_13,C1,13,10,3,1,1.5542446712277722,1.5542446712277722,1.5542446712277722,0.0
machined_13,S0,13,10,3,5,1.5478124634748096,1.5231698619807306,1.566816955196684,-0.006432207752962604
machined_13,S1,13,10,3,5,1.5531630387734148,1.546350143505007,1.5586560486933911,-0.0010816324543574396
exclude_anomaly_31,C0,31,24,7,1,1.5752760795866927,1.5752760795866927,1.5752760795866927,0.07161428243676404
exclude_anomaly_31,C1,31,24,7,1,1.5036617971499286,1.5036617971499286,1.5036617971499286,0.0
exclude_anomaly_31,S0,31,24,7,5,1.501720271353645,1.4969382810344318,1.5042898143392625,-0.0019415257962835941
exclude_anomaly_31,S1,31,24,7,5,1.5031736911482985,1.5021828428153328,1.503914261749462,-0.00048810600163018414
