record_id,source,doi,pdf_sha256,figure,pdf_page,candidate_id,series,condition,stress_ratio_R,loading,test_frequency_hz,source_y_quantity,source_x_quantity,stress_amplitude_mpa,stress_amplitude_low_mpa,stress_amplitude_high_mpa,log10_cycles,log10_cycles_low,log10_cycles_high,pdf_x,pdf_y,vector_sequence,reading_method,interval_method,axis_calibration,decision,reason
Muhammad_2023_MU01,Muhammad_2023,10.1016/j.ijfatigue.2023.107965,67bfaaec15604e8cebd55a16d5e3b2ba23d72a1951af0e64b644fd815e5de797,Figure 10,10,MU01,AB_R01,as-built,0.1,axial,40,stress range Delta_sigma MPa,number of cycles,93.12,90.76,95.47,4.2491,4.2261,4.2721,172.6995,195.001,93,PDF vector glyph center plus visual symbol/arrow audit,glyph half-size plus 0.5 PDF pt calibration allowance on each axis; not a statistical CI,"x 146.943=1e4, 457.148=1e7; y 289.144=0 MPa, 5.0552 pt per 10 MPa",include_failure,clear_first_exposure_failure_symbol
Muhammad_2023_MU02,Muhammad_2023,10.1016/j.ijfatigue.2023.107965,67bfaaec15604e8cebd55a16d5e3b2ba23d72a1951af0e64b644fd815e5de797,Figure 10,10,MU02,AB_R01,as-built,0.1,axial,40,stress range Delta_sigma MPa,number of cycles,81.51,79.16,83.87,4.7362,4.7132,4.7593,223.0715,206.732,75,PDF vector glyph center plus visual symbol/arrow audit,glyph half-size plus 0.5 PDF pt calibration allowance on each axis; not a statistical CI,"x 146.943=1e4, 457.148=1e7; y 289.144=0 MPa, 5.0552 pt per 10 MPa",include_failure,clear_first_exposure_failure_symbol
Muhammad_2023_MU03,Muhammad_2023,10.1016/j.ijfatigue.2023.107965,67bfaaec15604e8cebd55a16d5e3b2ba23d72a1951af0e64b644fd815e5de797,Figure 10,10,MU03,AB_R01,as-built,0.1,axial,40,stress range Delta_sigma MPa,number of cycles,81.51,79.16,83.87,4.8204,4.7973,4.8434,231.7695,206.732,81,PDF vector glyph center plus visual symbol/arrow audit,glyph half-size plus 0.5 PDF pt calibration allowance on each axis; not a statistical CI,"x 146.943=1e4, 457.148=1e7; y 289.144=0 MPa, 5.0552 pt per 10 MPa",hold,obscured_by_same_level_red_cluster
Muhammad_2023_MU04,Muhammad_2023,10.1016/j.ijfatigue.2023.107965,67bfaaec15604e8cebd55a16d5e3b2ba23d72a1951af0e64b644fd815e5de797,Figure 10,10,MU04,AB_R01,as-built,0.1,axial,40,stress range Delta_sigma MPa,number of cycles,69.85,67.49,72.2,4.9371,4.9141,4.9602,243.8435,218.5265,85,PDF vector glyph center plus visual symbol/arrow audit,glyph half-size plus 0.5 PDF pt calibration allowance on each axis; not a statistical CI,"x 146.943=1e4, 457.148=1e7; y 289.144=0 MPa, 5.0552 pt per 10 MPa",include_failure,clear_first_exposure_failure_symbol
Muhammad_2023_MU05,Muhammad_2023,10.1016/j.ijfatigue.2023.107965,67bfaaec15604e8cebd55a16d5e3b2ba23d72a1951af0e64b644fd815e5de797,Figure 10,10,MU05,AB_R01,as-built,0.1,axial,40,stress range Delta_sigma MPa,number of cycles,69.85,67.49,72.2,4.9867,4.9637,5.0098,248.9715,218.5265,73,PDF vector glyph center plus visual symbol/arrow audit,glyph half-size plus 0.5 PDF pt calibration allowance on each axis; not a statistical CI,"x 146.943=1e4, 457.148=1e7; y 289.144=0 MPa, 5.0552 pt per 10 MPa",include_failure,clear_first_exposure_failure_symbol
Muhammad_2023_MU06,Muhammad_2023,10.1016/j.ijfatigue.2023.107965,67bfaaec15604e8cebd55a16d5e3b2ba23d72a1951af0e64b644fd815e5de797,Figure 10,10,MU06,AB_R01,as-built,0.1,axial,40,stress range Delta_sigma MPa,number of cycles,58.18,55.82,60.53,5.1782,5.1551,5.2012,268.7695,230.3235,59,PDF vector glyph center plus visual symbol/arrow audit,glyph half-size plus 0.5 PDF pt calibration allowance on each axis; not a statistical CI,"x 146.943=1e4, 457.148=1e7; y 289.144=0 MPa, 5.0552 pt per 10 MPa",include_failure,clear_first_exposure_failure_symbol
Muhammad_2023_MU07,Muhammad_2023,10.1016/j.ijfatigue.2023.107965,67bfaaec15604e8cebd55a16d5e3b2ba23d72a1951af0e64b644fd815e5de797,Figure 10,10,MU07,AB_R01,as-built,0.1,axial,40,stress range Delta_sigma MPa,number of cycles,58.18,55.82,60.53,5.2761,5.2531,5.2992,278.8955,230.3235,61,PDF vector glyph center plus visual symbol/arrow audit,glyph half-size plus 0.5 PDF pt calibration allowance on each axis; not a statistical CI,"x 146.943=1e4, 457.148=1e7; y 289.144=0 MPa, 5.0552 pt per 10 MPa",hold,obscured_by_same_level_red_cluster
Muhammad_2023_MU08,Muhammad_2023,10.1016/j.ijfatigue.2023.107965,67bfaaec15604e8cebd55a16d5e3b2ba23d72a1951af0e64b644fd815e5de797,Figure 10,10,MU08,AB_R01,as-built,0.1,axial,40,stress range Delta_sigma MPa,number of cycles,52.34,49.99,54.7,5.3489,5.3259,5.372,286.4265,236.2215,87,PDF vector glyph center plus visual symbol/arrow audit,glyph half-size plus 0.5 PDF pt calibration allowance on each axis; not a statistical CI,"x 146.943=1e4, 457.148=1e7; y 289.144=0 MPa, 5.0552 pt per 10 MPa",include_failure,clear_first_exposure_failure_symbol
Muhammad_2023_MU09,Muhammad_2023,10.1016/j.ijfatigue.2023.107965,67bfaaec15604e8cebd55a16d5e3b2ba23d72a1951af0e64b644fd815e5de797,Figure 10,10,MU09,AB_R01,as-built,0.1,axial,40,stress range Delta_sigma MPa,number of cycles,58.18,55.82,60.53,5.4506,5.4276,5.4737,296.9415,230.3235,79,PDF vector glyph center plus visual symbol/arrow audit,glyph half-size plus 0.5 PDF pt calibration allowance on each axis; not a statistical CI,"x 146.943=1e4, 457.148=1e7; y 289.144=0 MPa, 5.0552 pt per 10 MPa",include_failure,clear_first_exposure_failure_symbol
Muhammad_2023_MU10,Muhammad_2023,10.1016/j.ijfatigue.2023.107965,67bfaaec15604e8cebd55a16d5e3b2ba23d72a1951af0e64b644fd815e5de797,Figure 10,10,MU10,AB_R01,as-built,0.1,axial,40,stress range Delta_sigma MPa,number of cycles,52.34,49.99,54.7,5.5002,5.4772,5.5233,302.0695,236.2215,63,PDF vector glyph center plus visual symbol/arrow audit,glyph half-size plus 0.5 PDF pt calibration allowance on each axis; not a statistical CI,"x 146.943=1e4, 457.148=1e7; y 289.144=0 MPa, 5.0552 pt per 10 MPa",include_failure,clear_first_exposure_failure_symbol
Muhammad_2023_MU11,Muhammad_2023,10.1016/j.ijfatigue.2023.107965,67bfaaec15604e8cebd55a16d5e3b2ba23d72a1951af0e64b644fd815e5de797,Figure 10,10,MU11,AB_R01,as-built,0.1,axial,40,stress range Delta_sigma MPa,number of cycles,46.58,44.22,48.93,5.6302,5.6071,5.6532,315.5065,242.054,83,PDF vector glyph center plus visual symbol/arrow audit,glyph half-size plus 0.5 PDF pt calibration allowance on each axis; not a statistical CI,"x 146.943=1e4, 457.148=1e7; y 289.144=0 MPa, 5.0552 pt per 10 MPa",hold,unresolved_same_series_overlap
Muhammad_2023_MU12,Muhammad_2023,10.1016/j.ijfatigue.2023.107965,67bfaaec15604e8cebd55a16d5e3b2ba23d72a1951af0e64b644fd815e5de797,Figure 10,10,MU12,AB_R01,as-built,0.1,axial,40,stress range Delta_sigma MPa,number of cycles,46.58,44.22,48.93,5.6553,5.6322,5.6783,318.1025,242.054,65,PDF vector glyph center plus visual symbol/arrow audit,glyph half-size plus 0.5 PDF pt calibration allowance on each axis; not a statistical CI,"x 146.943=1e4, 457.148=1e7; y 289.144=0 MPa, 5.0552 pt per 10 MPa",hold,unresolved_same_series_overlap
Muhammad_2023_MU13,Muhammad_2023,10.1016/j.ijfatigue.2023.107965,67bfaaec15604e8cebd55a16d5e3b2ba23d72a1951af0e64b644fd815e5de797,Figure 10,10,MU13,AB_R01,as-built,0.1,axial,40,stress range Delta_sigma MPa,number of cycles,40.74,38.39,43.1,5.6722,5.6492,5.6953,319.855,247.952,67,PDF vector glyph center plus visual symbol/arrow audit,glyph half-size plus 0.5 PDF pt calibration allowance on each axis; not a statistical CI,"x 146.943=1e4, 457.148=1e7; y 289.144=0 MPa, 5.0552 pt per 10 MPa",include_failure,clear_first_exposure_failure_symbol
Muhammad_2023_MU14,Muhammad_2023,10.1016/j.ijfatigue.2023.107965,67bfaaec15604e8cebd55a16d5e3b2ba23d72a1951af0e64b644fd815e5de797,Figure 10,10,MU14,AB_R01,as-built,0.1,axial,40,stress range Delta_sigma MPa,number of cycles,40.74,38.39,43.1,5.9497,5.9267,5.9728,348.546,247.952,71,PDF vector glyph center plus visual symbol/arrow audit,glyph half-size plus 0.5 PDF pt calibration allowance on each axis; not a statistical CI,"x 146.943=1e4, 457.148=1e7; y 289.144=0 MPa, 5.0552 pt per 10 MPa",include_failure,clear_first_exposure_failure_symbol
Muhammad_2023_MU15,Muhammad_2023,10.1016/j.ijfatigue.2023.107965,67bfaaec15604e8cebd55a16d5e3b2ba23d72a1951af0e64b644fd815e5de797,Figure 10,10,MU15,AB_R01,as-built,0.1,axial,40,stress range Delta_sigma MPa,number of cycles,40.74,38.39,43.1,6.0206,5.9976,6.0437,355.8805,247.952,91,PDF vector glyph center plus visual symbol/arrow audit,glyph half-size plus 0.5 PDF pt calibration allowance on each axis; not a statistical CI,"x 146.943=1e4, 457.148=1e7; y 289.144=0 MPa, 5.0552 pt per 10 MPa",include_failure,clear_first_exposure_failure_symbol
Muhammad_2023_MU16,Muhammad_2023,10.1016/j.ijfatigue.2023.107965,67bfaaec15604e8cebd55a16d5e3b2ba23d72a1951af0e64b644fd815e5de797,Figure 10,10,MU16,AB_R01,as-built,0.1,axial,40,stress range Delta_sigma MPa,number of cycles,34.91,32.55,37.26,6.1179,6.0949,6.141,365.9425,253.851,69,PDF vector glyph center plus visual symbol/arrow audit,glyph half-size plus 0.5 PDF pt calibration allowance on each axis; not a statistical CI,"x 146.943=1e4, 457.148=1e7; y 289.144=0 MPa, 5.0552 pt per 10 MPa",include_failure,clear_first_exposure_failure_symbol
Muhammad_2023_MU17,Muhammad_2023,10.1016/j.ijfatigue.2023.107965,67bfaaec15604e8cebd55a16d5e3b2ba23d72a1951af0e64b644fd815e5de797,Figure 10,10,MU17,AB_R01,as-built,0.1,axial,40,stress range Delta_sigma MPa,number of cycles,37.79,35.44,40.15,6.4243,6.4013,6.4473,397.62,250.934,77,PDF vector glyph center plus visual symbol/arrow audit,glyph half-size plus 0.5 PDF pt calibration allowance on each axis; not a statistical CI,"x 146.943=1e4, 457.148=1e7; y 289.144=0 MPa, 5.0552 pt per 10 MPa",include_failure,clear_first_exposure_failure_symbol
Muhammad_2023_MU18,Muhammad_2023,10.1016/j.ijfatigue.2023.107965,67bfaaec15604e8cebd55a16d5e3b2ba23d72a1951af0e64b644fd815e5de797,Figure 10,10,MU18,AB_R01,as-built,0.1,axial,40,stress range Delta_sigma MPa,number of cycles,34.91,32.55,37.26,7.0,6.9769,7.023,457.1445,253.851,89,PDF vector glyph center plus visual symbol/arrow audit,glyph half-size plus 0.5 PDF pt calibration allowance on each axis; not a statistical CI,"x 146.943=1e4, 457.148=1e7; y 289.144=0 MPa, 5.0552 pt per 10 MPa",hold,right_axis_boundary_outcome_unverified
Muhammad_2023_MU19,Muhammad_2023,10.1016/j.ijfatigue.2023.107965,67bfaaec15604e8cebd55a16d5e3b2ba23d72a1951af0e64b644fd815e5de797,Figure 10,10,MU19,AB_Rm1,as-built,-1,axial,40,stress range Delta_sigma MPa,number of cycles,81.51,79.16,83.87,4.8109,4.7879,4.834,230.7961,206.7314,143,PDF vector glyph center plus visual symbol/arrow audit,glyph half-size plus 0.5 PDF pt calibration allowance on each axis; not a statistical CI,"x 146.943=1e4, 457.148=1e7; y 289.144=0 MPa, 5.0552 pt per 10 MPa",hold,unresolved_same_series_overlap
Muhammad_2023_MU20,Muhammad_2023,10.1016/j.ijfatigue.2023.107965,67bfaaec15604e8cebd55a16d5e3b2ba23d72a1951af0e64b644fd815e5de797,Figure 10,10,MU20,AB_Rm1,as-built,-1,axial,40,stress range Delta_sigma MPa,number of cycles,81.51,79.16,83.87,4.8128,4.7898,4.8359,230.9909,206.7314,155,PDF vector glyph center plus visual symbol/arrow audit,glyph half-size plus 0.5 PDF pt calibration allowance on each axis; not a statistical CI,"x 146.943=1e4, 457.148=1e7; y 289.144=0 MPa, 5.0552 pt per 10 MPa",hold,unresolved_same_series_overlap
Muhammad_2023_MU21,Muhammad_2023,10.1016/j.ijfatigue.2023.107965,67bfaaec15604e8cebd55a16d5e3b2ba23d72a1951af0e64b644fd815e5de797,Figure 10,10,MU21,AB_Rm1,as-built,-1,axial,40,stress range Delta_sigma MPa,number of cycles,69.85,67.49,72.2,5.0759,5.0528,5.0989,258.1885,218.5278,135,PDF vector glyph center plus visual symbol/arrow audit,glyph half-size plus 0.5 PDF pt calibration allowance on each axis; not a statistical CI,"x 146.943=1e4, 457.148=1e7; y 289.144=0 MPa, 5.0552 pt per 10 MPa",hold,unresolved_same_series_overlap
Muhammad_2023_MU22,Muhammad_2023,10.1016/j.ijfatigue.2023.107965,67bfaaec15604e8cebd55a16d5e3b2ba23d72a1951af0e64b644fd815e5de797,Figure 10,10,MU22,AB_Rm1,as-built,-1,axial,40,stress range Delta_sigma MPa,number of cycles,69.85,67.49,72.2,5.0884,5.0654,5.1115,259.487,218.5278,153,PDF vector glyph center plus visual symbol/arrow audit,glyph half-size plus 0.5 PDF pt calibration allowance on each axis; not a statistical CI,"x 146.943=1e4, 457.148=1e7; y 289.144=0 MPa, 5.0552 pt per 10 MPa",hold,unresolved_same_series_overlap
Muhammad_2023_MU23,Muhammad_2023,10.1016/j.ijfatigue.2023.107965,67bfaaec15604e8cebd55a16d5e3b2ba23d72a1951af0e64b644fd815e5de797,Figure 10,10,MU23,AB_Rm1,as-built,-1,axial,40,stress range Delta_sigma MPa,number of cycles,58.18,55.83,60.53,5.3031,5.2801,5.3262,281.6866,230.3227,133,PDF vector glyph center plus visual symbol/arrow audit,glyph half-size plus 0.5 PDF pt calibration allowance on each axis; not a statistical CI,"x 146.943=1e4, 457.148=1e7; y 289.144=0 MPa, 5.0552 pt per 10 MPa",hold,unresolved_same_series_overlap
Muhammad_2023_MU24,Muhammad_2023,10.1016/j.ijfatigue.2023.107965,67bfaaec15604e8cebd55a16d5e3b2ba23d72a1951af0e64b644fd815e5de797,Figure 10,10,MU24,AB_Rm1,as-built,-1,axial,40,stress range Delta_sigma MPa,number of cycles,58.18,55.83,60.53,5.3213,5.2983,5.3444,283.5694,230.3227,131,PDF vector glyph center plus visual symbol/arrow audit,glyph half-size plus 0.5 PDF pt calibration allowance on each axis; not a statistical CI,"x 146.943=1e4, 457.148=1e7; y 289.144=0 MPa, 5.0552 pt per 10 MPa",hold,unresolved_same_series_overlap
Muhammad_2023_MU25,Muhammad_2023,10.1016/j.ijfatigue.2023.107965,67bfaaec15604e8cebd55a16d5e3b2ba23d72a1951af0e64b644fd815e5de797,Figure 10,10,MU25,AB_Rm1,as-built,-1,axial,40,stress range Delta_sigma MPa,number of cycles,52.35,49.99,54.7,5.4406,5.4175,5.4636,295.9025,236.2211,151,PDF vector glyph center plus visual symbol/arrow audit,glyph half-size plus 0.5 PDF pt calibration allowance on each axis; not a statistical CI,"x 146.943=1e4, 457.148=1e7; y 289.144=0 MPa, 5.0552 pt per 10 MPa",hold,unresolved_same_series_overlap
Muhammad_2023_MU26,Muhammad_2023,10.1016/j.ijfatigue.2023.107965,67bfaaec15604e8cebd55a16d5e3b2ba23d72a1951af0e64b644fd815e5de797,Figure 10,10,MU26,AB_Rm1,as-built,-1,axial,40,stress range Delta_sigma MPa,number of cycles,52.35,49.99,54.7,5.4563,5.4332,5.4793,297.5251,236.2211,145,PDF vector glyph center plus visual symbol/arrow audit,glyph half-size plus 0.5 PDF pt calibration allowance on each axis; not a statistical CI,"x 146.943=1e4, 457.148=1e7; y 289.144=0 MPa, 5.0552 pt per 10 MPa",hold,unresolved_same_series_overlap
Muhammad_2023_MU27,Muhammad_2023,10.1016/j.ijfatigue.2023.107965,67bfaaec15604e8cebd55a16d5e3b2ba23d72a1951af0e64b644fd815e5de797,Figure 10,10,MU27,AB_Rm1,as-built,-1,axial,40,stress range Delta_sigma MPa,number of cycles,46.58,44.22,48.93,5.6572,5.6341,5.6802,318.2965,242.0536,147,PDF vector glyph center plus visual symbol/arrow audit,glyph half-size plus 0.5 PDF pt calibration allowance on each axis; not a statistical CI,"x 146.943=1e4, 457.148=1e7; y 289.144=0 MPa, 5.0552 pt per 10 MPa",hold,unresolved_same_series_overlap
Muhammad_2023_MU28,Muhammad_2023,10.1016/j.ijfatigue.2023.107965,67bfaaec15604e8cebd55a16d5e3b2ba23d72a1951af0e64b644fd815e5de797,Figure 10,10,MU28,AB_Rm1,as-built,-1,axial,40,stress range Delta_sigma MPa,number of cycles,46.58,44.22,48.93,5.676,5.653,5.699,320.2443,242.0536,137,PDF vector glyph center plus visual symbol/arrow audit,glyph half-size plus 0.5 PDF pt calibration allowance on each axis; not a statistical CI,"x 146.943=1e4, 457.148=1e7; y 289.144=0 MPa, 5.0552 pt per 10 MPa",hold,unresolved_same_series_overlap
Muhammad_2023_MU29,Muhammad_2023,10.1016/j.ijfatigue.2023.107965,67bfaaec15604e8cebd55a16d5e3b2ba23d72a1951af0e64b644fd815e5de797,Figure 10,10,MU29,AB_Rm1,as-built,-1,axial,40,stress range Delta_sigma MPa,number of cycles,40.74,38.39,43.1,6.3352,6.3121,6.3582,388.402,247.9521,149,PDF vector glyph center plus visual symbol/arrow audit,glyph half-size plus 0.5 PDF pt calibration allowance on each axis; not a statistical CI,"x 146.943=1e4, 457.148=1e7; y 289.144=0 MPa, 5.0552 pt per 10 MPa",include_failure,clear_first_exposure_failure_symbol
Muhammad_2023_MU30,Muhammad_2023,10.1016/j.ijfatigue.2023.107965,67bfaaec15604e8cebd55a16d5e3b2ba23d72a1951af0e64b644fd815e5de797,Figure 10,10,MU30,AB_Rm1,as-built,-1,axial,40,stress range Delta_sigma MPa,number of cycles,40.74,38.39,43.1,6.6698,6.6467,6.6928,423.0001,247.9521,141,PDF vector glyph center plus visual symbol/arrow audit,glyph half-size plus 0.5 PDF pt calibration allowance on each axis; not a statistical CI,"x 146.943=1e4, 457.148=1e7; y 289.144=0 MPa, 5.0552 pt per 10 MPa",include_failure,clear_first_exposure_failure_symbol
Muhammad_2023_MU31,Muhammad_2023,10.1016/j.ijfatigue.2023.107965,67bfaaec15604e8cebd55a16d5e3b2ba23d72a1951af0e64b644fd815e5de797,Figure 10,10,MU31,AB_Rm1,as-built,-1,axial,40,stress range Delta_sigma MPa,number of cycles,34.91,32.56,37.26,7.0,6.9769,7.023,457.1437,253.85,139,PDF vector glyph center plus visual symbol/arrow audit,glyph half-size plus 0.5 PDF pt calibration allowance on each axis; not a statistical CI,"x 146.943=1e4, 457.148=1e7; y 289.144=0 MPa, 5.0552 pt per 10 MPa",hold,right_axis_boundary_outcome_unverified
Muhammad_2023_MU32,Muhammad_2023,10.1016/j.ijfatigue.2023.107965,67bfaaec15604e8cebd55a16d5e3b2ba23d72a1951af0e64b644fd815e5de797,Figure 10,10,MU32,CMP_R01,as-built plus chemo-mechanical polishing,0.1,axial,40,stress range Delta_sigma MPa,number of cycles,150.04,147.69,152.39,4.0802,4.0572,4.1033,155.2385,137.4473,173,PDF vector glyph center plus visual symbol/arrow audit,glyph half-size plus 0.5 PDF pt calibration allowance on each axis; not a statistical CI,"x 146.943=1e4, 457.148=1e7; y 289.144=0 MPa, 5.0552 pt per 10 MPa",include_failure,clear_first_exposure_failure_symbol
Muhammad_2023_MU33,Muhammad_2023,10.1016/j.ijfatigue.2023.107965,67bfaaec15604e8cebd55a16d5e3b2ba23d72a1951af0e64b644fd815e5de797,Figure 10,10,MU33,CMP_R01,as-built plus chemo-mechanical polishing,0.1,axial,40,stress range Delta_sigma MPa,number of cycles,145.04,142.69,147.39,4.1888,4.1658,4.2119,166.4686,142.5025,193,PDF vector glyph center plus visual symbol/arrow audit,glyph half-size plus 0.5 PDF pt calibration allowance on each axis; not a statistical CI,"x 146.943=1e4, 457.148=1e7; y 289.144=0 MPa, 5.0552 pt per 10 MPa",include_failure,clear_first_exposure_failure_symbol
Muhammad_2023_MU34,Muhammad_2023,10.1016/j.ijfatigue.2023.107965,67bfaaec15604e8cebd55a16d5e3b2ba23d72a1951af0e64b644fd815e5de797,Figure 10,10,MU34,CMP_R01,as-built plus chemo-mechanical polishing,0.1,axial,40,stress range Delta_sigma MPa,number of cycles,140.04,137.69,142.39,4.3012,4.2782,4.3242,178.0876,147.5576,169,PDF vector glyph center plus visual symbol/arrow audit,glyph half-size plus 0.5 PDF pt calibration allowance on each axis; not a statistical CI,"x 146.943=1e4, 457.148=1e7; y 289.144=0 MPa, 5.0552 pt per 10 MPa",include_failure,clear_first_exposure_failure_symbol
Muhammad_2023_MU35,Muhammad_2023,10.1016/j.ijfatigue.2023.107965,67bfaaec15604e8cebd55a16d5e3b2ba23d72a1951af0e64b644fd815e5de797,Figure 10,10,MU35,CMP_R01,as-built plus chemo-mechanical polishing,0.1,axial,40,stress range Delta_sigma MPa,number of cycles,130.04,127.69,132.39,4.3081,4.2851,4.3311,178.8015,157.6685,171,PDF vector glyph center plus visual symbol/arrow audit,glyph half-size plus 0.5 PDF pt calibration allowance on each axis; not a statistical CI,"x 146.943=1e4, 457.148=1e7; y 289.144=0 MPa, 5.0552 pt per 10 MPa",include_failure,clear_first_exposure_failure_symbol
Muhammad_2023_MU36,Muhammad_2023,10.1016/j.ijfatigue.2023.107965,67bfaaec15604e8cebd55a16d5e3b2ba23d72a1951af0e64b644fd815e5de797,Figure 10,10,MU36,CMP_R01,as-built plus chemo-mechanical polishing,0.1,axial,40,stress range Delta_sigma MPa,number of cycles,90.04,87.68,92.39,4.6283,4.6052,4.6513,211.907,198.1118,185,PDF vector glyph center plus visual symbol/arrow audit,glyph half-size plus 0.5 PDF pt calibration allowance on each axis; not a statistical CI,"x 146.943=1e4, 457.148=1e7; y 289.144=0 MPa, 5.0552 pt per 10 MPa",include_failure,clear_first_exposure_failure_symbol
Muhammad_2023_MU37,Muhammad_2023,10.1016/j.ijfatigue.2023.107965,67bfaaec15604e8cebd55a16d5e3b2ba23d72a1951af0e64b644fd815e5de797,Figure 10,10,MU37,CMP_R01,as-built plus chemo-mechanical polishing,0.1,axial,40,stress range Delta_sigma MPa,number of cycles,120.04,117.69,122.39,4.6396,4.6165,4.6626,213.075,167.7793,159,PDF vector glyph center plus visual symbol/arrow audit,glyph half-size plus 0.5 PDF pt calibration allowance on each axis; not a statistical CI,"x 146.943=1e4, 457.148=1e7; y 289.144=0 MPa, 5.0552 pt per 10 MPa",hold,unresolved_same_series_overlap
Muhammad_2023_MU38,Muhammad_2023,10.1016/j.ijfatigue.2023.107965,67bfaaec15604e8cebd55a16d5e3b2ba23d72a1951af0e64b644fd815e5de797,Figure 10,10,MU38,CMP_R01,as-built plus chemo-mechanical polishing,0.1,axial,40,stress range Delta_sigma MPa,number of cycles,115.04,112.69,117.39,4.6477,4.6247,4.6708,213.9188,172.8345,163,PDF vector glyph center plus visual symbol/arrow audit,glyph half-size plus 0.5 PDF pt calibration allowance on each axis; not a statistical CI,"x 146.943=1e4, 457.148=1e7; y 289.144=0 MPa, 5.0552 pt per 10 MPa",hold,unresolved_same_series_overlap
Muhammad_2023_MU39,Muhammad_2023,10.1016/j.ijfatigue.2023.107965,67bfaaec15604e8cebd55a16d5e3b2ba23d72a1951af0e64b644fd815e5de797,Figure 10,10,MU39,CMP_R01,as-built plus chemo-mechanical polishing,0.1,axial,40,stress range Delta_sigma MPa,number of cycles,120.04,117.69,122.39,4.654,4.631,4.677,214.5681,167.7793,167,PDF vector glyph center plus visual symbol/arrow audit,glyph half-size plus 0.5 PDF pt calibration allowance on each axis; not a statistical CI,"x 146.943=1e4, 457.148=1e7; y 289.144=0 MPa, 5.0552 pt per 10 MPa",hold,unresolved_same_series_overlap
Muhammad_2023_MU40,Muhammad_2023,10.1016/j.ijfatigue.2023.107965,67bfaaec15604e8cebd55a16d5e3b2ba23d72a1951af0e64b644fd815e5de797,Figure 10,10,MU40,CMP_R01,as-built plus chemo-mechanical polishing,0.1,axial,40,stress range Delta_sigma MPa,number of cycles,115.04,112.69,117.39,4.6804,4.6573,4.7034,217.2942,172.8345,177,PDF vector glyph center plus visual symbol/arrow audit,glyph half-size plus 0.5 PDF pt calibration allowance on each axis; not a statistical CI,"x 146.943=1e4, 457.148=1e7; y 289.144=0 MPa, 5.0552 pt per 10 MPa",hold,unresolved_same_series_overlap
Muhammad_2023_MU41,Muhammad_2023,10.1016/j.ijfatigue.2023.107965,67bfaaec15604e8cebd55a16d5e3b2ba23d72a1951af0e64b644fd815e5de797,Figure 10,10,MU41,CMP_R01,as-built plus chemo-mechanical polishing,0.1,axial,40,stress range Delta_sigma MPa,number of cycles,105.04,102.69,107.39,4.9491,4.926,4.9721,245.0769,182.9453,179,PDF vector glyph center plus visual symbol/arrow audit,glyph half-size plus 0.5 PDF pt calibration allowance on each axis; not a statistical CI,"x 146.943=1e4, 457.148=1e7; y 289.144=0 MPa, 5.0552 pt per 10 MPa",hold,unresolved_same_series_overlap
Muhammad_2023_MU42,Muhammad_2023,10.1016/j.ijfatigue.2023.107965,67bfaaec15604e8cebd55a16d5e3b2ba23d72a1951af0e64b644fd815e5de797,Figure 10,10,MU42,CMP_R01,as-built plus chemo-mechanical polishing,0.1,axial,40,stress range Delta_sigma MPa,number of cycles,105.04,102.69,107.39,4.983,4.9599,5.006,248.5818,182.9453,181,PDF vector glyph center plus visual symbol/arrow audit,glyph half-size plus 0.5 PDF pt calibration allowance on each axis; not a statistical CI,"x 146.943=1e4, 457.148=1e7; y 289.144=0 MPa, 5.0552 pt per 10 MPa",hold,unresolved_same_series_overlap
Muhammad_2023_MU43,Muhammad_2023,10.1016/j.ijfatigue.2023.107965,67bfaaec15604e8cebd55a16d5e3b2ba23d72a1951af0e64b644fd815e5de797,Figure 10,10,MU43,CMP_R01,as-built plus chemo-mechanical polishing,0.1,axial,40,stress range Delta_sigma MPa,number of cycles,100.04,97.69,102.39,4.9905,4.9674,5.0135,249.3606,188.001,183,PDF vector glyph center plus visual symbol/arrow audit,glyph half-size plus 0.5 PDF pt calibration allowance on each axis; not a statistical CI,"x 146.943=1e4, 457.148=1e7; y 289.144=0 MPa, 5.0552 pt per 10 MPa",include_failure,clear_first_exposure_failure_symbol
Muhammad_2023_MU44,Muhammad_2023,10.1016/j.ijfatigue.2023.107965,67bfaaec15604e8cebd55a16d5e3b2ba23d72a1951af0e64b644fd815e5de797,Figure 10,10,MU44,CMP_R01,as-built plus chemo-mechanical polishing,0.1,axial,40,stress range Delta_sigma MPa,number of cycles,90.04,87.68,92.39,5.1951,5.1721,5.2182,270.5217,198.1118,187,PDF vector glyph center plus visual symbol/arrow audit,glyph half-size plus 0.5 PDF pt calibration allowance on each axis; not a statistical CI,"x 146.943=1e4, 457.148=1e7; y 289.144=0 MPa, 5.0552 pt per 10 MPa",include_failure,clear_first_exposure_failure_symbol
Muhammad_2023_MU45,Muhammad_2023,10.1016/j.ijfatigue.2023.107965,67bfaaec15604e8cebd55a16d5e3b2ba23d72a1951af0e64b644fd815e5de797,Figure 10,10,MU45,CMP_R01,as-built plus chemo-mechanical polishing,0.1,axial,40,stress range Delta_sigma MPa,number of cycles,110.04,107.69,112.39,5.2228,5.1997,5.2458,273.3783,177.8897,161,PDF vector glyph center plus visual symbol/arrow audit,glyph half-size plus 0.5 PDF pt calibration allowance on each axis; not a statistical CI,"x 146.943=1e4, 457.148=1e7; y 289.144=0 MPa, 5.0552 pt per 10 MPa",include_failure,clear_first_exposure_failure_symbol
Muhammad_2023_MU46,Muhammad_2023,10.1016/j.ijfatigue.2023.107965,67bfaaec15604e8cebd55a16d5e3b2ba23d72a1951af0e64b644fd815e5de797,Figure 10,10,MU46,CMP_R01,as-built plus chemo-mechanical polishing,0.1,axial,40,stress range Delta_sigma MPa,number of cycles,105.04,102.69,107.39,5.7407,5.7176,5.7637,326.9305,182.9453,165,PDF vector glyph center plus visual symbol/arrow audit,glyph half-size plus 0.5 PDF pt calibration allowance on each axis; not a statistical CI,"x 146.943=1e4, 457.148=1e7; y 289.144=0 MPa, 5.0552 pt per 10 MPa",include_failure,clear_first_exposure_failure_symbol
Muhammad_2023_MU47,Muhammad_2023,10.1016/j.ijfatigue.2023.107965,67bfaaec15604e8cebd55a16d5e3b2ba23d72a1951af0e64b644fd815e5de797,Figure 10,10,MU47,CMP_R01,as-built plus chemo-mechanical polishing,0.1,axial,40,stress range Delta_sigma MPa,number of cycles,110.04,107.69,112.39,5.7513,5.7283,5.7744,328.034,177.8897,175,PDF vector glyph center plus visual symbol/arrow audit,glyph half-size plus 0.5 PDF pt calibration allowance on each axis; not a statistical CI,"x 146.943=1e4, 457.148=1e7; y 289.144=0 MPa, 5.0552 pt per 10 MPa",include_failure,clear_first_exposure_failure_symbol
Muhammad_2023_MU48,Muhammad_2023,10.1016/j.ijfatigue.2023.107965,67bfaaec15604e8cebd55a16d5e3b2ba23d72a1951af0e64b644fd815e5de797,Figure 10,10,MU48,CMP_R01,as-built plus chemo-mechanical polishing,0.1,axial,40,stress range Delta_sigma MPa,number of cycles,100.04,97.69,102.39,6.0489,6.0259,6.0719,358.8021,188.001,157,PDF vector glyph center plus visual symbol/arrow audit,glyph half-size plus 0.5 PDF pt calibration allowance on each axis; not a statistical CI,"x 146.943=1e4, 457.148=1e7; y 289.144=0 MPa, 5.0552 pt per 10 MPa",include_failure,clear_first_exposure_failure_symbol
Muhammad_2023_MU49,Muhammad_2023,10.1016/j.ijfatigue.2023.107965,67bfaaec15604e8cebd55a16d5e3b2ba23d72a1951af0e64b644fd815e5de797,Figure 10,10,MU49,CMP_R01,as-built plus chemo-mechanical polishing,0.1,axial,40,stress range Delta_sigma MPa,number of cycles,79.97,77.62,82.33,6.8801,6.857,6.9031,444.7454,208.2871,189,PDF vector glyph center plus visual symbol/arrow audit,glyph half-size plus 0.5 PDF pt calibration allowance on each axis; not a statistical CI,"x 146.943=1e4, 457.148=1e7; y 289.144=0 MPa, 5.0552 pt per 10 MPa",include_failure,clear_first_exposure_failure_symbol
Muhammad_2023_MU50,Muhammad_2023,10.1016/j.ijfatigue.2023.107965,67bfaaec15604e8cebd55a16d5e3b2ba23d72a1951af0e64b644fd815e5de797,Figure 10,10,MU50,CMP_R01,as-built plus chemo-mechanical polishing,0.1,axial,40,stress range Delta_sigma MPa,number of cycles,85.04,82.68,87.39,7.0,6.9769,7.023,457.1439,203.167,191,PDF vector glyph center plus visual symbol/arrow audit,glyph half-size plus 0.5 PDF pt calibration allowance on each axis; not a statistical CI,"x 146.943=1e4, 457.148=1e7; y 289.144=0 MPa, 5.0552 pt per 10 MPa",hold,right_axis_boundary_outcome_unverified
Muhammad_2023_MU51,Muhammad_2023,10.1016/j.ijfatigue.2023.107965,67bfaaec15604e8cebd55a16d5e3b2ba23d72a1951af0e64b644fd815e5de797,Figure 10,10,MU51,CMP_Rm1,as-built plus chemo-mechanical polishing,-1,axial,40,stress range Delta_sigma MPa,number of cycles,195.12,192.76,197.47,4.0727,4.0496,4.0957,154.4567,91.8743,203,PDF vector glyph center plus visual symbol/arrow audit,glyph half-size plus 0.5 PDF pt calibration allowance on each axis; not a statistical CI,"x 146.943=1e4, 457.148=1e7; y 289.144=0 MPa, 5.0552 pt per 10 MPa",include_failure,clear_first_exposure_failure_symbol
Muhammad_2023_MU52,Muhammad_2023,10.1016/j.ijfatigue.2023.107965,67bfaaec15604e8cebd55a16d5e3b2ba23d72a1951af0e64b644fd815e5de797,Figure 10,10,MU52,CMP_Rm1,as-built plus chemo-mechanical polishing,-1,axial,40,stress range Delta_sigma MPa,number of cycles,200.12,197.76,202.47,4.3696,4.3465,4.3926,185.1588,86.8187,205,PDF vector glyph center plus visual symbol/arrow audit,glyph half-size plus 0.5 PDF pt calibration allowance on each axis; not a statistical CI,"x 146.943=1e4, 457.148=1e7; y 289.144=0 MPa, 5.0552 pt per 10 MPa",include_failure,clear_first_exposure_failure_symbol
Muhammad_2023_MU53,Muhammad_2023,10.1016/j.ijfatigue.2023.107965,67bfaaec15604e8cebd55a16d5e3b2ba23d72a1951af0e64b644fd815e5de797,Figure 10,10,MU53,CMP_Rm1,as-built plus chemo-mechanical polishing,-1,axial,40,stress range Delta_sigma MPa,number of cycles,185.05,182.7,187.41,4.6483,4.6253,4.6713,213.9792,102.0496,200,PDF vector glyph center plus visual symbol/arrow audit,glyph half-size plus 0.5 PDF pt calibration allowance on each axis; not a statistical CI,"x 146.943=1e4, 457.148=1e7; y 289.144=0 MPa, 5.0552 pt per 10 MPa",include_failure,clear_first_exposure_failure_symbol
Muhammad_2023_MU54,Muhammad_2023,10.1016/j.ijfatigue.2023.107965,67bfaaec15604e8cebd55a16d5e3b2ba23d72a1951af0e64b644fd815e5de797,Figure 10,10,MU54,CMP_Rm1,as-built plus chemo-mechanical polishing,-1,axial,40,stress range Delta_sigma MPa,number of cycles,170.05,167.7,172.4,4.6703,4.6472,4.6933,216.2511,117.2161,196,PDF vector glyph center plus visual symbol/arrow audit,glyph half-size plus 0.5 PDF pt calibration allowance on each axis; not a statistical CI,"x 146.943=1e4, 457.148=1e7; y 289.144=0 MPa, 5.0552 pt per 10 MPa",include_failure,clear_first_exposure_failure_symbol
Muhammad_2023_MU55,Muhammad_2023,10.1016/j.ijfatigue.2023.107965,67bfaaec15604e8cebd55a16d5e3b2ba23d72a1951af0e64b644fd815e5de797,Figure 10,10,MU55,CMP_Rm1,as-built plus chemo-mechanical polishing,-1,axial,40,stress range Delta_sigma MPa,number of cycles,175.05,172.7,177.4,4.8304,4.8073,4.8534,232.8029,112.1609,199,PDF vector glyph center plus visual symbol/arrow audit,glyph half-size plus 0.5 PDF pt calibration allowance on each axis; not a statistical CI,"x 146.943=1e4, 457.148=1e7; y 289.144=0 MPa, 5.0552 pt per 10 MPa",include_failure,clear_first_exposure_failure_symbol
Muhammad_2023_MU56,Muhammad_2023,10.1016/j.ijfatigue.2023.107965,67bfaaec15604e8cebd55a16d5e3b2ba23d72a1951af0e64b644fd815e5de797,Figure 10,10,MU56,CMP_Rm1,as-built plus chemo-mechanical polishing,-1,axial,40,stress range Delta_sigma MPa,number of cycles,170.05,167.7,172.4,4.8812,4.8582,4.9042,238.0607,117.2161,204,PDF vector glyph center plus visual symbol/arrow audit,glyph half-size plus 0.5 PDF pt calibration allowance on each axis; not a statistical CI,"x 146.943=1e4, 457.148=1e7; y 289.144=0 MPa, 5.0552 pt per 10 MPa",include_failure,clear_first_exposure_failure_symbol
Muhammad_2023_MU57,Muhammad_2023,10.1016/j.ijfatigue.2023.107965,67bfaaec15604e8cebd55a16d5e3b2ba23d72a1951af0e64b644fd815e5de797,Figure 10,10,MU57,CMP_Rm1,as-built plus chemo-mechanical polishing,-1,axial,40,stress range Delta_sigma MPa,number of cycles,165.05,162.7,167.4,4.9063,4.8833,4.9294,240.6569,122.2718,201,PDF vector glyph center plus visual symbol/arrow audit,glyph half-size plus 0.5 PDF pt calibration allowance on each axis; not a statistical CI,"x 146.943=1e4, 457.148=1e7; y 289.144=0 MPa, 5.0552 pt per 10 MPa",include_failure,clear_first_exposure_failure_symbol
Muhammad_2023_MU58,Muhammad_2023,10.1016/j.ijfatigue.2023.107965,67bfaaec15604e8cebd55a16d5e3b2ba23d72a1951af0e64b644fd815e5de797,Figure 10,10,MU58,CMP_Rm1,as-built plus chemo-mechanical polishing,-1,axial,40,stress range Delta_sigma MPa,number of cycles,160.05,157.7,162.4,5.0137,4.9906,5.0367,251.7565,127.3274,202,PDF vector glyph center plus visual symbol/arrow audit,glyph half-size plus 0.5 PDF pt calibration allowance on each axis; not a statistical CI,"x 146.943=1e4, 457.148=1e7; y 289.144=0 MPa, 5.0552 pt per 10 MPa",include_failure,clear_first_exposure_failure_symbol
Muhammad_2023_MU59,Muhammad_2023,10.1016/j.ijfatigue.2023.107965,67bfaaec15604e8cebd55a16d5e3b2ba23d72a1951af0e64b644fd815e5de797,Figure 10,10,MU59,CMP_Rm1,as-built plus chemo-mechanical polishing,-1,axial,40,stress range Delta_sigma MPa,number of cycles,165.05,162.7,167.4,5.0733,5.0502,5.0963,257.923,122.2718,198,PDF vector glyph center plus visual symbol/arrow audit,glyph half-size plus 0.5 PDF pt calibration allowance on each axis; not a statistical CI,"x 146.943=1e4, 457.148=1e7; y 289.144=0 MPa, 5.0552 pt per 10 MPa",include_failure,clear_first_exposure_failure_symbol
Muhammad_2023_MU60,Muhammad_2023,10.1016/j.ijfatigue.2023.107965,67bfaaec15604e8cebd55a16d5e3b2ba23d72a1951af0e64b644fd815e5de797,Figure 10,10,MU60,CMP_Rm1,as-built plus chemo-mechanical polishing,-1,axial,40,stress range Delta_sigma MPa,number of cycles,150.05,147.7,152.4,6.0093,5.9862,6.0323,354.7038,137.4383,195,PDF vector glyph center plus visual symbol/arrow audit,glyph half-size plus 0.5 PDF pt calibration allowance on each axis; not a statistical CI,"x 146.943=1e4, 457.148=1e7; y 289.144=0 MPa, 5.0552 pt per 10 MPa",include_failure,clear_first_exposure_failure_symbol
Muhammad_2023_MU61,Muhammad_2023,10.1016/j.ijfatigue.2023.107965,67bfaaec15604e8cebd55a16d5e3b2ba23d72a1951af0e64b644fd815e5de797,Figure 10,10,MU61,CMP_Rm1,as-built plus chemo-mechanical polishing,-1,axial,40,stress range Delta_sigma MPa,number of cycles,160.05,157.7,162.4,6.0375,6.0145,6.0605,357.6247,127.3274,197,PDF vector glyph center plus visual symbol/arrow audit,glyph half-size plus 0.5 PDF pt calibration allowance on each axis; not a statistical CI,"x 146.943=1e4, 457.148=1e7; y 289.144=0 MPa, 5.0552 pt per 10 MPa",include_failure,clear_first_exposure_failure_symbol
Fernandes_2024_FE01,Fernandes_2024,10.1016/j.tafmec.2024.104553,f4cd15a5fd6ca9613b30dfda6bfe5dbebf78c47b9d201bc157c46e1f286570c3,Figure 5 smooth only,5,FE01,AB,as-built,0,axial,20,stress range Delta_sigma MPa,number of cycles,83.78,81.6,86.02,4.7145,4.6713,4.7577,122.5259,546.2923,66,PDF vector glyph center plus visual symbol/arrow audit,glyph half-size plus 0.5 PDF pt calibration allowance on each axis; not a statistical CI,"x 73.832=1e4, 278.284=1e7; log-y 525.6605=200 MPa, 606.4665=100 MPa",include_failure,clear_first_exposure_failure_symbol
Fernandes_2024_FE02,Fernandes_2024,10.1016/j.tafmec.2024.104553,f4cd15a5fd6ca9613b30dfda6bfe5dbebf78c47b9d201bc157c46e1f286570c3,Figure 5 smooth only,5,FE02,AB,as-built,0,axial,20,stress range Delta_sigma MPa,number of cycles,87.57,85.29,89.91,4.7982,4.755,4.8414,128.2279,541.1343,70,PDF vector glyph center plus visual symbol/arrow audit,glyph half-size plus 0.5 PDF pt calibration allowance on each axis; not a statistical CI,"x 73.832=1e4, 278.284=1e7; log-y 525.6605=200 MPa, 606.4665=100 MPa",hold,overprinted_cross_series_outcome_unresolved
Fernandes_2024_FE03,Fernandes_2024,10.1016/j.tafmec.2024.104553,f4cd15a5fd6ca9613b30dfda6bfe5dbebf78c47b9d201bc157c46e1f286570c3,Figure 5 smooth only,5,FE03,AB,as-built,0,axial,20,stress range Delta_sigma MPa,number of cycles,72.83,70.93,74.78,5.0731,5.0299,5.1163,146.9619,562.6253,67,PDF vector glyph center plus visual symbol/arrow audit,glyph half-size plus 0.5 PDF pt calibration allowance on each axis; not a statistical CI,"x 73.832=1e4, 278.284=1e7; log-y 525.6605=200 MPa, 606.4665=100 MPa",include_failure,clear_first_exposure_failure_symbol
Fernandes_2024_FE04,Fernandes_2024,10.1016/j.tafmec.2024.104553,f4cd15a5fd6ca9613b30dfda6bfe5dbebf78c47b9d201bc157c46e1f286570c3,Figure 5 smooth only,5,FE04,AB,as-built,0,axial,20,stress range Delta_sigma MPa,number of cycles,63.07,61.43,64.76,5.2822,5.239,5.3254,161.2169,579.3883,68,PDF vector glyph center plus visual symbol/arrow audit,glyph half-size plus 0.5 PDF pt calibration allowance on each axis; not a statistical CI,"x 73.832=1e4, 278.284=1e7; log-y 525.6605=200 MPa, 606.4665=100 MPa",include_failure,clear_first_exposure_failure_symbol
Fernandes_2024_FE05,Fernandes_2024,10.1016/j.tafmec.2024.104553,f4cd15a5fd6ca9613b30dfda6bfe5dbebf78c47b9d201bc157c46e1f286570c3,Figure 5 smooth only,5,FE05,AB,as-built,0,axial,20,stress range Delta_sigma MPa,number of cycles,52.45,51.09,53.86,5.4914,5.4482,5.5346,175.4719,600.8793,69,PDF vector glyph center plus visual symbol/arrow audit,glyph half-size plus 0.5 PDF pt calibration allowance on each axis; not a statistical CI,"x 73.832=1e4, 278.284=1e7; log-y 525.6605=200 MPa, 606.4665=100 MPa",include_failure,clear_first_exposure_failure_symbol
Fernandes_2024_FE06,Fernandes_2024,10.1016/j.tafmec.2024.104553,f4cd15a5fd6ca9613b30dfda6bfe5dbebf78c47b9d201bc157c46e1f286570c3,Figure 5 smooth only,5,FE06,AB,as-built,0,axial,20,stress range Delta_sigma MPa,number of cycles,31.07,30.26,31.91,5.9755,5.9323,6.0187,208.4609,661.9143,88,PDF vector glyph center plus visual symbol/arrow audit,glyph half-size plus 0.5 PDF pt calibration allowance on each axis; not a statistical CI,"x 73.832=1e4, 278.284=1e7; log-y 525.6605=200 MPa, 606.4665=100 MPa",hold,arrow_runout_stop_unverified
Fernandes_2024_FE07,Fernandes_2024,10.1016/j.tafmec.2024.104553,f4cd15a5fd6ca9613b30dfda6bfe5dbebf78c47b9d201bc157c46e1f286570c3,Figure 5 smooth only,5,FE07,AB,as-built,0,axial,20,stress range Delta_sigma MPa,number of cycles,42.51,41.4,43.65,6.1786,6.1355,6.2218,222.3079,625.3793,89,PDF vector glyph center plus visual symbol/arrow audit,glyph half-size plus 0.5 PDF pt calibration allowance on each axis; not a statistical CI,"x 73.832=1e4, 278.284=1e7; log-y 525.6605=200 MPa, 606.4665=100 MPa",hold,arrow_runout_stop_unverified
Fernandes_2024_FE08,Fernandes_2024,10.1016/j.tafmec.2024.104553,f4cd15a5fd6ca9613b30dfda6bfe5dbebf78c47b9d201bc157c46e1f286570c3,Figure 5 smooth only,5,FE08,HIP,hot isostatic pressed,0,axial,20,stress range Delta_sigma MPa,number of cycles,87.57,85.29,89.91,4.8221,4.7789,4.8653,129.8569,541.1341,87,PDF vector glyph center plus visual symbol/arrow audit,glyph half-size plus 0.5 PDF pt calibration allowance on each axis; not a statistical CI,"x 73.832=1e4, 278.284=1e7; log-y 525.6605=200 MPa, 606.4665=100 MPa",include_failure,clear_first_exposure_failure_symbol
Fernandes_2024_FE09,Fernandes_2024,10.1016/j.tafmec.2024.104553,f4cd15a5fd6ca9613b30dfda6bfe5dbebf78c47b9d201bc157c46e1f286570c3,Figure 5 smooth only,5,FE09,HIP,hot isostatic pressed,0,axial,20,stress range Delta_sigma MPa,number of cycles,87.57,85.29,89.91,4.9177,4.8745,4.9609,136.3734,541.1341,79,PDF vector glyph center plus visual symbol/arrow audit,glyph half-size plus 0.5 PDF pt calibration allowance on each axis; not a statistical CI,"x 73.832=1e4, 278.284=1e7; log-y 525.6605=200 MPa, 606.4665=100 MPa",include_failure,clear_first_exposure_failure_symbol
Fernandes_2024_FE10,Fernandes_2024,10.1016/j.tafmec.2024.104553,f4cd15a5fd6ca9613b30dfda6bfe5dbebf78c47b9d201bc157c46e1f286570c3,Figure 5 smooth only,5,FE10,HIP,hot isostatic pressed,0,axial,20,stress range Delta_sigma MPa,number of cycles,80.15,78.06,82.3,5.1089,5.0657,5.1521,149.4062,551.4497,80,PDF vector glyph center plus visual symbol/arrow audit,glyph half-size plus 0.5 PDF pt calibration allowance on each axis; not a statistical CI,"x 73.832=1e4, 278.284=1e7; log-y 525.6605=200 MPa, 606.4665=100 MPa",include_failure,clear_first_exposure_failure_symbol
Fernandes_2024_FE11,Fernandes_2024,10.1016/j.tafmec.2024.104553,f4cd15a5fd6ca9613b30dfda6bfe5dbebf78c47b9d201bc157c46e1f286570c3,Figure 5 smooth only,5,FE11,HIP,hot isostatic pressed,0,axial,20,stress range Delta_sigma MPa,number of cycles,69.93,68.11,71.8,5.2942,5.251,5.3374,162.0317,567.3532,81,PDF vector glyph center plus visual symbol/arrow audit,glyph half-size plus 0.5 PDF pt calibration allowance on each axis; not a statistical CI,"x 73.832=1e4, 278.284=1e7; log-y 525.6605=200 MPa, 606.4665=100 MPa",include_failure,clear_first_exposure_failure_symbol
Fernandes_2024_FE12,Fernandes_2024,10.1016/j.tafmec.2024.104553,f4cd15a5fd6ca9613b30dfda6bfe5dbebf78c47b9d201bc157c46e1f286570c3,Figure 5 smooth only,5,FE12,HIP,hot isostatic pressed,0,axial,20,stress range Delta_sigma MPa,number of cycles,64.96,63.27,66.7,5.4675,5.4243,5.5107,173.8427,575.9496,83,PDF vector glyph center plus visual symbol/arrow audit,glyph half-size plus 0.5 PDF pt calibration allowance on each axis; not a statistical CI,"x 73.832=1e4, 278.284=1e7; log-y 525.6605=200 MPa, 606.4665=100 MPa",hold,overprinted_cross_series_outcome_unresolved
Fernandes_2024_FE13,Fernandes_2024,10.1016/j.tafmec.2024.104553,f4cd15a5fd6ca9613b30dfda6bfe5dbebf78c47b9d201bc157c46e1f286570c3,Figure 5 smooth only,5,FE13,HIP,hot isostatic pressed,0,axial,20,stress range Delta_sigma MPa,number of cycles,59.9,58.34,61.5,5.581,5.5378,5.6242,181.5809,585.4057,82,PDF vector glyph center plus visual symbol/arrow audit,glyph half-size plus 0.5 PDF pt calibration allowance on each axis; not a statistical CI,"x 73.832=1e4, 278.284=1e7; log-y 525.6605=200 MPa, 606.4665=100 MPa",hold,overprinted_cross_series_outcome_unresolved
Fernandes_2024_FE14,Fernandes_2024,10.1016/j.tafmec.2024.104553,f4cd15a5fd6ca9613b30dfda6bfe5dbebf78c47b9d201bc157c46e1f286570c3,Figure 5 smooth only,5,FE14,HIP,hot isostatic pressed,0,axial,20,stress range Delta_sigma MPa,number of cycles,52.45,51.09,53.86,5.6826,5.6394,5.7258,188.5046,600.8793,84,PDF vector glyph center plus visual symbol/arrow audit,glyph half-size plus 0.5 PDF pt calibration allowance on each axis; not a statistical CI,"x 73.832=1e4, 278.284=1e7; log-y 525.6605=200 MPa, 606.4665=100 MPa",hold,overprinted_cross_series_outcome_unresolved
Fernandes_2024_FE15,Fernandes_2024,10.1016/j.tafmec.2024.104553,f4cd15a5fd6ca9613b30dfda6bfe5dbebf78c47b9d201bc157c46e1f286570c3,Figure 5 smooth only,5,FE15,HIP,hot isostatic pressed,0,axial,20,stress range Delta_sigma MPa,number of cycles,47.48,46.25,48.76,5.9994,5.9562,6.0426,210.0902,612.4845,85,PDF vector glyph center plus visual symbol/arrow audit,glyph half-size plus 0.5 PDF pt calibration allowance on each axis; not a statistical CI,"x 73.832=1e4, 278.284=1e7; log-y 525.6605=200 MPa, 606.4665=100 MPa",include_failure,clear_first_exposure_failure_symbol
Fernandes_2024_FE16,Fernandes_2024,10.1016/j.tafmec.2024.104553,f4cd15a5fd6ca9613b30dfda6bfe5dbebf78c47b9d201bc157c46e1f286570c3,Figure 5 smooth only,5,FE16,HIP,hot isostatic pressed,0,axial,20,stress range Delta_sigma MPa,number of cycles,42.51,41.4,43.65,6.1069,6.0637,6.1501,217.4212,625.3792,86,PDF vector glyph center plus visual symbol/arrow audit,glyph half-size plus 0.5 PDF pt calibration allowance on each axis; not a statistical CI,"x 73.832=1e4, 278.284=1e7; log-y 525.6605=200 MPa, 606.4665=100 MPa",include_failure,clear_first_exposure_failure_symbol
Fernandes_2024_FE17,Fernandes_2024,10.1016/j.tafmec.2024.104553,f4cd15a5fd6ca9613b30dfda6bfe5dbebf78c47b9d201bc157c46e1f286570c3,Figure 5 smooth only,5,FE17,HIP,hot isostatic pressed,0,axial,20,stress range Delta_sigma MPa,number of cycles,39.93,38.89,41.0,6.4476,6.4044,6.4908,240.6359,632.6861,92,PDF vector glyph center plus visual symbol/arrow audit,glyph half-size plus 0.5 PDF pt calibration allowance on each axis; not a statistical CI,"x 73.832=1e4, 278.284=1e7; log-y 525.6605=200 MPa, 606.4665=100 MPa",hold,arrow_runout_stop_unverified
Fernandes_2024_FE18,Fernandes_2024,10.1016/j.tafmec.2024.104553,f4cd15a5fd6ca9613b30dfda6bfe5dbebf78c47b9d201bc157c46e1f286570c3,Figure 5 smooth only,5,FE18,SR,stress relieved,0,axial,20,stress range Delta_sigma MPa,number of cycles,100.0,97.39,102.68,4.6308,4.5877,4.674,116.8243,525.6603,74,PDF vector glyph center plus visual symbol/arrow audit,glyph half-size plus 0.5 PDF pt calibration allowance on each axis; not a statistical CI,"x 73.832=1e4, 278.284=1e7; log-y 525.6605=200 MPa, 606.4665=100 MPa",include_failure,clear_first_exposure_failure_symbol
Fernandes_2024_FE19,Fernandes_2024,10.1016/j.tafmec.2024.104553,f4cd15a5fd6ca9613b30dfda6bfe5dbebf78c47b9d201bc157c46e1f286570c3,Figure 5 smooth only,5,FE19,SR,stress relieved,0,axial,20,stress range Delta_sigma MPa,number of cycles,87.57,85.29,89.91,4.8579,4.8147,4.9011,132.3007,541.1339,71,PDF vector glyph center plus visual symbol/arrow audit,glyph half-size plus 0.5 PDF pt calibration allowance on each axis; not a statistical CI,"x 73.832=1e4, 278.284=1e7; log-y 525.6605=200 MPa, 606.4665=100 MPa",hold,overprinted_cross_series_outcome_unresolved
Fernandes_2024_FE20,Fernandes_2024,10.1016/j.tafmec.2024.104553,f4cd15a5fd6ca9613b30dfda6bfe5dbebf78c47b9d201bc157c46e1f286570c3,Figure 5 smooth only,5,FE20,SR,stress relieved,0,axial,20,stress range Delta_sigma MPa,number of cycles,80.15,78.06,82.3,5.1687,5.1255,5.2119,153.479,551.4497,72,PDF vector glyph center plus visual symbol/arrow audit,glyph half-size plus 0.5 PDF pt calibration allowance on each axis; not a statistical CI,"x 73.832=1e4, 278.284=1e7; log-y 525.6605=200 MPa, 606.4665=100 MPa",include_failure,clear_first_exposure_failure_symbol
Fernandes_2024_FE21,Fernandes_2024,10.1016/j.tafmec.2024.104553,f4cd15a5fd6ca9613b30dfda6bfe5dbebf78c47b9d201bc157c46e1f286570c3,Figure 5 smooth only,5,FE21,SR,stress relieved,0,axial,20,stress range Delta_sigma MPa,number of cycles,69.93,68.11,71.8,5.1986,5.1554,5.2418,155.5154,567.3531,77,PDF vector glyph center plus visual symbol/arrow audit,glyph half-size plus 0.5 PDF pt calibration allowance on each axis; not a statistical CI,"x 73.832=1e4, 278.284=1e7; log-y 525.6605=200 MPa, 606.4665=100 MPa",include_failure,clear_first_exposure_failure_symbol
Fernandes_2024_FE22,Fernandes_2024,10.1016/j.tafmec.2024.104553,f4cd15a5fd6ca9613b30dfda6bfe5dbebf78c47b9d201bc157c46e1f286570c3,Figure 5 smooth only,5,FE22,SR,stress relieved,0,axial,20,stress range Delta_sigma MPa,number of cycles,69.93,68.11,71.8,5.3599,5.3167,5.4031,166.5119,567.3531,73,PDF vector glyph center plus visual symbol/arrow audit,glyph half-size plus 0.5 PDF pt calibration allowance on each axis; not a statistical CI,"x 73.832=1e4, 278.284=1e7; log-y 525.6605=200 MPa, 606.4665=100 MPa",include_failure,clear_first_exposure_failure_symbol
Fernandes_2024_FE23,Fernandes_2024,10.1016/j.tafmec.2024.104553,f4cd15a5fd6ca9613b30dfda6bfe5dbebf78c47b9d201bc157c46e1f286570c3,Figure 5 smooth only,5,FE23,SR,stress relieved,0,axial,20,stress range Delta_sigma MPa,number of cycles,64.96,63.27,66.7,5.4914,5.4482,5.5346,175.4719,575.9496,78,PDF vector glyph center plus visual symbol/arrow audit,glyph half-size plus 0.5 PDF pt calibration allowance on each axis; not a statistical CI,"x 73.832=1e4, 278.284=1e7; log-y 525.6605=200 MPa, 606.4665=100 MPa",hold,overprinted_cross_series_outcome_unresolved
Fernandes_2024_FE24,Fernandes_2024,10.1016/j.tafmec.2024.104553,f4cd15a5fd6ca9613b30dfda6bfe5dbebf78c47b9d201bc157c46e1f286570c3,Figure 5 smooth only,5,FE24,SR,stress relieved,0,axial,20,stress range Delta_sigma MPa,number of cycles,59.9,58.34,61.5,5.5751,5.5319,5.6183,181.1738,585.4056,76,PDF vector glyph center plus visual symbol/arrow audit,glyph half-size plus 0.5 PDF pt calibration allowance on each axis; not a statistical CI,"x 73.832=1e4, 278.284=1e7; log-y 525.6605=200 MPa, 606.4665=100 MPa",hold,overprinted_cross_series_outcome_unresolved
Fernandes_2024_FE25,Fernandes_2024,10.1016/j.tafmec.2024.104553,f4cd15a5fd6ca9613b30dfda6bfe5dbebf78c47b9d201bc157c46e1f286570c3,Figure 5 smooth only,5,FE25,SR,stress relieved,0,axial,20,stress range Delta_sigma MPa,number of cycles,52.45,51.09,53.86,5.6767,5.6335,5.7199,188.0975,600.8793,75,PDF vector glyph center plus visual symbol/arrow audit,glyph half-size plus 0.5 PDF pt calibration allowance on each axis; not a statistical CI,"x 73.832=1e4, 278.284=1e7; log-y 525.6605=200 MPa, 606.4665=100 MPa",hold,overprinted_cross_series_outcome_unresolved
Fernandes_2024_FE26,Fernandes_2024,10.1016/j.tafmec.2024.104553,f4cd15a5fd6ca9613b30dfda6bfe5dbebf78c47b9d201bc157c46e1f286570c3,Figure 5 smooth only,5,FE26,SR,stress relieved,0,axial,20,stress range Delta_sigma MPa,number of cycles,50.0,48.7,51.34,6.2026,6.1594,6.2457,223.9377,606.4669,90,PDF vector glyph center plus visual symbol/arrow audit,glyph half-size plus 0.5 PDF pt calibration allowance on each axis; not a statistical CI,"x 73.832=1e4, 278.284=1e7; log-y 525.6605=200 MPa, 606.4665=100 MPa",include_failure,clear_first_exposure_failure_symbol
Fernandes_2024_FE27,Fernandes_2024,10.1016/j.tafmec.2024.104553,f4cd15a5fd6ca9613b30dfda6bfe5dbebf78c47b9d201bc157c46e1f286570c3,Figure 5 smooth only,5,FE27,SR,stress relieved,0,axial,20,stress range Delta_sigma MPa,number of cycles,50.0,48.7,51.34,6.2802,6.2371,6.3234,229.2323,606.4669,91,PDF vector glyph center plus visual symbol/arrow audit,glyph half-size plus 0.5 PDF pt calibration allowance on each axis; not a statistical CI,"x 73.832=1e4, 278.284=1e7; log-y 525.6605=200 MPa, 606.4665=100 MPa",hold,arrow_runout_stop_unverified
