candidate_id,source,series,pdf_x,pdf_y,raster_color_pixel_count,raster_quadrants,raster_centroid_offset_x_pdf_pt,raster_centroid_offset_y_pdf_pt,interpretation
MU01,Muhammad_2023,AB_R01,172.6995,195.001,1074,256;225;247;281,0.01,0.109,"pixel support is diagnostic, fitted lines/other symbols may add pixels"
MU02,Muhammad_2023,AB_R01,223.0715,206.732,992,256;224;240;210,-0.071,-0.044,"pixel support is diagnostic, fitted lines/other symbols may add pixels"
MU03,Muhammad_2023,AB_R01,231.7695,206.732,293,2;140;4;139,1.228,-0.008,"pixel support is diagnostic, fitted lines/other symbols may add pixels"
MU04,Muhammad_2023,AB_R01,243.8435,218.5265,929,226;239;242;178,-0.068,0.115,"pixel support is diagnostic, fitted lines/other symbols may add pixels"
MU05,Muhammad_2023,AB_R01,248.9715,218.5265,852,256;239;129;171,0.041,-0.4,"pixel support is diagnostic, fitted lines/other symbols may add pixels"
MU06,Muhammad_2023,AB_R01,268.7695,230.3235,1058,256;306;224;210,0.024,-0.21,"pixel support is diagnostic, fitted lines/other symbols may add pixels"
MU07,Muhammad_2023,AB_R01,278.8955,230.3235,898,281;161;224;165,-0.322,-0.076,"pixel support is diagnostic, fitted lines/other symbols may add pixels"
MU08,Muhammad_2023,AB_R01,286.4265,236.2215,1021,255;240;239;224,-0.112,-0.036,"pixel support is diagnostic, fitted lines/other symbols may add pixels"
MU09,Muhammad_2023,AB_R01,296.9415,230.3235,743,255;224;120;97,-0.07,-0.308,"pixel support is diagnostic, fitted lines/other symbols may add pixels"
MU10,Muhammad_2023,AB_R01,302.0695,236.2215,1057,283;251;240;215,-0.042,-0.07,"pixel support is diagnostic, fitted lines/other symbols may add pixels"
MU11,Muhammad_2023,AB_R01,315.5065,242.054,805,255;136;240;121,-0.464,-0.133,"pixel support is diagnostic, fitted lines/other symbols may add pixels"
MU12,Muhammad_2023,AB_R01,318.1025,242.054,307,136;42;121;3,-1.413,-0.455,"pixel support is diagnostic, fitted lines/other symbols may add pixels"
MU13,Muhammad_2023,AB_R01,319.855,247.952,992,256;240;224;210,-0.043,-0.077,"pixel support is diagnostic, fitted lines/other symbols may add pixels"
MU14,Muhammad_2023,AB_R01,348.546,247.952,1021,256;267;224;212,-0.057,-0.134,"pixel support is diagnostic, fitted lines/other symbols may add pixels"
MU15,Muhammad_2023,AB_R01,355.8805,247.952,1069,303;270;224;210,-0.082,-0.196,"pixel support is diagnostic, fitted lines/other symbols may add pixels"
MU16,Muhammad_2023,AB_R01,365.9425,253.851,995,259;224;240;210,-0.074,-0.041,"pixel support is diagnostic, fitted lines/other symbols may add pixels"
MU17,Muhammad_2023,AB_R01,397.62,250.934,1134,239;195;340;294,-0.135,0.334,"pixel support is diagnostic, fitted lines/other symbols may add pixels"
MU18,Muhammad_2023,AB_R01,457.1445,253.851,339,63;109;50;80,0.333,-0.038,"pixel support is diagnostic, fitted lines/other symbols may add pixels"
MU19,Muhammad_2023,AB_Rm1,230.7961,206.7314,856,199;218;178;196,0.029,-0.062,"pixel support is diagnostic, fitted lines/other symbols may add pixels"
MU20,Muhammad_2023,AB_Rm1,230.9909,206.7314,856,231;186;208;166,-0.166,-0.062,"pixel support is diagnostic, fitted lines/other symbols may add pixels"
MU21,Muhammad_2023,AB_Rm1,258.1885,218.5278,1055,207;298;196;285,0.414,-0.069,"pixel support is diagnostic, fitted lines/other symbols may add pixels"
MU22,Muhammad_2023,AB_Rm1,259.487,218.5278,1013,305;181;291;169,-0.467,-0.074,"pixel support is diagnostic, fitted lines/other symbols may add pixels"
MU23,Muhammad_2023,AB_Rm1,281.6866,230.3227,872,181;397;113;137,0.493,-0.487,"pixel support is diagnostic, fitted lines/other symbols may add pixels"
MU24,Muhammad_2023,AB_Rm1,283.5694,230.3227,955,389;285;146;81,-0.284,-0.633,"pixel support is diagnostic, fitted lines/other symbols may add pixels"
MU25,Muhammad_2023,AB_Rm1,295.9025,236.2211,932,191;215;178;283,0.3,0.132,"pixel support is diagnostic, fitted lines/other symbols may add pixels"
MU26,Muhammad_2023,AB_Rm1,297.5251,236.2211,887,251;123;285;167,-0.561,0.176,"pixel support is diagnostic, fitted lines/other symbols may add pixels"
MU27,Muhammad_2023,AB_Rm1,318.2965,242.0536,1040,190;300;186;295,0.396,-0.068,"pixel support is diagnostic, fitted lines/other symbols may add pixels"
MU28,Muhammad_2023,AB_Rm1,320.2443,242.0536,1016,302;177;297;173,-0.493,-0.072,"pixel support is diagnostic, fitted lines/other symbols may add pixels"
MU29,Muhammad_2023,AB_Rm1,388.402,247.9521,869,242;226;174;165,-0.078,-0.128,"pixel support is diagnostic, fitted lines/other symbols may add pixels"
MU30,Muhammad_2023,AB_Rm1,423.0001,247.9521,799,209;188;179;161,-0.079,-0.068,"pixel support is diagnostic, fitted lines/other symbols may add pixels"
MU31,Muhammad_2023,AB_Rm1,457.1437,253.85,804,192;142;279;152,-0.346,0.239,"pixel support is diagnostic, fitted lines/other symbols may add pixels"
MU32,Muhammad_2023,CMP_R01,155.2385,137.4473,528,80;57;182;161,-0.079,0.515,"pixel support is diagnostic, fitted lines/other symbols may add pixels"
MU33,Muhammad_2023,CMP_R01,166.4686,142.5025,556,80;56;198;174,-0.067,0.542,"pixel support is diagnostic, fitted lines/other symbols may add pixels"
MU34,Muhammad_2023,CMP_R01,178.0876,147.5576,528,73;49;191;168,-0.061,0.522,"pixel support is diagnostic, fitted lines/other symbols may add pixels"
MU35,Muhammad_2023,CMP_R01,178.8015,157.6685,541,64;64;183;183,-0.052,0.523,"pixel support is diagnostic, fitted lines/other symbols may add pixels"
MU36,Muhammad_2023,CMP_R01,211.907,198.1118,558,72;64;190;183,-0.062,0.555,"pixel support is diagnostic, fitted lines/other symbols may add pixels"
MU37,Muhammad_2023,CMP_R01,213.075,167.7793,918,80;180;237;361,0.511,0.513,"pixel support is diagnostic, fitted lines/other symbols may add pixels"
MU38,Muhammad_2023,CMP_R01,213.9188,172.8345,621,72;73;175;250,0.262,0.559,"pixel support is diagnostic, fitted lines/other symbols may add pixels"
MU39,Muhammad_2023,CMP_R01,214.5681,167.7793,910,210;49;328;262,-0.403,0.584,"pixel support is diagnostic, fitted lines/other symbols may add pixels"
MU40,Muhammad_2023,CMP_R01,217.2942,172.8345,709,88;149;250;170,-0.146,0.18,"pixel support is diagnostic, fitted lines/other symbols may add pixels"
MU41,Muhammad_2023,CMP_R01,245.0769,182.9453,616,81;61;182;240,0.271,0.588,"pixel support is diagnostic, fitted lines/other symbols may add pixels"
MU42,Muhammad_2023,CMP_R01,248.5818,182.9453,586,81;56;238;161,-0.266,0.578,"pixel support is diagnostic, fitted lines/other symbols may add pixels"
MU43,Muhammad_2023,CMP_R01,249.3606,188.001,556,78;56;198;175,-0.079,0.549,"pixel support is diagnostic, fitted lines/other symbols may add pixels"
MU44,Muhammad_2023,CMP_R01,270.5217,198.1118,558,72;64;190;183,-0.052,0.555,"pixel support is diagnostic, fitted lines/other symbols may add pixels"
MU45,Muhammad_2023,CMP_R01,273.3783,177.8897,686,72;56;289;216,-0.194,0.901,"pixel support is diagnostic, fitted lines/other symbols may add pixels"
MU46,Muhammad_2023,CMP_R01,326.9305,182.9453,527,72;65;174;168,-0.082,0.514,"pixel support is diagnostic, fitted lines/other symbols may add pixels"
MU47,Muhammad_2023,CMP_R01,328.034,177.8897,544,71;57;191;176,-0.094,0.551,"pixel support is diagnostic, fitted lines/other symbols may add pixels"
MU48,Muhammad_2023,CMP_R01,358.8021,188.001,544,65;64;183;183,-0.056,0.558,"pixel support is diagnostic, fitted lines/other symbols may add pixels"
MU49,Muhammad_2023,CMP_R01,444.7454,208.2871,781,183;179;191;176,-0.014,-0.254,"pixel support is diagnostic, fitted lines/other symbols may add pixels"
MU50,Muhammad_2023,CMP_R01,457.1439,203.167,467,71;56;179;119,-0.167,0.549,"pixel support is diagnostic, fitted lines/other symbols may add pixels"
MU51,Muhammad_2023,CMP_Rm1,154.4567,91.8743,521,142;104;136;101,-0.115,-0.062,"pixel support is diagnostic, fitted lines/other symbols may add pixels"
MU52,Muhammad_2023,CMP_Rm1,185.1588,86.8187,485,145;142;77;74,-0.052,-0.03,"pixel support is diagnostic, fitted lines/other symbols may add pixels"
MU53,Muhammad_2023,CMP_Rm1,213.9792,102.0496,517,137;103;127;114,-0.068,-0.06,"pixel support is diagnostic, fitted lines/other symbols may add pixels"
MU54,Muhammad_2023,CMP_Rm1,216.2511,117.2161,514,131;116;122;108,-0.064,-0.065,"pixel support is diagnostic, fitted lines/other symbols may add pixels"
MU55,Muhammad_2023,CMP_Rm1,232.8029,112.1609,657,132;118;175;179,-0.1,0.055,"pixel support is diagnostic, fitted lines/other symbols may add pixels"
MU56,Muhammad_2023,CMP_Rm1,238.0607,117.2161,502,117;117;115;115,-0.061,-0.047,"pixel support is diagnostic, fitted lines/other symbols may add pixels"
MU57,Muhammad_2023,CMP_Rm1,240.6569,122.2718,510,119;125;116;113,-0.037,-0.088,"pixel support is diagnostic, fitted lines/other symbols may add pixels"
MU58,Muhammad_2023,CMP_Rm1,251.7565,127.3274,534,140;116;122;119,-0.057,-0.065,"pixel support is diagnostic, fitted lines/other symbols may add pixels"
MU59,Muhammad_2023,CMP_Rm1,257.923,122.2718,522,119;128;125;113,-0.062,-0.072,"pixel support is diagnostic, fitted lines/other symbols may add pixels"
MU60,Muhammad_2023,CMP_Rm1,354.7038,137.4383,646,191;194;122;99,0.031,-0.199,"pixel support is diagnostic, fitted lines/other symbols may add pixels"
MU61,Muhammad_2023,CMP_Rm1,357.6247,127.3274,497,131;108;120;100,-0.072,-0.063,"pixel support is diagnostic, fitted lines/other symbols may add pixels"
FE01,Fernandes_2024,AB,122.5259,546.2923,965,233;243;233;232,0.001,-0.075,"pixel support is diagnostic, fitted lines/other symbols may add pixels"
FE02,Fernandes_2024,AB,128.2279,541.1343,565,242;74;200;34,-1.389,-0.588,"pixel support is diagnostic, fitted lines/other symbols may add pixels"
FE03,Fernandes_2024,AB,146.9619,562.6253,1051,246;232;322;226,-0.232,0.054,"pixel support is diagnostic, fitted lines/other symbols may add pixels"
FE04,Fernandes_2024,AB,161.2169,579.3883,1159,258;247;370;252,-0.157,0.083,"pixel support is diagnostic, fitted lines/other symbols may add pixels"
FE05,Fernandes_2024,AB,175.4719,600.8793,961,242;232;237;226,-0.087,-0.064,"pixel support is diagnostic, fitted lines/other symbols may add pixels"
FE06,Fernandes_2024,AB,208.4609,661.9143,934,238;209;237;226,-0.127,-0.031,"pixel support is diagnostic, fitted lines/other symbols may add pixels"
FE07,Fernandes_2024,AB,222.3079,625.3793,943,238;217;232;232,-0.114,-0.048,"pixel support is diagnostic, fitted lines/other symbols may add pixels"
FE08,Fernandes_2024,HIP,129.8569,541.1341,863,142;162;268;258,0.042,0.624,"pixel support is diagnostic, fitted lines/other symbols may add pixels"
FE09,Fernandes_2024,HIP,136.3734,541.1341,852,197;127;241;253,-0.127,0.624,"pixel support is diagnostic, fitted lines/other symbols may add pixels"
FE10,Fernandes_2024,HIP,149.4062,551.4497,806,140;135;255;245,-0.062,0.696,"pixel support is diagnostic, fitted lines/other symbols may add pixels"
FE11,Fernandes_2024,HIP,162.0317,567.3532,949,214;133;279;282,-0.293,0.517,"pixel support is diagnostic, fitted lines/other symbols may add pixels"
FE12,Fernandes_2024,HIP,173.8427,575.9496,741,148;129;216;222,-0.075,0.564,"pixel support is diagnostic, fitted lines/other symbols may add pixels"
FE13,Fernandes_2024,HIP,181.5809,585.4057,876,175;124;302;241,-0.256,0.663,"pixel support is diagnostic, fitted lines/other symbols may add pixels"
FE14,Fernandes_2024,HIP,188.5046,600.8793,833,140;129;268;263,-0.06,0.763,"pixel support is diagnostic, fitted lines/other symbols may add pixels"
FE15,Fernandes_2024,HIP,210.0902,612.4845,891,144;126;327;258,-0.188,0.811,"pixel support is diagnostic, fitted lines/other symbols may add pixels"
FE16,Fernandes_2024,HIP,217.4212,625.3792,753,137;132;264;187,-0.29,0.63,"pixel support is diagnostic, fitted lines/other symbols may add pixels"
FE17,Fernandes_2024,HIP,240.6359,632.6861,786,136;125;252;242,-0.073,0.69,"pixel support is diagnostic, fitted lines/other symbols may add pixels"
FE18,Fernandes_2024,SR,116.8243,525.6603,1088,233;346;197;267,0.248,-0.199,"pixel support is diagnostic, fitted lines/other symbols may add pixels"
FE19,Fernandes_2024,SR,132.3007,541.1339,579,152;141;120;148,-0.029,-0.366,"pixel support is diagnostic, fitted lines/other symbols may add pixels"
FE20,Fernandes_2024,SR,153.479,551.4497,679,193;194;88;183,0.316,-0.272,"pixel support is diagnostic, fitted lines/other symbols may add pixels"
FE21,Fernandes_2024,SR,155.5154,567.3531,840,203;230;193;187,0.039,-0.164,"pixel support is diagnostic, fitted lines/other symbols may add pixels"
FE22,Fernandes_2024,SR,166.5119,567.3531,845,203;200;229;187,-0.092,0.122,"pixel support is diagnostic, fitted lines/other symbols may add pixels"
FE23,Fernandes_2024,SR,175.4719,575.9496,654,70;194;240;134,0.025,0.172,"pixel support is diagnostic, fitted lines/other symbols may add pixels"
FE24,Fernandes_2024,SR,181.1738,585.4056,715,186;155;114;221,0.104,-0.243,"pixel support is diagnostic, fitted lines/other symbols may add pixels"
FE25,Fernandes_2024,SR,188.0975,600.8793,509,202;147;85;63,-0.28,-0.788,"pixel support is diagnostic, fitted lines/other symbols may add pixels"
FE26,Fernandes_2024,SR,223.9377,606.4669,899,207;243;196;226,0.248,-0.077,"pixel support is diagnostic, fitted lines/other symbols may add pixels"
FE27,Fernandes_2024,SR,229.2323,606.4669,660,175;94;212;158,-0.553,0.339,"pixel support is diagnostic, fitted lines/other symbols may add pixels"
