record_id,source_key,doi,source_location,specimen_no,build_angle_deg,shape_surface,loading,stress_ratio_R,test_frequency_Hz,stress_metric,stress_max_MPa,stress_amp_MPa,stress_provenance,cycles_plotted_approx,cycles_for_censor_model,event_failure,outcome,plot_x_px,plot_y_px,x_px_halfwidth,y_px_halfwidth,log10N_read_low,log10N_read_high,sigma_max_read_low_MPa,sigma_max_read_high_MPa,censor_bound_basis,evidence_note,precision_tier,cohort_status
Z01,Zhang_2022,10.1016/j.ijmecsci.2022.107336,"Fig. 4, PDF physical page 5",,0,"machined hourglass; ground, Ra<0.32 µm; annealed 270 °C × 2 h",axial,0,85,sigma_max,198.5,99.2,graph digitized,175751,175751,1,failure,196,217,10,30,5.214,5.276,195.5,201.4,,clear,graph_approximate,sensitivity_only_separate_from_exact_66_75
Z02,Zhang_2022,10.1016/j.ijmecsci.2022.107336,"Fig. 4, PDF physical page 5",,0,"machined hourglass; ground, Ra<0.32 µm; annealed 270 °C × 2 h",axial,0,85,sigma_max,185.9,92.9,graph digitized,163494,163494,1,failure,186,344,16,38,5.163,5.264,182.1,189.6,,touching orange marker,graph_approximate,sensitivity_only_separate_from_exact_66_75
Z03,Zhang_2022,10.1016/j.ijmecsci.2022.107336,"Fig. 4, PDF physical page 5",,0,"machined hourglass; ground, Ra<0.32 µm; annealed 270 °C × 2 h",axial,0,85,sigma_max,173.3,86.6,graph digitized,1025626,1025626,1,failure,440,471,10,30,5.98,6.042,170.3,176.2,,clear,graph_approximate,sensitivity_only_separate_from_exact_66_75
Z04,Zhang_2022,10.1016/j.ijmecsci.2022.107336,"Fig. 4, PDF physical page 5",,0,"machined hourglass; ground, Ra<0.32 µm; annealed 270 °C × 2 h",axial,0,85,sigma_max,153.3,76.7,graph digitized,20754461,20754461,1,failure,856,672,10,30,7.286,7.349,150.4,156.3,,clear,graph_approximate,sensitivity_only_separate_from_exact_66_75
Z05,Zhang_2022,10.1016/j.ijmecsci.2022.107336,"Fig. 4, PDF physical page 5",,0,"machined hourglass; ground, Ra<0.32 µm; annealed 270 °C × 2 h",axial,0,85,sigma_max,158.3,79.1,graph digitized,98921439,98921439,1,failure,1072,622,15,30,7.948,8.042,155.3,161.3,,"at 10^8 stopping line, no arrow shown",graph_approximate,sensitivity_only_separate_from_exact_66_75
Z06,Zhang_2022,10.1016/j.ijmecsci.2022.107336,"Fig. 4, PDF physical page 5",,0,"machined hourglass; ground, Ra<0.32 µm; annealed 270 °C × 2 h",axial,0,85,sigma_max,148.3,74.1,graph digitized,172603129,100000000,0,right_censored,1149,723,10,30,8.206,8.268,145.3,151.2,paper states tests stopped after >10^8; use conservative 10^8 bound,rightward runout arrow,graph_approximate,sensitivity_only_separate_from_exact_66_75
Z07,Zhang_2022,10.1016/j.ijmecsci.2022.107336,"Fig. 4, PDF physical page 5",,45,"machined hourglass; ground, Ra<0.32 µm; annealed 270 °C × 2 h",axial,0,85,sigma_max,198.5,99.2,graph digitized,100000,100000,1,failure,118,217,10,30,4.969,5.031,195.5,201.4,,clear,graph_approximate,sensitivity_only_separate_from_exact_66_75
Z08,Zhang_2022,10.1016/j.ijmecsci.2022.107336,"Fig. 4, PDF physical page 5",,45,"machined hourglass; ground, Ra<0.32 µm; annealed 270 °C × 2 h",axial,0,85,sigma_max,185.9,92.9,graph digitized,1228802,1228802,1,failure,465,344,10,30,6.058,6.121,182.9,188.8,,clear,graph_approximate,sensitivity_only_separate_from_exact_66_75
Z09,Zhang_2022,10.1016/j.ijmecsci.2022.107336,"Fig. 4, PDF physical page 5",,45,"machined hourglass; ground, Ra<0.32 µm; annealed 270 °C × 2 h",axial,0,85,sigma_max,173.4,86.7,graph digitized,1909874,1909874,1,failure,526,470,10,30,6.25,6.312,170.4,176.3,,clear,graph_approximate,sensitivity_only_separate_from_exact_66_75
Z10,Zhang_2022,10.1016/j.ijmecsci.2022.107336,"Fig. 4, PDF physical page 5",,45,"machined hourglass; ground, Ra<0.32 µm; annealed 270 °C × 2 h",axial,0,85,sigma_max,160.9,80.4,graph digitized,473194,473194,1,failure,333,596,10,30,5.644,5.706,157.9,163.8,,clear,graph_approximate,sensitivity_only_separate_from_exact_66_75
Z11,Zhang_2022,10.1016/j.ijmecsci.2022.107336,"Fig. 4, PDF physical page 5",,45,"machined hourglass; ground, Ra<0.32 µm; annealed 270 °C × 2 h",axial,0,85,sigma_max,133.3,66.6,graph digitized,150450638,100000000,0,right_censored,1130,874,10,30,8.146,8.209,130.3,136.3,paper states tests stopped after >10^8; use conservative 10^8 bound,rightward runout arrow,graph_approximate,sensitivity_only_separate_from_exact_66_75
Z12,Zhang_2022,10.1016/j.ijmecsci.2022.107336,"Fig. 4, PDF physical page 5",,45,"machined hourglass; ground, Ra<0.32 µm; annealed 270 °C × 2 h",axial,0,85,sigma_max,128.1,64.1,graph digitized,162903692,100000000,0,right_censored,1141,926,10,30,8.181,8.243,125.2,131.1,paper states tests stopped after >10^8; use conservative 10^8 bound,rightward runout arrow,graph_approximate,sensitivity_only_separate_from_exact_66_75
Z13,Zhang_2022,10.1016/j.ijmecsci.2022.107336,"Fig. 4, PDF physical page 5",,90,"machined hourglass; ground, Ra<0.32 µm; annealed 270 °C × 2 h",axial,0,85,sigma_max,198.5,99.2,graph digitized,77085,77085,1,failure,82,217,16,38,4.837,4.937,194.7,202.2,,touching blue marker,graph_approximate,sensitivity_only_separate_from_exact_66_75
Z14,Zhang_2022,10.1016/j.ijmecsci.2022.107336,"Fig. 4, PDF physical page 5",,90,"machined hourglass; ground, Ra<0.32 µm; annealed 270 °C × 2 h",axial,0,85,sigma_max,185.9,92.9,graph digitized,209050,209050,1,failure,220,344,16,38,5.27,5.37,182.1,189.6,,touching red marker,graph_approximate,sensitivity_only_separate_from_exact_66_75
Z15,Zhang_2022,10.1016/j.ijmecsci.2022.107336,"Fig. 4, PDF physical page 5",,90,"machined hourglass; ground, Ra<0.32 µm; annealed 270 °C × 2 h",axial,0,85,sigma_max,173.4,86.7,graph digitized,170741,170741,1,failure,192,470,10,30,5.201,5.264,170.4,176.3,,clear,graph_approximate,sensitivity_only_separate_from_exact_66_75
Z16,Zhang_2022,10.1016/j.ijmecsci.2022.107336,"Fig. 4, PDF physical page 5",,90,"machined hourglass; ground, Ra<0.32 µm; annealed 270 °C × 2 h",axial,0,85,sigma_max,160.9,80.4,graph digitized,216745,216745,1,failure,225,596,10,30,5.305,5.367,157.9,163.8,,clear,graph_approximate,sensitivity_only_separate_from_exact_66_75
Z17,Zhang_2022,10.1016/j.ijmecsci.2022.107336,"Fig. 4, PDF physical page 5",,90,"machined hourglass; ground, Ra<0.32 µm; annealed 270 °C × 2 h",axial,0,85,sigma_max,148.3,74.1,graph digitized,1419961,1419961,1,failure,485,723,10,30,6.121,6.184,145.3,151.2,,clear,graph_approximate,sensitivity_only_separate_from_exact_66_75
Z18,Zhang_2022,10.1016/j.ijmecsci.2022.107336,"Fig. 4, PDF physical page 5",,90,"machined hourglass; ground, Ra<0.32 µm; annealed 270 °C × 2 h",axial,0,85,sigma_max,128.2,64.1,graph digitized,14990778,14990778,1,failure,811,925,10,30,7.144,7.207,125.3,131.2,,clear,graph_approximate,sensitivity_only_separate_from_exact_66_75
Z19,Zhang_2022,10.1016/j.ijmecsci.2022.107336,"Fig. 4, PDF physical page 5",,90,"machined hourglass; ground, Ra<0.32 µm; annealed 270 °C × 2 h",axial,0,85,sigma_max,113.3,56.6,graph digitized,98921439,100000000,0,right_censored,1072,1076,10,30,7.964,8.027,110.3,116.2,paper states tests stopped after >10^8; use conservative 10^8 bound,rightward runout arrow,graph_approximate,sensitivity_only_separate_from_exact_66_75
Z20,Zhang_2022,10.1016/j.ijmecsci.2022.107336,"Fig. 4, PDF physical page 5",,90,"machined hourglass; ground, Ra<0.32 µm; annealed 270 °C × 2 h",axial,0,85,sigma_max,108.2,54.1,graph digitized,104811313,100000000,0,right_censored,1080,1127,16,38,7.97,8.071,104.4,112.0,paper states tests stopped after >10^8; use conservative 10^8 bound,rightward runout arrow; partly adjacent marker,graph_approximate,sensitivity_only_separate_from_exact_66_75
G09,Glodez_2020,10.1016/S1003-6326(20)65403-6,"Table 2 + Fig. 10, PDF physical pages 4 and 8",9,,flat as-built/cleaned specimen,pulsating axial tension,0,25,sigma_max,159.6,79.8,Table 2 exact loading level,59012,59012,1,failure,546,253,12,12,4.73,4.812,159.6,159.6,,Table 2 sigma_a=79.8; unique top failure,stress_exact_life_graph_approximate,sensitivity_only_separate_from_exact_66_75
G08,Glodez_2020,10.1016/S1003-6326(20)65403-6,"Table 2 + Fig. 10, PDF physical pages 4 and 8",8,,flat as-built/cleaned specimen,pulsating axial tension,0,25,sigma_max,147.8,73.9,Table 2 exact loading level,137010,137010,1,failure,653,324,12,12,5.096,5.178,147.8,147.8,,Table 2 sigma_a=73.9; unique failure,stress_exact_life_graph_approximate,sensitivity_only_separate_from_exact_66_75
G07,Glodez_2020,10.1016/S1003-6326(20)65403-6,"Table 2 + Fig. 10, PDF physical pages 4 and 8",7,,flat as-built/cleaned specimen,pulsating axial tension,0,25,sigma_max,143.2,71.6,Table 2 exact loading level,267516,267516,1,failure,738,349,12,12,5.386,5.468,143.2,143.2,,Table 2 sigma_a=71.6; unique failure,stress_exact_life_graph_approximate,sensitivity_only_separate_from_exact_66_75
G06,Glodez_2020,10.1016/S1003-6326(20)65403-6,"Table 2 + Fig. 10, PDF physical pages 4 and 8",6,,flat as-built/cleaned specimen,pulsating axial tension,0,25,sigma_max,131.4,65.7,Table 2 exact loading level,282672,282672,1,failure,745,422,12,12,5.41,5.492,131.4,131.4,,Table 2 sigma_a=65.7; unique failure,stress_exact_life_graph_approximate,sensitivity_only_separate_from_exact_66_75
G10,Glodez_2020,10.1016/S1003-6326(20)65403-6,"Table 2 + Fig. 10, PDF physical pages 4 and 8",10,,flat as-built/cleaned specimen,pulsating axial tension,0,25,sigma_max,121.2,60.6,Table 2 exact loading level,1397331,1397331,1,failure,948,480,12,12,6.104,6.186,121.2,121.2,,Table 2 sigma_a=60.6; unique failure,stress_exact_life_graph_approximate,sensitivity_only_separate_from_exact_66_75
G05,Glodez_2020,10.1016/S1003-6326(20)65403-6,"Table 2 + Fig. 10, PDF physical pages 4 and 8",5,,flat as-built/cleaned specimen,pulsating axial tension,0,25,sigma_max,114.0,57.0,Table 2 exact loading level,4076209,4000000,0,right_censored,1084,520,12,12,6.569,6.651,114.0,114.0,paper explicitly states 4×10^6 stopping cycles,Table 2 sigma_a=57.0; open runout glyph,stress_exact_life_graph_approximate,sensitivity_only_separate_from_exact_66_75
