scenario,fold_id,train_n,train_exact_n,train_graph_n,train_fail,train_runout,alpha_log10_scale_at_100MPa,beta_log10_scale_per_stress_doubling,weibull_shape_k,training_negative_log_likelihood,optimizer_success,beta_at_constraint,k_at_constraint
S-1_L-1,E1_Wu_2021,51,25,26,44,7,5.667621022065527,-2.4655461396772327,0.4364766724307815,75.06716413365078,True,0,0
S-1_L-1,E1_Romano_2018,85,59,26,71,14,5.632678274750721,-1.2394222913482091,0.3815193919949181,132.2143448470149,True,0,0
S-1_L-1,E1_Chen_2024,74,48,26,59,15,5.816138055051346,-1.1327316943487447,0.3507936265949071,119.61624716824124,True,0,0
S-1_L+0,E1_Wu_2021,51,25,26,44,7,5.679673021850853,-2.473639680199307,0.4376498961855317,74.87758448070859,True,0,0
S-1_L+0,E1_Romano_2018,85,59,26,71,14,5.653138092942904,-1.2225883695460273,0.3810682482662317,132.2677284189545,True,0,0
S-1_L+0,E1_Chen_2024,74,48,26,59,15,5.83276183570175,-1.1237174568515842,0.3508859237935589,119.57269137035556,True,0,0
S-1_L+1,E1_Wu_2021,51,25,26,44,7,5.691873524314963,-2.482026713903901,0.4386768381790492,74.70174561478784,True,0,0
S-1_L+1,E1_Romano_2018,85,59,26,71,14,5.673831437449018,-1.205596020072254,0.3805424676726286,132.33483132790855,True,0,0
S-1_L+1,E1_Chen_2024,74,48,26,59,15,5.849645992491959,-1.1145241320973245,0.3509073200905066,119.54007965481863,True,0,0
S+0_L-1,E1_Wu_2021,51,25,26,44,7,5.698640009254176,-2.491823908465519,0.4306497437243582,75.81911947512219,True,0,0
S+0_L-1,E1_Romano_2018,85,59,26,71,14,5.697507638163439,-1.1529887106931058,0.3774412475106844,133.03277512718012,True,0,0
S+0_L-1,E1_Chen_2024,74,48,26,59,15,5.857876733740806,-1.0854404968024336,0.3478738158335325,120.14348476228568,True,0,0
S+0_L+0,E1_Wu_2021,51,25,26,44,7,5.711017930461325,-2.4995196994237703,0.43171873414571965,75.64285114789128,True,0,0
S+0_L+0,E1_Romano_2018,85,59,26,71,14,5.71788033846605,-1.1360309559442776,0.37708221974173545,133.07752704726985,True,0,0
S+0_L+0,E1_Chen_2024,74,48,26,59,15,5.874820076599734,-1.0756890522348164,0.3479891168903426,120.09906445126337,True,0,0
S+0_L+1,E1_Wu_2021,51,25,26,44,7,5.723552709759867,-2.5074802092654798,0.4326426909922935,75.48026897086433,True,0,0
S+0_L+1,E1_Romano_2018,85,59,26,71,14,5.738468606310087,-1.1189383881739665,0.37665208768429864,133.13548443217394,True,0,0
S+0_L+1,E1_Chen_2024,74,48,26,59,15,5.8920194104709465,-1.065757641053359,0.34803681057138963,120.06524885958677,True,0,0
S+1_L-1,E1_Wu_2021,51,25,26,44,7,5.731776102120844,-2.5140641401189363,0.42436920546385476,76.61764580100854,True,0,0
S+1_L-1,E1_Romano_2018,85,59,26,71,14,5.76024960264754,-1.0677119322386162,0.37385714814645776,133.79029884060526,True,0,0
S+1_L-1,E1_Chen_2024,74,48,26,59,15,5.89998674520374,-1.0357705246708755,0.34515202881888907,120.64924469498743,True,0,0
S+1_L+0,E1_Wu_2021,51,25,26,44,7,5.744497531013468,-2.52125466294755,0.4253275504964345,76.45508902022665,True,0,0
S+1_L+0,E1_Romano_2018,85,59,26,71,14,5.7804443152248,-1.0507769622094103,0.3735856550048698,133.8261338092712,True,0,0
S+1_L+0,E1_Chen_2024,74,48,26,59,15,5.917195925667511,-1.0253472520524805,0.3452943741216131,120.60336947287972,True,0,0
S+1_L+1,E1_Wu_2021,51,25,26,44,7,5.757384171857881,-2.528676069486813,0.4261427993738841,76.30611820455478,True,0,0
S+1_L+1,E1_Romano_2018,85,59,26,71,14,5.80083852835314,-1.0337281144933186,0.3732460985933595,133.8747111388136,True,0,0
S+1_L+1,E1_Chen_2024,74,48,26,59,15,5.934654512507382,-1.014747403001536,0.3453722632638863,120.56776568695807,True,0,0
CENTER_without_Z05,E1_Wu_2021,50,25,25,43,7,5.655628765127124,-2.4254377578203012,0.4499038226881775,72.6772166918844,True,0,0
CENTER_without_Z05,E1_Romano_2018,84,59,25,70,14,5.60242104163474,-1.2333808609761576,0.3919701353314373,129.13212192008683,True,0,0
CENTER_without_Z05,E1_Chen_2024,73,48,25,58,15,5.78844856778343,-1.1199961577519428,0.35799927835432943,117.05905651808439,True,0,0
