scenario,fold_id,held_out_study,train_exact_n,train_graph_n,test_n,test_fail,test_runout,mean_censored_NLL_log10_density,failure_only_MAE_log10_cycles,total_runout_survival_NLL
S-1_L-1,E1_Wu_2021,Wu_2021,25,26,41,33,8,2.1117739005735174,2.033245524311903,2.7127165617871327
S-1_L-1,E1_Romano_2018,Romano_2018,59,26,7,6,1,1.6447122023778322,0.3017777872007874,3.6912406401282474
S-1_L-1,E1_Chen_2024,Chen_2024,48,26,18,18,0,1.3958250464983404,0.4194872623336465,0
S-1_L+0,E1_Wu_2021,Wu_2021,25,26,41,33,8,2.1267569459172506,2.0533159204575364,2.6596922334370285
S-1_L+0,E1_Romano_2018,Romano_2018,59,26,7,6,1,1.6434362643547307,0.3117716760091567,3.6126261985229196
S-1_L+0,E1_Chen_2024,Chen_2024,48,26,18,18,0,1.400777589856405,0.4288178717362988,0
S-1_L+1,E1_Wu_2021,Wu_2021,25,26,41,33,8,2.141840289979247,2.0736639527096057,2.607007886857854
S-1_L+1,E1_Romano_2018,Romano_2018,59,26,7,6,1,1.6427259958777434,0.3218470958528463,3.53418705179908
S-1_L+1,E1_Chen_2024,Chen_2024,48,26,18,18,0,1.4060194183703598,0.4390237676192481,0
S+0_L-1,E1_Wu_2021,Wu_2021,25,26,41,33,8,2.1344807994641783,2.0821899065332152,2.5977006601355837
S+0_L-1,E1_Romano_2018,Romano_2018,59,26,7,6,1,1.6474102666495194,0.339026929529116,3.4052938448997394
S+0_L-1,E1_Chen_2024,Chen_2024,48,26,18,18,0,1.4121710427140235,0.4384931779266487,0
S+0_L+0,E1_Wu_2021,Wu_2021,25,26,41,33,8,2.14920515927358,2.1021778124502117,2.5474793048041877
S+0_L+0,E1_Romano_2018,Romano_2018,59,26,7,6,1,1.6482552907845347,0.35754405421513485,3.3349317856982506
S+0_L+0,E1_Chen_2024,Chen_2024,48,26,18,18,0,1.417208617452178,0.44875628564756437,0
S+0_L+1,E1_Wu_2021,Wu_2021,25,26,41,33,8,2.163997358642131,2.122425048381782,2.4976636302983057
S+0_L+1,E1_Romano_2018,Romano_2018,59,26,7,6,1,1.6496140826293362,0.3847524520698158,3.2647536984503653
S+0_L+1,E1_Chen_2024,Chen_2024,48,26,18,18,0,1.4225270738217177,0.4591098510838607,0
S+1_L-1,E1_Wu_2021,Wu_2021,25,26,41,33,8,2.154495535508957,2.129203173125709,2.4949191004208915
S+1_L-1,E1_Romano_2018,Romano_2018,59,26,7,6,1,1.6573402698630904,0.4332610043365697,3.1569015797730096
S+1_L-1,E1_Chen_2024,Chen_2024,48,26,18,18,0,1.4281592418465543,0.45838729724498894,0
S+1_L+0,E1_Wu_2021,Wu_2021,25,26,41,33,8,2.1688478683890553,2.149024966311821,2.447494013160619
S+1_L+0,E1_Romano_2018,Romano_2018,59,26,7,6,1,1.6599441122450465,0.46302663217727624,3.09374196554129
S+1_L+0,E1_Chen_2024,Chen_2024,48,26,18,18,0,1.433260328657723,0.4687752075966532,0
S+1_L+1,E1_Wu_2021,Wu_2021,25,26,41,33,8,2.1832340964712182,2.1690836383545977,2.400532765512921
S+1_L+1,E1_Romano_2018,Romano_2018,59,26,7,6,1,1.6630111422940885,0.49297999698800826,3.030757782571365
S+1_L+1,E1_Chen_2024,Chen_2024,48,26,18,18,0,1.4386336967828044,0.48053813128444745,0
CENTER_without_Z05,E1_Wu_2021,Wu_2021,25,25,41,33,8,2.1079731813847746,1.9972456329756112,2.788183928329913
CENTER_without_Z05,E1_Romano_2018,Romano_2018,59,25,7,6,1,1.6547038493746773,0.2965981282642387,3.9286460515999853
CENTER_without_Z05,E1_Chen_2024,Chen_2024,48,25,18,18,0,1.371129434971986,0.40812788272700523,0
