variant,held_out_study,alpha_log10_scale_at_100MPa,beta_log10_scale_per_stress_doubling,weibull_shape_k,optimizer_success,beta_at_constraint,k_at_constraint
exact_only,Wu_2021,5.449263957775759,-0.9599339138592797,0.5412673454994362,True,0,0
exact_only,Romano_2018,5.233681050310096,-1.0110064479846415,0.601125213881563,True,0,0
exact_only,Chen_2024,5.443862763538781,-0.8475528296759074,0.46063776864618294,True,0,0
zhang_only,Wu_2021,5.7897608780333085,-2.645006885479305,0.44562057875401123,True,0,0
zhang_only,Romano_2018,5.765188107793196,-1.094185650266845,0.37106638523333874,True,0,0
zhang_only,Chen_2024,5.925120764562646,-1.0512769770185568,0.3406361677596447,True,0,0
glodez_only,Wu_2021,5.432116269173092,-1.0111996479264456,0.5558363269739574,True,0,0
glodez_only,Romano_2018,5.212780128942204,-1.0578664188797904,0.6115602575042688,True,0,0
glodez_only,Chen_2024,5.4331296832044975,-0.8670142109938328,0.47522479488038305,True,0,0
graph_failures_only,Wu_2021,5.583535444047814,-1.570282609789337,0.4800041198498409,True,0,0
graph_failures_only,Romano_2018,5.586742832156186,-0.8101257935388152,0.4808508920099671,True,0,0
graph_failures_only,Chen_2024,5.672394365234898,-0.7904087560385977,0.43535169813359803,True,0,0
graph_runouts_only,Wu_2021,5.872981229299792,-2.6812928321955303,0.4040291743321751,True,0,0
graph_runouts_only,Romano_2018,5.663061629933536,-1.1482932134896675,0.35328525334429184,True,0,0
graph_runouts_only,Chen_2024,5.938771331073922,-1.0256516352212888,0.30931815863478856,True,0,0
both_graph_sources,Wu_2021,5.711017930461325,-2.4995196994237703,0.43171873414571965,True,0,0
both_graph_sources,Romano_2018,5.71788033846605,-1.1360309559442776,0.37708221974173545,True,0,0
both_graph_sources,Chen_2024,5.874820076599734,-1.0756890522348164,0.3479891168903426,True,0,0
