variant,held_out_study,train_exact_n,train_graph_n,train_graph_fail,train_graph_runout,test_n,test_fail,test_runout,mean_censored_NLL,failure_density_NLL_sum,runout_survival_NLL_sum,failure_only_MAE_log10_cycles,delta_mean_NLL_vs_E0,delta_failure_NLL_sum_vs_E0,delta_runout_NLL_sum_vs_E0
exact_only,Wu_2021,25,0,0,0,41,33,8,1.3446646572428231,40.925013051765625,14.206237895190137,0.5861967635022101,0.0,0.0,0.0
exact_only,Romano_2018,59,0,0,0,7,6,1,2.6404153589715587,5.4629737223003305,13.019933790500579,0.35595606698259735,0.0,0.0,0.0
exact_only,Chen_2024,48,0,0,0,18,18,0,1.058021930035297,19.044394740635347,0,0.2872884901332967,0.0,0.0,0.0
zhang_only,Wu_2021,25,20,15,5,41,33,8,2.3251399139163387,93.26811224928431,2.062624221285581,2.3189860710072483,0.9804752566735155,52.34309919751869,-12.143613673904555
zhang_only,Romano_2018,59,20,15,5,7,6,1,1.6523042247381194,8.439672860143736,3.1264567130231,0.4195518828568568,-0.9881111342334392,2.976699137843405,-9.89347707747748
zhang_only,Chen_2024,48,20,15,5,18,18,0,1.4471777968010686,26.049200342419237,0,0.4743089459168184,0.3891558667657715,7.00480560178389,0.0
glodez_only,Wu_2021,25,6,5,1,41,33,8,1.3540222800655484,41.54519658964357,13.96971689304392,0.6183566054580413,0.009357622822725231,0.6201835378779421,-0.23652100214621719
glodez_only,Romano_2018,59,6,5,1,7,6,1,2.7733814873309237,5.2661547822068275,14.147515629109641,0.3641122330860458,0.13296612835936505,-0.19681894009350298,1.1275818386090624
glodez_only,Chen_2024,48,6,5,1,18,18,0,1.03201444013094,18.57625992235692,0,0.28801651788955734,-0.026007489904357195,-0.46813481827842907,0.0
graph_failures_only,Wu_2021,25,20,20,0,41,33,8,1.612988608349944,60.01712325097876,6.11540969136895,1.203416345345444,0.26832395110712093,19.09211019921314,-8.090828203821186
graph_failures_only,Romano_2018,59,20,20,0,7,6,1,1.8328690749945484,7.718639511708373,5.111444013253465,0.5047732454428991,-0.8075462839770102,2.2556657894080425,-7.908489777247114
graph_failures_only,Chen_2024,48,20,20,0,18,18,0,1.1663622292239841,20.994520126031713,0,0.36959894665719994,0.10834029918868704,1.9501253853963654,0.0
graph_runouts_only,Wu_2021,25,6,0,6,41,33,8,2.2894233619586237,91.86287346123618,2.0034843790673977,2.397002050309963,0.9447587047158006,50.93786040947055,-12.202753516122739
graph_runouts_only,Romano_2018,59,6,0,6,7,6,1,1.6516418240002824,8.32527144668883,3.236221321313144,0.3188644147327157,-0.9887735349712763,2.8622977243885,-9.783712469187435
graph_runouts_only,Chen_2024,48,6,0,6,18,18,0,1.5138145589389311,27.24866206090076,0,0.4474502140440857,0.45579262890363403,8.204267320265412,0.0
both_graph_sources,Wu_2021,25,26,20,6,41,33,8,2.14920515927358,85.56993222541259,2.5474793048041877,2.1021778124502117,0.8045405020307568,44.64491917364696,-11.658758590385949
both_graph_sources,Romano_2018,59,26,20,6,7,6,1,1.6482552907845347,8.202855249793492,3.3349317856982506,0.35754405421513485,-0.992160068187024,2.7398815274931616,-9.685002004802328
both_graph_sources,Chen_2024,48,26,20,6,18,18,0,1.417208617452178,25.509755114139207,0,0.44875628564756437,0.359186687416881,6.465360373503859,0.0
