study_id,experimental_source_doi,reporting_source_doi,specimen_id,episode_no,data_type,build_orientation,loading_mode,stress_ratio_R,sigma_max_MPa,stress_range_MPa,stress_amplitude_MPa,stress_mean_MPa,cycles_reported_text,cycles_failure_or_bound,failure_event_1,censoring_interpretation,test_frequency_Hz,surface_condition,thermal_condition,pretest_CT_reported,ct_sqrt_area_um,ct_h_um,ct_d_published_unit_uncertain,ct_sphericity,Y_published,deltaK_published_MPa_sqrt_m,h_over_r_audit,Y_from_eq10_audit,numerical_CT_status,inclusion_status,source_location,quality_note,outcome_source_label,tognan_2M_threshold_event_1,local_row_id,geometry_group,stress_basis,V80_mm3_group,S80_mm2_group,Kt_group,postmortem_initiator_equal_diameter_um,postmortem_initiator_roundness,postmortem_initiator_location,postmortem_initiator_type,pretest_defect_input_gate
Wu_2021,10.1016/j.ijfatigue.2021.106317,10.1016/j.ijfatigue.2021.106317,V-HCF04,1,experimental,Vertical,Uniaxial constant-amplitude HCF,0.1,140,126,63,77,"46,100",46100,1,Exact failure cycles,85,Ground and polished,Block stress relief: 300 C / 2 h; natural aging ~2 weeks,Yes,,,,,,,,,CT scanned; no specimen-matched numeric CT descriptor in Table 4,Candidate experimental stress-life; Wu Table 4 checked,"Wu et al. 2021, Table 4, PDF p. 7",No specimen-matched numeric CT value assigned.,Failed,,,,,,,,,,,,
Wu_2021,10.1016/j.ijfatigue.2021.106317,10.1016/j.ijfatigue.2021.106317,H-HCF19,1,experimental,Horizontal,Uniaxial constant-amplitude HCF,0.1,200,180,90,110,125000,125000,1,Exact failure cycles,85,Ground and polished,Block stress relief: 300 C / 2 h; natural aging ~2 weeks,Yes,,,,,,,,,CT scanned; no specimen-matched numeric CT descriptor in Table 4,Candidate experimental stress-life; Wu Table 4 checked,"Wu et al. 2021, Table 4, PDF p. 7",No specimen-matched numeric CT value assigned.,Failed,,,,,,,,,,,,
Wu_2021,10.1016/j.ijfatigue.2021.106317,10.1016/j.ijfatigue.2021.106317,V-HCF09,1,experimental,Vertical,Uniaxial constant-amplitude HCF,0.1,140,126,63,77,"56,200",56200,1,Exact failure cycles,85,Ground and polished,Block stress relief: 300 C / 2 h; natural aging ~2 weeks,Yes,,,,,,,,,CT scanned; no specimen-matched numeric CT descriptor in Table 4,Candidate experimental stress-life; Wu Table 4 checked,"Wu et al. 2021, Table 4, PDF p. 7",No specimen-matched numeric CT value assigned.,Failed,,,,,,,,,,,,
Wu_2021,10.1016/j.ijfatigue.2021.106317,10.1016/j.ijfatigue.2021.106317,H-HCF18,1,experimental,Horizontal,Uniaxial constant-amplitude HCF,0.1,200,180,90,110,152000,152000,1,Exact failure cycles,85,Ground and polished,Block stress relief: 300 C / 2 h; natural aging ~2 weeks,Yes,,,,,,,,,CT scanned; no specimen-matched numeric CT descriptor in Table 4,Candidate experimental stress-life; Wu Table 4 checked,"Wu et al. 2021, Table 4, PDF p. 7",No specimen-matched numeric CT value assigned.,Failed,,,,,,,,,,,,
Wu_2021,10.1016/j.ijfatigue.2021.106317,10.1016/j.ijfatigue.2021.106317,V-HCF02,1,experimental,Vertical,Uniaxial constant-amplitude HCF,0.1,140,126,63,77,"47,100",47100,1,Exact failure cycles,85,Ground and polished,Block stress relief: 300 C / 2 h; natural aging ~2 weeks,Yes,,,,,,,,,CT scanned; no specimen-matched numeric CT descriptor in Table 4,Candidate experimental stress-life; Wu Table 4 checked,"Wu et al. 2021, Table 4, PDF p. 7",No specimen-matched numeric CT value assigned.,Failed,,,,,,,,,,,,
Wu_2021,10.1016/j.ijfatigue.2021.106317,10.1016/j.ijfatigue.2021.106317,H-HCF09,1,experimental,Horizontal,Uniaxial constant-amplitude HCF,0.1,200,180,90,110,34800,34800,1,Exact failure cycles,85,Ground and polished,Block stress relief: 300 C / 2 h; natural aging ~2 weeks,Yes,,,,,,,,,CT scanned; no specimen-matched numeric CT descriptor in Table 4,Candidate experimental stress-life; Wu Table 4 checked,"Wu et al. 2021, Table 4, PDF p. 7",No specimen-matched numeric CT value assigned.,Failed,,,,,,,,,,,,
Wu_2021,10.1016/j.ijfatigue.2021.106317,10.1016/j.ijfatigue.2021.106317,V-HCF22,1,experimental,Vertical,Uniaxial constant-amplitude HCF,0.1,140,126,63,77,"69,100",69100,1,Exact failure cycles,85,Ground and polished,Block stress relief: 300 C / 2 h; natural aging ~2 weeks,Yes,,,,,,,,,CT scanned; no specimen-matched numeric CT descriptor in Table 4,Candidate experimental stress-life; Wu Table 4 checked,"Wu et al. 2021, Table 4, PDF p. 7",No specimen-matched numeric CT value assigned.,Failed,,,,,,,,,,,,
Wu_2021,10.1016/j.ijfatigue.2021.106317,10.1016/j.ijfatigue.2021.106317,H-HCF05,1,experimental,Horizontal,Uniaxial constant-amplitude HCF,0.1,180,162,81,99,155000,155000,1,Exact failure cycles,85,Ground and polished,Block stress relief: 300 C / 2 h; natural aging ~2 weeks,Yes,,,,,,,,,CT scanned; no specimen-matched numeric CT descriptor in Table 4,Candidate experimental stress-life; Wu Table 4 checked,"Wu et al. 2021, Table 4, PDF p. 7",No specimen-matched numeric CT value assigned.,Failed,,,,,,,,,,,,
Wu_2021,10.1016/j.ijfatigue.2021.106317,10.1016/j.ijfatigue.2021.106317,V-HCF07,1,experimental,Vertical,Uniaxial constant-amplitude HCF,0.1,140,126,63,77,"67,900",67900,1,Exact failure cycles,85,Ground and polished,Block stress relief: 300 C / 2 h; natural aging ~2 weeks,Yes,,,,,,,,,CT scanned; no specimen-matched numeric CT descriptor in Table 4,Candidate experimental stress-life; Wu Table 4 checked,"Wu et al. 2021, Table 4, PDF p. 7",No specimen-matched numeric CT value assigned.,Failed,,,,,,,,,,,,
Wu_2021,10.1016/j.ijfatigue.2021.106317,10.1016/j.ijfatigue.2021.106317,H-HCF14,1,experimental,Horizontal,Uniaxial constant-amplitude HCF,0.1,180,162,81,99,99000,99000,1,Exact failure cycles,85,Ground and polished,Block stress relief: 300 C / 2 h; natural aging ~2 weeks,Yes,,,,,,,,,CT scanned; no specimen-matched numeric CT descriptor in Table 4,Candidate experimental stress-life; Wu Table 4 checked,"Wu et al. 2021, Table 4, PDF p. 7",No specimen-matched numeric CT value assigned.,Failed,,,,,,,,,,,,
Wu_2021,10.1016/j.ijfatigue.2021.106317,10.1016/j.ijfatigue.2021.106317,V-HCF12,1,experimental,Vertical,Uniaxial constant-amplitude HCF,0.1,100,90,45,55,"384,100",384100,1,Exact failure cycles,85,Ground and polished,Block stress relief: 300 C / 2 h; natural aging ~2 weeks,Yes,,,,,,,,,CT scanned; no specimen-matched numeric CT descriptor in Table 4,Candidate experimental stress-life; Wu Table 4 checked,"Wu et al. 2021, Table 4, PDF p. 7",No specimen-matched numeric CT value assigned.,Failed,,,,,,,,,,,,
Wu_2021,10.1016/j.ijfatigue.2021.106317,10.1016/j.ijfatigue.2021.106317,H-HCF11,1,experimental,Horizontal,Uniaxial constant-amplitude HCF,0.1,180,162,81,99,55800,55800,1,Exact failure cycles,85,Ground and polished,Block stress relief: 300 C / 2 h; natural aging ~2 weeks,Yes,,,,,,,,,CT scanned; no specimen-matched numeric CT descriptor in Table 4,Candidate experimental stress-life; Wu Table 4 checked,"Wu et al. 2021, Table 4, PDF p. 7",No specimen-matched numeric CT value assigned.,Failed,,,,,,,,,,,,
Wu_2021,10.1016/j.ijfatigue.2021.106317,10.1016/j.ijfatigue.2021.106317,V-HCF13,1,experimental,Vertical,Uniaxial constant-amplitude HCF,0.1,100,90,45,55,"316,100",316100,1,Exact failure cycles,85,Ground and polished,Block stress relief: 300 C / 2 h; natural aging ~2 weeks,Yes,,,,,,,,,CT scanned; no specimen-matched numeric CT descriptor in Table 4,Candidate experimental stress-life; Wu Table 4 checked,"Wu et al. 2021, Table 4, PDF p. 7",No specimen-matched numeric CT value assigned.,Failed,,,,,,,,,,,,
Wu_2021,10.1016/j.ijfatigue.2021.106317,10.1016/j.ijfatigue.2021.106317,H-HCF13,1,experimental,Horizontal,Uniaxial constant-amplitude HCF,0.1,160,144,72,88,120000,120000,1,Exact failure cycles,85,Ground and polished,Block stress relief: 300 C / 2 h; natural aging ~2 weeks,Yes,,,,,,,,,CT scanned; no specimen-matched numeric CT descriptor in Table 4,Candidate experimental stress-life; Wu Table 4 checked,"Wu et al. 2021, Table 4, PDF p. 7",No specimen-matched numeric CT value assigned.,Failed,,,,,,,,,,,,
Wu_2021,10.1016/j.ijfatigue.2021.106317,10.1016/j.ijfatigue.2021.106317,V-HCF19,1,experimental,Vertical,Uniaxial constant-amplitude HCF,0.1,100,90,45,55,"180,200",180200,1,Exact failure cycles,85,Ground and polished,Block stress relief: 300 C / 2 h; natural aging ~2 weeks,Yes,,,,,,,,,CT scanned; no specimen-matched numeric CT descriptor in Table 4,Candidate experimental stress-life; Wu Table 4 checked,"Wu et al. 2021, Table 4, PDF p. 7",No specimen-matched numeric CT value assigned.,Failed,,,,,,,,,,,,
Wu_2021,10.1016/j.ijfatigue.2021.106317,10.1016/j.ijfatigue.2021.106317,H-HCF02,1,experimental,Horizontal,Uniaxial constant-amplitude HCF,0.1,160,144,72,88,365400,365400,1,Exact failure cycles,85,Ground and polished,Block stress relief: 300 C / 2 h; natural aging ~2 weeks,Yes,,,,,,,,,CT scanned; no specimen-matched numeric CT descriptor in Table 4,Candidate experimental stress-life; Wu Table 4 checked,"Wu et al. 2021, Table 4, PDF p. 7",No specimen-matched numeric CT value assigned.,Failed,,,,,,,,,,,,
Wu_2021,10.1016/j.ijfatigue.2021.106317,10.1016/j.ijfatigue.2021.106317,V-HCF06,1,experimental,Vertical,Uniaxial constant-amplitude HCF,0.1,100,90,45,55,"124,800",124800,1,Exact failure cycles,85,Ground and polished,Block stress relief: 300 C / 2 h; natural aging ~2 weeks,Yes,,,,,,,,,CT scanned; no specimen-matched numeric CT descriptor in Table 4,Candidate experimental stress-life; Wu Table 4 checked,"Wu et al. 2021, Table 4, PDF p. 7",No specimen-matched numeric CT value assigned.,Failed,,,,,,,,,,,,
Wu_2021,10.1016/j.ijfatigue.2021.106317,10.1016/j.ijfatigue.2021.106317,H-HCF01,1,experimental,Horizontal,Uniaxial constant-amplitude HCF,0.1,160,144,72,88,354700,354700,1,Exact failure cycles,85,Ground and polished,Block stress relief: 300 C / 2 h; natural aging ~2 weeks,Yes,,,,,,,,,CT scanned; no specimen-matched numeric CT descriptor in Table 4,Candidate experimental stress-life; Wu Table 4 checked,"Wu et al. 2021, Table 4, PDF p. 7",No specimen-matched numeric CT value assigned.,Failed,,,,,,,,,,,,
Wu_2021,10.1016/j.ijfatigue.2021.106317,10.1016/j.ijfatigue.2021.106317,V-HCF21,1,experimental,Vertical,Uniaxial constant-amplitude HCF,0.1,100,90,45,55,"188,700",188700,1,Exact failure cycles,85,Ground and polished,Block stress relief: 300 C / 2 h; natural aging ~2 weeks,Yes,,,,,,,,,CT scanned; no specimen-matched numeric CT descriptor in Table 4,Candidate experimental stress-life; Wu Table 4 checked,"Wu et al. 2021, Table 4, PDF p. 7",No specimen-matched numeric CT value assigned.,Failed,,,,,,,,,,,,
Wu_2021,10.1016/j.ijfatigue.2021.106317,10.1016/j.ijfatigue.2021.106317,H-HCF06,1,experimental,Horizontal,Uniaxial constant-amplitude HCF,0.1,147,132.3,66.15,80.85,466400,466400,1,Exact failure cycles,85,Ground and polished,Block stress relief: 300 C / 2 h; natural aging ~2 weeks,Yes,,,,,,,,,CT scanned; no specimen-matched numeric CT descriptor in Table 4,Candidate experimental stress-life; Wu Table 4 checked,"Wu et al. 2021, Table 4, PDF p. 7",No specimen-matched numeric CT value assigned.,Failed,,,,,,,,,,,,
Wu_2021,10.1016/j.ijfatigue.2021.106317,10.1016/j.ijfatigue.2021.106317,V-HCF20,1,experimental,Vertical,Uniaxial constant-amplitude HCF,0.1,80,72,36,44,"687,800",687800,1,Exact failure cycles,85,Ground and polished,Block stress relief: 300 C / 2 h; natural aging ~2 weeks,Yes,,,,,,,,,CT scanned; no specimen-matched numeric CT descriptor in Table 4,Candidate experimental stress-life; Wu Table 4 checked,"Wu et al. 2021, Table 4, PDF p. 7",No specimen-matched numeric CT value assigned.,Failed,,,,,,,,,,,,
Wu_2021,10.1016/j.ijfatigue.2021.106317,10.1016/j.ijfatigue.2021.106317,H-HCF10,1,experimental,Horizontal,Uniaxial constant-amplitude HCF,0.1,147,132.3,66.15,80.85,244300,244300,1,Exact failure cycles,85,Ground and polished,Block stress relief: 300 C / 2 h; natural aging ~2 weeks,Yes,,,,,,,,,CT scanned; no specimen-matched numeric CT descriptor in Table 4,Candidate experimental stress-life; Wu Table 4 checked,"Wu et al. 2021, Table 4, PDF p. 7",No specimen-matched numeric CT value assigned.,Failed,,,,,,,,,,,,
Wu_2021,10.1016/j.ijfatigue.2021.106317,10.1016/j.ijfatigue.2021.106317,V-HCF01,1,experimental,Vertical,Uniaxial constant-amplitude HCF,0.1,80,72,36,44,"674,700",674700,1,Exact failure cycles,85,Ground and polished,Block stress relief: 300 C / 2 h; natural aging ~2 weeks,Yes,,,,,,,,,CT scanned; no specimen-matched numeric CT descriptor in Table 4,Candidate experimental stress-life; Wu Table 4 checked,"Wu et al. 2021, Table 4, PDF p. 7",No specimen-matched numeric CT value assigned.,Failed,,,,,,,,,,,,
Wu_2021,10.1016/j.ijfatigue.2021.106317,10.1016/j.ijfatigue.2021.106317,H-HCF15,1,experimental,Horizontal,Uniaxial constant-amplitude HCF,0.1,147,132.3,66.15,80.85,265000,265000,1,Exact failure cycles,85,Ground and polished,Block stress relief: 300 C / 2 h; natural aging ~2 weeks,Yes,,,,,,,,,CT scanned; no specimen-matched numeric CT descriptor in Table 4,Candidate experimental stress-life; Wu Table 4 checked,"Wu et al. 2021, Table 4, PDF p. 7",No specimen-matched numeric CT value assigned.,Failed,,,,,,,,,,,,
Wu_2021,10.1016/j.ijfatigue.2021.106317,10.1016/j.ijfatigue.2021.106317,V-HCF18,1,experimental,Vertical,Uniaxial constant-amplitude HCF,0.1,80,72,36,44,"648,700",648700,1,Exact failure cycles,85,Ground and polished,Block stress relief: 300 C / 2 h; natural aging ~2 weeks,Yes,,,,,,,,,CT scanned; no specimen-matched numeric CT descriptor in Table 4,Candidate experimental stress-life; Wu Table 4 checked,"Wu et al. 2021, Table 4, PDF p. 7",No specimen-matched numeric CT value assigned.,Failed,,,,,,,,,,,,
Wu_2021,10.1016/j.ijfatigue.2021.106317,10.1016/j.ijfatigue.2021.106317,H-HCF17,1,experimental,Horizontal,Uniaxial constant-amplitude HCF,0.1,140,126,63,77,345000,345000,1,Exact failure cycles,85,Ground and polished,Block stress relief: 300 C / 2 h; natural aging ~2 weeks,Yes,,,,,,,,,CT scanned; no specimen-matched numeric CT descriptor in Table 4,Candidate experimental stress-life; Wu Table 4 checked,"Wu et al. 2021, Table 4, PDF p. 7",No specimen-matched numeric CT value assigned.,Failed,,,,,,,,,,,,
Wu_2021,10.1016/j.ijfatigue.2021.106317,10.1016/j.ijfatigue.2021.106317,V-HCF11,1,experimental,Vertical,Uniaxial constant-amplitude HCF,0.1,80,72,36,44,"1,364,800",1364800,1,Exact failure cycles,85,Ground and polished,Block stress relief: 300 C / 2 h; natural aging ~2 weeks,Yes,,,,,,,,,CT scanned; no specimen-matched numeric CT descriptor in Table 4,Candidate experimental stress-life; Wu Table 4 checked,"Wu et al. 2021, Table 4, PDF p. 7",No specimen-matched numeric CT value assigned.,Failed,,,,,,,,,,,,
Wu_2021,10.1016/j.ijfatigue.2021.106317,10.1016/j.ijfatigue.2021.106317,H-HCF12,1,experimental,Horizontal,Uniaxial constant-amplitude HCF,0.1,140,126,63,77,693400,693400,1,Exact failure cycles,85,Ground and polished,Block stress relief: 300 C / 2 h; natural aging ~2 weeks,Yes,,,,,,,,,CT scanned; no specimen-matched numeric CT descriptor in Table 4,Candidate experimental stress-life; Wu Table 4 checked,"Wu et al. 2021, Table 4, PDF p. 7",No specimen-matched numeric CT value assigned.,Failed,,,,,,,,,,,,
Wu_2021,10.1016/j.ijfatigue.2021.106317,10.1016/j.ijfatigue.2021.106317,V-HCF05,1,experimental,Vertical,Uniaxial constant-amplitude HCF,0.1,80,72,36,44,"669,800",669800,1,Exact failure cycles,85,Ground and polished,Block stress relief: 300 C / 2 h; natural aging ~2 weeks,Yes,,,,,,,,,CT scanned; no specimen-matched numeric CT descriptor in Table 4,Candidate experimental stress-life; Wu Table 4 checked,"Wu et al. 2021, Table 4, PDF p. 7",No specimen-matched numeric CT value assigned.,Failed,,,,,,,,,,,,
Wu_2021,10.1016/j.ijfatigue.2021.106317,10.1016/j.ijfatigue.2021.106317,H-HCF16,1,experimental,Horizontal,Uniaxial constant-amplitude HCF,0.1,140,126,63,77,835600,835600,1,Exact failure cycles,85,Ground and polished,Block stress relief: 300 C / 2 h; natural aging ~2 weeks,Yes,,,,,,,,,CT scanned; no specimen-matched numeric CT descriptor in Table 4,Candidate experimental stress-life; Wu Table 4 checked,"Wu et al. 2021, Table 4, PDF p. 7",No specimen-matched numeric CT value assigned.,Failed,,,,,,,,,,,,
Wu_2021,10.1016/j.ijfatigue.2021.106317,10.1016/j.ijfatigue.2021.106317,V-HCF03,1,experimental,Vertical,Uniaxial constant-amplitude HCF,0.1,60,54,27,33,"1,917,300",1917300,1,Exact failure cycles,85,Ground and polished,Block stress relief: 300 C / 2 h; natural aging ~2 weeks,Yes,,,,,,,,,CT scanned; no specimen-matched numeric CT descriptor in Table 4,Candidate experimental stress-life; Wu Table 4 checked,"Wu et al. 2021, Table 4, PDF p. 7",No specimen-matched numeric CT value assigned.,Failed,,,,,,,,,,,,
Wu_2021,10.1016/j.ijfatigue.2021.106317,10.1016/j.ijfatigue.2021.106317,H-HCF04,1,experimental,Horizontal,Uniaxial constant-amplitude HCF,0.1,147,132.3,66.15,80.85,">10,000,000",10000000,0,"Right-censored; printed >10,000,000; bound is strict",85,Ground and polished,Block stress relief: 300 C / 2 h; natural aging ~2 weeks,Yes,,,,,,,,,CT scanned; no specimen-matched numeric CT descriptor in Table 4,Candidate experimental stress-life; Wu Table 4 checked,"Wu et al. 2021, Table 4, PDF p. 7","Printed as >10,000,000; retain strict-bound notation in raw text.",Runout,,,,,,,,,,,,
Wu_2021,10.1016/j.ijfatigue.2021.106317,10.1016/j.ijfatigue.2021.106317,V-HCF14,1,experimental,Vertical,Uniaxial constant-amplitude HCF,0.1,60,54,27,33,"3,350,000",3350000,1,Exact failure cycles,85,Ground and polished,Block stress relief: 300 C / 2 h; natural aging ~2 weeks,Yes,,,,,,,,,CT scanned; no specimen-matched numeric CT descriptor in Table 4,Candidate experimental stress-life; Wu Table 4 checked,"Wu et al. 2021, Table 4, PDF p. 7",No specimen-matched numeric CT value assigned.,Failed,,,,,,,,,,,,
Wu_2021,10.1016/j.ijfatigue.2021.106317,10.1016/j.ijfatigue.2021.106317,H-HCF07,1,experimental,Horizontal,Uniaxial constant-amplitude HCF,0.1,133,119.7,59.85,73.15,">10,000,000",10000000,0,"Right-censored; printed >10,000,000; bound is strict",85,Ground and polished,Block stress relief: 300 C / 2 h; natural aging ~2 weeks,Yes,,,,,,,,,CT scanned; no specimen-matched numeric CT descriptor in Table 4,Candidate experimental stress-life; Wu Table 4 checked,"Wu et al. 2021, Table 4, PDF p. 7","Printed as >10,000,000; retain strict-bound notation in raw text.",Runout,,,,,,,,,,,,
Wu_2021,10.1016/j.ijfatigue.2021.106317,10.1016/j.ijfatigue.2021.106317,V-HCF17,1,experimental,Vertical,Uniaxial constant-amplitude HCF,0.1,60,54,27,33,"1,726,300",1726300,1,Exact failure cycles,85,Ground and polished,Block stress relief: 300 C / 2 h; natural aging ~2 weeks,Yes,,,,,,,,,CT scanned; no specimen-matched numeric CT descriptor in Table 4,Candidate experimental stress-life; Wu Table 4 checked,"Wu et al. 2021, Table 4, PDF p. 7",No specimen-matched numeric CT value assigned.,Failed,,,,,,,,,,,,
Wu_2021,10.1016/j.ijfatigue.2021.106317,10.1016/j.ijfatigue.2021.106317,H-HCF03,1,experimental,Horizontal,Uniaxial constant-amplitude HCF,0.1,133,119.7,59.85,73.15,">10,000,000",10000000,0,"Right-censored; printed >10,000,000; bound is strict",85,Ground and polished,Block stress relief: 300 C / 2 h; natural aging ~2 weeks,Yes,,,,,,,,,CT scanned; no specimen-matched numeric CT descriptor in Table 4,Candidate experimental stress-life; Wu Table 4 checked,"Wu et al. 2021, Table 4, PDF p. 7","Printed as >10,000,000; retain strict-bound notation in raw text.",Runout,,,,,,,,,,,,
Wu_2021,10.1016/j.ijfatigue.2021.106317,10.1016/j.ijfatigue.2021.106317,V-HCF10,1,experimental,Vertical,Uniaxial constant-amplitude HCF,0.1,60,54,27,33,">10,000,000",10000000,0,"Right-censored; printed >10,000,000; bound is strict",85,Ground and polished,Block stress relief: 300 C / 2 h; natural aging ~2 weeks,Yes,,,,,,,,,CT scanned; no specimen-matched numeric CT descriptor in Table 4,Candidate experimental stress-life; Wu Table 4 checked,"Wu et al. 2021, Table 4, PDF p. 7","Printed as >10,000,000; retain strict-bound notation in raw text.",Runout,,,,,,,,,,,,
Wu_2021,10.1016/j.ijfatigue.2021.106317,10.1016/j.ijfatigue.2021.106317,H-HCF08,1,experimental,Horizontal,Uniaxial constant-amplitude HCF,0.1,127,114.3,57.15,69.85,">10,000,000",10000000,0,"Right-censored; printed >10,000,000; bound is strict",85,Ground and polished,Block stress relief: 300 C / 2 h; natural aging ~2 weeks,Yes,,,,,,,,,CT scanned; no specimen-matched numeric CT descriptor in Table 4,Candidate experimental stress-life; Wu Table 4 checked,"Wu et al. 2021, Table 4, PDF p. 7","Printed as >10,000,000; retain strict-bound notation in raw text.",Runout,,,,,,,,,,,,
Wu_2021,10.1016/j.ijfatigue.2021.106317,10.1016/j.ijfatigue.2021.106317,V-HCF15,1,experimental,Vertical,Uniaxial constant-amplitude HCF,0.1,60,54,27,33,">10,000,000",10000000,0,"Right-censored; printed >10,000,000; bound is strict",85,Ground and polished,Block stress relief: 300 C / 2 h; natural aging ~2 weeks,Yes,,,,,,,,,CT scanned; no specimen-matched numeric CT descriptor in Table 4,Candidate experimental stress-life; Wu Table 4 checked,"Wu et al. 2021, Table 4, PDF p. 7","Printed as >10,000,000; retain strict-bound notation in raw text.",Runout,,,,,,,,,,,,
Wu_2021,10.1016/j.ijfatigue.2021.106317,10.1016/j.ijfatigue.2021.106317,V-HCF08,1,experimental,Vertical,Uniaxial constant-amplitude HCF,0.1,50,45,22.5,27.5,">10,000,000",10000000,0,"Right-censored; printed >10,000,000; bound is strict",85,Ground and polished,Block stress relief: 300 C / 2 h; natural aging ~2 weeks,Yes,,,,,,,,,CT scanned; no specimen-matched numeric CT descriptor in Table 4,Candidate experimental stress-life; Wu Table 4 checked,"Wu et al. 2021, Table 4, PDF p. 7","Printed as >10,000,000; retain strict-bound notation in raw text.",Runout,,,,,,,,,,,,
Wu_2021,10.1016/j.ijfatigue.2021.106317,10.1016/j.ijfatigue.2021.106317,V-HCF16,1,experimental,Vertical,Uniaxial constant-amplitude HCF,0.1,50,45,22.5,27.5,">10,000,000",10000000,0,"Right-censored; printed >10,000,000; bound is strict",85,Ground and polished,Block stress relief: 300 C / 2 h; natural aging ~2 weeks,Yes,,,,,,,,,CT scanned; no specimen-matched numeric CT descriptor in Table 4,Candidate experimental stress-life; Wu Table 4 checked,"Wu et al. 2021, Table 4, PDF p. 7","Printed as >10,000,000; retain strict-bound notation in raw text.",Runout,,,,,,,,,,,,
Romano_2018,10.1016/j.engfracmech.2017.11.002,10.1016/j.cma.2023.116521,1,1,experimental,,Axial force-controlled HCF (Romano Section 2.4),-1,147.7,295.4,147.7,0,46255,46255,1,"Exact failure cycles reported below 2,000,000",,"Machined; campaign Ra=0.33 µm, Rz=2.99 µm (Romano Section 2.4)",No final heat treatment (Romano Section 2.1),Yes,214.2,110.9,186.7,0.35,0.65,5,0.917671018045853,0.65,Pretest CT maximum-ΔK defect; not necessarily postmortem crack initiator,Campaign protocol primary-checked; exact row values Tognan only; threshold outcome needs adjudication,"Tognan Tables 1-2, PDF pp. 4-5","CT features refer to the pretest maximum-deltaK defect, not a proven crack initiator. Potential Romano Table 5 VU03 match: Δσ≈295, √area=214 embedded, ΔK=3.83 versus Tognan 5.0.",Failed,1,,,,,,,,,,,
Romano_2018,10.1016/j.engfracmech.2017.11.002,10.1016/j.cma.2023.116521,2,1,experimental,,Axial force-controlled HCF (Romano Section 2.4),-1,200,400,200,0,474,474,1,"Exact failure cycles reported below 2,000,000",,"Machined; campaign Ra=0.33 µm, Rz=2.99 µm (Romano Section 2.4)",No final heat treatment (Romano Section 2.1),Yes,275,308.8,256.5,0.27,0.65,7.6,1.99030454239863,0.5,Pretest CT maximum-ΔK defect; not necessarily postmortem crack initiator,Campaign protocol primary-checked; exact row values Tognan only; threshold outcome needs adjudication,"Tognan Tables 1-2, PDF pp. 4-5","CT features refer to the pretest maximum-deltaK defect, not a proven crack initiator. Published Y=0.65 conflicts with Eq. 10 using the tabulated h and sqrt(area). Tognan Table 2 printed Y=0.65 but its Eq. 10 gives 0.5 from printed h and sqrt(area); preserve as printed.",Failed,1,,,,,,,,,,,
Romano_2018,10.1016/j.engfracmech.2017.11.002,10.1016/j.cma.2023.116521,3,1,experimental,,Axial force-controlled HCF (Romano Section 2.4),-1,110,220,110,0,8889311,8889311,,"Tognan 2,000,000-cycle threshold class; actual failure versus censoring unresolved",,"Machined; campaign Ra=0.33 µm, Rz=2.99 µm (Romano Section 2.4)",No final heat treatment (Romano Section 2.1),Yes,283.4,134.3,253,0.25,0.65,4.3,0.8399454910960156,0.65,Pretest CT maximum-ΔK defect; not necessarily postmortem crack initiator,Campaign protocol primary-checked; exact row values Tognan only; threshold outcome needs adjudication,"Tognan Tables 1-2, PDF pp. 4-5","CT features refer to the pretest maximum-deltaK defect, not a proven crack initiator.",Runout,0,,,,,,,,,,,
Romano_2018,10.1016/j.engfracmech.2017.11.002,10.1016/j.cma.2023.116521,4,1,experimental,,Axial force-controlled HCF (Romano Section 2.4),-1,78,156,78,0,3795336,3795336,,"Tognan 2,000,000-cycle threshold class; actual failure versus censoring unresolved",,"Machined; campaign Ra=0.33 µm, Rz=2.99 µm (Romano Section 2.4)",No final heat treatment (Romano Section 2.1),Yes,334.5,233.8,227.6,0.32,0.65,3.3,1.2388631101396401,0.65,Pretest CT maximum-ΔK defect; not necessarily postmortem crack initiator,Campaign protocol primary-checked; exact row values Tognan only; threshold outcome needs adjudication,"Tognan Tables 1-2, PDF pp. 4-5","CT features refer to the pretest maximum-deltaK defect, not a proven crack initiator. Tognan threshold-runout coordinates coincide with a filled artificial failure symbol in Romano Fig. 7; actual event unresolved without ID key.",Runout,0,,,,,,,,,,,
Romano_2018,10.1016/j.engfracmech.2017.11.002,10.1016/j.cma.2023.116521,5,1,experimental,,Axial force-controlled HCF (Romano Section 2.4),-1,150.8,301.6,150.8,0,39538,39538,1,"Exact failure cycles reported below 2,000,000",,"Machined; campaign Ra=0.33 µm, Rz=2.99 µm (Romano Section 2.4)",No final heat treatment (Romano Section 2.1),Yes,379.1,269.5,260.9,0.29,0.65,6.8,1.2600272034266329,0.5,Pretest CT maximum-ΔK defect; not necessarily postmortem crack initiator,Campaign protocol primary-checked; exact row values Tognan only; threshold outcome needs adjudication,"Tognan Tables 1-2, PDF pp. 4-5","CT features refer to the pretest maximum-deltaK defect, not a proven crack initiator. Published Y=0.65 conflicts with Eq. 10 using the tabulated h and sqrt(area). Tognan Table 2 printed Y=0.65 but its Eq. 10 gives 0.5 from printed h and sqrt(area); preserve as printed.",Failed,1,,,,,,,,,,,
Romano_2018,10.1016/j.engfracmech.2017.11.002,10.1016/j.cma.2023.116521,6,1,experimental,,Axial force-controlled HCF (Romano Section 2.4),-1,189.15,378.3,189.15,0,11465,11465,1,"Exact failure cycles reported below 2,000,000",,"Machined; campaign Ra=0.33 µm, Rz=2.99 µm (Romano Section 2.4)",No final heat treatment (Romano Section 2.1),Yes,429.2,222.8,340.6,0.23,0.65,9,0.9200902096499277,0.65,Pretest CT maximum-ΔK defect; not necessarily postmortem crack initiator,Campaign protocol primary-checked; exact row values Tognan only; threshold outcome needs adjudication,"Tognan Tables 1-2, PDF pp. 4-5","CT features refer to the pretest maximum-deltaK defect, not a proven crack initiator.",Failed,1,,,,,,,,,,,
Romano_2018,10.1016/j.engfracmech.2017.11.002,10.1016/j.cma.2023.116521,7,1,experimental,,Axial force-controlled HCF (Romano Section 2.4),-1,149.25,298.5,149.25,0,19806,19806,1,"Exact failure cycles reported below 2,000,000",,"Machined; campaign Ra=0.33 µm, Rz=2.99 µm (Romano Section 2.4)",No final heat treatment (Romano Section 2.1),Yes,443.3,207.6,401.8,0.21,0.65,7.2,0.8300505739859804,0.65,Pretest CT maximum-ΔK defect; not necessarily postmortem crack initiator,Campaign protocol primary-checked; exact row values Tognan only; threshold outcome needs adjudication,"Tognan Tables 1-2, PDF pp. 4-5","CT features refer to the pretest maximum-deltaK defect, not a proven crack initiator.",Failed,1,,,,,,,,,,,
Romano_2018,10.1016/j.engfracmech.2017.11.002,10.1016/j.cma.2023.116521,8,1,experimental,,Axial force-controlled HCF (Romano Section 2.4),-1,78,156,78,0,20000000,20000000,,"Tognan 2,000,000-cycle threshold class; actual failure versus censoring unresolved",,"Machined; campaign Ra=0.33 µm, Rz=2.99 µm (Romano Section 2.4)",No final heat treatment (Romano Section 2.1),Yes,458.2,214.2,341.4,0.24,0.65,3.8,0.8285892947707583,0.65,Pretest CT maximum-ΔK defect; not necessarily postmortem crack initiator,Campaign protocol primary-checked; exact row values Tognan only; threshold outcome needs adjudication,"Tognan Tables 1-2, PDF pp. 4-5","CT features refer to the pretest maximum-deltaK defect, not a proven crack initiator.",Runout,0,,,,,,,,,,,
Romano_2018,10.1016/j.engfracmech.2017.11.002,10.1016/j.cma.2023.116521,9,1,experimental,,Axial force-controlled HCF (Romano Section 2.4),-1,90,180,90,0,11352768,11352768,,"Tognan 2,000,000-cycle threshold class; actual failure versus censoring unresolved",,"Machined; campaign Ra=0.33 µm, Rz=2.99 µm (Romano Section 2.4)",No final heat treatment (Romano Section 2.1),Yes,470,222.3,342.6,0.25,0.65,4.5,0.8383329596942471,0.65,Pretest CT maximum-ΔK defect; not necessarily postmortem crack initiator,Campaign protocol primary-checked; exact row values Tognan only; threshold outcome needs adjudication,"Tognan Tables 1-2, PDF pp. 4-5","CT features refer to the pretest maximum-deltaK defect, not a proven crack initiator. Tognan threshold-runout coordinates coincide with a filled natural failure symbol in Romano Fig. 7; actual event unresolved without ID key. Potential Romano Table 5 VU02 match: Δσ=180, √area=470 embedded, ΔK=3.46 versus Tognan 4.5.",Runout,0,,,,,,,,,,,
Romano_2018,10.1016/j.engfracmech.2017.11.002,10.1016/j.cma.2023.116521,10,1,experimental,,Axial force-controlled HCF (Romano Section 2.4),-1,110,220,110,0,2622640,2622640,,"Tognan 2,000,000-cycle threshold class; actual failure versus censoring unresolved",,"Machined; campaign Ra=0.33 µm, Rz=2.99 µm (Romano Section 2.4)",No final heat treatment (Romano Section 2.1),Yes,497.8,310.1,418.3,0.17,0.65,5.7,1.104134068231821,0.65,Pretest CT maximum-ΔK defect; not necessarily postmortem crack initiator,Campaign protocol primary-checked; exact row values Tognan only; threshold outcome needs adjudication,"Tognan Tables 1-2, PDF pp. 4-5","CT features refer to the pretest maximum-deltaK defect, not a proven crack initiator.",Runout,0,,,,,,,,,,,
Romano_2018,10.1016/j.engfracmech.2017.11.002,10.1016/j.cma.2023.116521,11,1,experimental,,Axial force-controlled HCF (Romano Section 2.4),-1,90,180,90,0,237485,237485,1,"Exact failure cycles reported below 2,000,000",,"Machined; campaign Ra=0.33 µm, Rz=2.99 µm (Romano Section 2.4)",No final heat treatment (Romano Section 2.1),Yes,568.8,332,398.6,0.2,0.65,4.9,1.0345546387141902,0.65,Pretest CT maximum-ΔK defect; not necessarily postmortem crack initiator,Campaign protocol primary-checked; exact row values Tognan only; threshold outcome needs adjudication,"Tognan Tables 1-2, PDF pp. 4-5","CT features refer to the pretest maximum-deltaK defect, not a proven crack initiator.",Failed,1,,,,,,,,,,,
Romano_2018,10.1016/j.engfracmech.2017.11.002,10.1016/j.cma.2023.116521,12,1,experimental,,Axial force-controlled HCF (Romano Section 2.4),-1,100,200,100,0,15242310,15242310,,"Tognan 2,000,000-cycle threshold class; actual failure versus censoring unresolved",,"Machined; campaign Ra=0.33 µm, Rz=2.99 µm (Romano Section 2.4)",No final heat treatment (Romano Section 2.1),Yes,572,373.7,410.2,0.21,0.65,5.5,1.1579825246213136,0.65,Pretest CT maximum-ΔK defect; not necessarily postmortem crack initiator,Campaign protocol primary-checked; exact row values Tognan only; threshold outcome needs adjudication,"Tognan Tables 1-2, PDF pp. 4-5","CT features refer to the pretest maximum-deltaK defect, not a proven crack initiator. Potential Romano Table 5 VO01 match: Δσ=200, √area=572 embedded, ΔK=4.24 versus Tognan 5.5.",Runout,0,,,,,,,,,,,
Chen_2024,10.1016/j.ijfatigue.2024.108163,10.1016/j.ijfatigue.2024.108163,Chen2024-L40-T3-r01,1,experimental,Vertical,Tension-tension constant amplitude HCF,0.1,220,198.0,99.0,121.0,63822,63822,1,"Exact failure cycles, Tables 3–5",20,"machined and ground, Ra approximately 0.3 µm",No heat treatment reported; as fabricated then machined/ground,No specimen-matched pretest CT,,,,,,,,,Not reported,Candidate independent tabulated experimental failure; postmortem initiator excluded as predictor,"Table 3, PDF p. 7","Local row ID, no published specimen ID. R5 Sm is local maximum stress; stratify by geometry.",Fractured specimen,,Chen2024-L40-T3-r01,L40,maximum axial stress for smooth specimens,1334,894.8,1,81.37,0.5889,Surface,LOF,Postfracture SEM; outcome-informed; prohibited as baseline life-prediction input
Chen_2024,10.1016/j.ijfatigue.2024.108163,10.1016/j.ijfatigue.2024.108163,Chen2024-L40-T3-r02,1,experimental,Vertical,Tension-tension constant amplitude HCF,0.1,200,180.0,90.0,110.0,60097,60097,1,"Exact failure cycles, Tables 3–5",20,"machined and ground, Ra approximately 0.3 µm",No heat treatment reported; as fabricated then machined/ground,No specimen-matched pretest CT,,,,,,,,,Not reported,Candidate independent tabulated experimental failure; postmortem initiator excluded as predictor,"Table 3, PDF p. 7","Local row ID, no published specimen ID. R5 Sm is local maximum stress; stratify by geometry.",Fractured specimen,,Chen2024-L40-T3-r02,L40,maximum axial stress for smooth specimens,1334,894.8,1,169.3,0.679,Surface,LOF,Postfracture SEM; outcome-informed; prohibited as baseline life-prediction input
Chen_2024,10.1016/j.ijfatigue.2024.108163,10.1016/j.ijfatigue.2024.108163,Chen2024-L40-T3-r03,1,experimental,Vertical,Tension-tension constant amplitude HCF,0.1,200,180.0,90.0,110.0,75633,75633,1,"Exact failure cycles, Tables 3–5",20,"machined and ground, Ra approximately 0.3 µm",No heat treatment reported; as fabricated then machined/ground,No specimen-matched pretest CT,,,,,,,,,Not reported,Candidate independent tabulated experimental failure; postmortem initiator excluded as predictor,"Table 3, PDF p. 7","Local row ID, no published specimen ID. R5 Sm is local maximum stress; stratify by geometry.",Fractured specimen,,Chen2024-L40-T3-r03,L40,maximum axial stress for smooth specimens,1334,894.8,1,127.2,0.4914,Surface,LOF,Postfracture SEM; outcome-informed; prohibited as baseline life-prediction input
Chen_2024,10.1016/j.ijfatigue.2024.108163,10.1016/j.ijfatigue.2024.108163,Chen2024-L40-T3-r04,1,experimental,Vertical,Tension-tension constant amplitude HCF,0.1,180,162.0,81.0,99.0,156736,156736,1,"Exact failure cycles, Tables 3–5",20,"machined and ground, Ra approximately 0.3 µm",No heat treatment reported; as fabricated then machined/ground,No specimen-matched pretest CT,,,,,,,,,Not reported,Candidate independent tabulated experimental failure; postmortem initiator excluded as predictor,"Table 3, PDF p. 7","Local row ID, no published specimen ID. R5 Sm is local maximum stress; stratify by geometry.",Fractured specimen,,Chen2024-L40-T3-r04,L40,maximum axial stress for smooth specimens,1334,894.8,1,146.3,0.4015,Surface,LOF,Postfracture SEM; outcome-informed; prohibited as baseline life-prediction input
Chen_2024,10.1016/j.ijfatigue.2024.108163,10.1016/j.ijfatigue.2024.108163,Chen2024-L40-T3-r05,1,experimental,Vertical,Tension-tension constant amplitude HCF,0.1,180,162.0,81.0,99.0,517360,517360,1,"Exact failure cycles, Tables 3–5",20,"machined and ground, Ra approximately 0.3 µm",No heat treatment reported; as fabricated then machined/ground,No specimen-matched pretest CT,,,,,,,,,Not reported,Candidate independent tabulated experimental failure; postmortem initiator excluded as predictor,"Table 3, PDF p. 7","Local row ID, no published specimen ID. R5 Sm is local maximum stress; stratify by geometry.",Fractured specimen,,Chen2024-L40-T3-r05,L40,maximum axial stress for smooth specimens,1334,894.8,1,54.85,0.571,Surface,LOF,Postfracture SEM; outcome-informed; prohibited as baseline life-prediction input
Chen_2024,10.1016/j.ijfatigue.2024.108163,10.1016/j.ijfatigue.2024.108163,Chen2024-L40-T3-r06,1,experimental,Vertical,Tension-tension constant amplitude HCF,0.1,160,144.0,72.0,88.0,222681,222681,1,"Exact failure cycles, Tables 3–5",20,"machined and ground, Ra approximately 0.3 µm",No heat treatment reported; as fabricated then machined/ground,No specimen-matched pretest CT,,,,,,,,,Not reported,Candidate independent tabulated experimental failure; postmortem initiator excluded as predictor,"Table 3, PDF p. 7","Local row ID, no published specimen ID. R5 Sm is local maximum stress; stratify by geometry.",Fractured specimen,,Chen2024-L40-T3-r06,L40,maximum axial stress for smooth specimens,1334,894.8,1,158.0,0.497,Surface,LOF,Postfracture SEM; outcome-informed; prohibited as baseline life-prediction input
Chen_2024,10.1016/j.ijfatigue.2024.108163,10.1016/j.ijfatigue.2024.108163,Chen2024-L40-T3-r07,1,experimental,Vertical,Tension-tension constant amplitude HCF,0.1,160,144.0,72.0,88.0,281651,281651,1,"Exact failure cycles, Tables 3–5",20,"machined and ground, Ra approximately 0.3 µm",No heat treatment reported; as fabricated then machined/ground,No specimen-matched pretest CT,,,,,,,,,Not reported,Candidate independent tabulated experimental failure; postmortem initiator excluded as predictor,"Table 3, PDF p. 7","Local row ID, no published specimen ID. R5 Sm is local maximum stress; stratify by geometry.",Fractured specimen,,Chen2024-L40-T3-r07,L40,maximum axial stress for smooth specimens,1334,894.8,1,135.6,0.3093,Surface,LOF,Postfracture SEM; outcome-informed; prohibited as baseline life-prediction input
Chen_2024,10.1016/j.ijfatigue.2024.108163,10.1016/j.ijfatigue.2024.108163,Chen2024-L40-T3-r08,1,experimental,Vertical,Tension-tension constant amplitude HCF,0.1,160,144.0,72.0,88.0,877236,877236,1,"Exact failure cycles, Tables 3–5",20,"machined and ground, Ra approximately 0.3 µm",No heat treatment reported; as fabricated then machined/ground,No specimen-matched pretest CT,,,,,,,,,Not reported,Candidate independent tabulated experimental failure; postmortem initiator excluded as predictor,"Table 3, PDF p. 7","Local row ID, no published specimen ID. R5 Sm is local maximum stress; stratify by geometry.",Fractured specimen,,Chen2024-L40-T3-r08,L40,maximum axial stress for smooth specimens,1334,894.8,1,85.63,0.5227,Surface,LOF,Postfracture SEM; outcome-informed; prohibited as baseline life-prediction input
Chen_2024,10.1016/j.ijfatigue.2024.108163,10.1016/j.ijfatigue.2024.108163,Chen2024-L40-T3-r09,1,experimental,Vertical,Tension-tension constant amplitude HCF,0.1,150,135.0,67.5,82.5,2048262,2048262,1,"Exact failure cycles, Tables 3–5",20,"machined and ground, Ra approximately 0.3 µm",No heat treatment reported; as fabricated then machined/ground,No specimen-matched pretest CT,,,,,,,,,Not reported,Candidate independent tabulated experimental failure; postmortem initiator excluded as predictor,"Table 3, PDF p. 7","Local row ID, no published specimen ID. R5 Sm is local maximum stress; stratify by geometry.",Fractured specimen,,Chen2024-L40-T3-r09,L40,maximum axial stress for smooth specimens,1334,894.8,1,124.2,0.4034,Surface,LOF,Postfracture SEM; outcome-informed; prohibited as baseline life-prediction input
Chen_2024,10.1016/j.ijfatigue.2024.108163,10.1016/j.ijfatigue.2024.108163,Chen2024-L10-T4-r01,1,experimental,Vertical,Tension-tension constant amplitude HCF,0.1,220,198.0,99.0,121.0,87308,87308,1,"Exact failure cycles, Tables 3–5",20,"machined and ground, Ra approximately 0.3 µm",No heat treatment reported; as fabricated then machined/ground,No specimen-matched pretest CT,,,,,,,,,Not reported,Candidate independent tabulated experimental failure; postmortem initiator excluded as predictor,"Table 4, PDF p. 7","Local row ID, no published specimen ID. R5 Sm is local maximum stress; stratify by geometry.",Fractured specimen,,Chen2024-L10-T4-r01,L10,maximum axial stress for smooth specimens,479.9,329.3,1,69.47,0.4954,Surface,LOF,Postfracture SEM; outcome-informed; prohibited as baseline life-prediction input
Chen_2024,10.1016/j.ijfatigue.2024.108163,10.1016/j.ijfatigue.2024.108163,Chen2024-L10-T4-r02,1,experimental,Vertical,Tension-tension constant amplitude HCF,0.1,220,198.0,99.0,121.0,147947,147947,1,"Exact failure cycles, Tables 3–5",20,"machined and ground, Ra approximately 0.3 µm",No heat treatment reported; as fabricated then machined/ground,No specimen-matched pretest CT,,,,,,,,,Not reported,Candidate independent tabulated experimental failure; postmortem initiator excluded as predictor,"Table 4, PDF p. 7","Local row ID, no published specimen ID. R5 Sm is local maximum stress; stratify by geometry.",Fractured specimen,,Chen2024-L10-T4-r02,L10,maximum axial stress for smooth specimens,479.9,329.3,1,23.62,0.4236,Surface,LOF,Postfracture SEM; outcome-informed; prohibited as baseline life-prediction input
Chen_2024,10.1016/j.ijfatigue.2024.108163,10.1016/j.ijfatigue.2024.108163,Chen2024-L10-T4-r03,1,experimental,Vertical,Tension-tension constant amplitude HCF,0.1,200,180.0,90.0,110.0,105828,105828,1,"Exact failure cycles, Tables 3–5",20,"machined and ground, Ra approximately 0.3 µm",No heat treatment reported; as fabricated then machined/ground,No specimen-matched pretest CT,,,,,,,,,Not reported,Candidate independent tabulated experimental failure; postmortem initiator excluded as predictor,"Table 4, PDF p. 7","Local row ID, no published specimen ID. R5 Sm is local maximum stress; stratify by geometry.",Fractured specimen,,Chen2024-L10-T4-r03,L10,maximum axial stress for smooth specimens,479.9,329.3,1,95.68,0.1859,Surface,LOF,Postfracture SEM; outcome-informed; prohibited as baseline life-prediction input
Chen_2024,10.1016/j.ijfatigue.2024.108163,10.1016/j.ijfatigue.2024.108163,Chen2024-L10-T4-r04,1,experimental,Vertical,Tension-tension constant amplitude HCF,0.1,200,180.0,90.0,110.0,170290,170290,1,"Exact failure cycles, Tables 3–5",20,"machined and ground, Ra approximately 0.3 µm",No heat treatment reported; as fabricated then machined/ground,No specimen-matched pretest CT,,,,,,,,,Not reported,Candidate independent tabulated experimental failure; postmortem initiator excluded as predictor,"Table 4, PDF p. 7","Local row ID, no published specimen ID. R5 Sm is local maximum stress; stratify by geometry.",Fractured specimen,,Chen2024-L10-T4-r04,L10,maximum axial stress for smooth specimens,479.9,329.3,1,56.18,0.4088,Surface,LOF,Postfracture SEM; outcome-informed; prohibited as baseline life-prediction input
Chen_2024,10.1016/j.ijfatigue.2024.108163,10.1016/j.ijfatigue.2024.108163,Chen2024-L10-T4-r05,1,experimental,Vertical,Tension-tension constant amplitude HCF,0.1,190,171.0,85.5,104.5,151981,151981,1,"Exact failure cycles, Tables 3–5",20,"machined and ground, Ra approximately 0.3 µm",No heat treatment reported; as fabricated then machined/ground,No specimen-matched pretest CT,,,,,,,,,Not reported,Candidate independent tabulated experimental failure; postmortem initiator excluded as predictor,"Table 4, PDF p. 7","Local row ID, no published specimen ID. R5 Sm is local maximum stress; stratify by geometry.",Fractured specimen,,Chen2024-L10-T4-r05,L10,maximum axial stress for smooth specimens,479.9,329.3,1,95.49,0.4462,Surface,LOF,Postfracture SEM; outcome-informed; prohibited as baseline life-prediction input
Chen_2024,10.1016/j.ijfatigue.2024.108163,10.1016/j.ijfatigue.2024.108163,Chen2024-L10-T4-r06,1,experimental,Vertical,Tension-tension constant amplitude HCF,0.1,190,171.0,85.5,104.5,370279,370279,1,"Exact failure cycles, Tables 3–5",20,"machined and ground, Ra approximately 0.3 µm",No heat treatment reported; as fabricated then machined/ground,No specimen-matched pretest CT,,,,,,,,,Not reported,Candidate independent tabulated experimental failure; postmortem initiator excluded as predictor,"Table 4, PDF p. 7","Local row ID, no published specimen ID. R5 Sm is local maximum stress; stratify by geometry.",Fractured specimen,,Chen2024-L10-T4-r06,L10,maximum axial stress for smooth specimens,479.9,329.3,1,38.46,0.6661,Surface,LOF,Postfracture SEM; outcome-informed; prohibited as baseline life-prediction input
Chen_2024,10.1016/j.ijfatigue.2024.108163,10.1016/j.ijfatigue.2024.108163,Chen2024-L10-T4-r07,1,experimental,Vertical,Tension-tension constant amplitude HCF,0.1,180,162.0,81.0,99.0,152516,152516,1,"Exact failure cycles, Tables 3–5",20,"machined and ground, Ra approximately 0.3 µm",No heat treatment reported; as fabricated then machined/ground,No specimen-matched pretest CT,,,,,,,,,Not reported,Candidate independent tabulated experimental failure; postmortem initiator excluded as predictor,"Table 4, PDF p. 7","Local row ID, no published specimen ID. R5 Sm is local maximum stress; stratify by geometry.",Fractured specimen,,Chen2024-L10-T4-r07,L10,maximum axial stress for smooth specimens,479.9,329.3,1,114.1,0.4735,Surface,LOF,Postfracture SEM; outcome-informed; prohibited as baseline life-prediction input
Chen_2024,10.1016/j.ijfatigue.2024.108163,10.1016/j.ijfatigue.2024.108163,Chen2024-L10-T4-r08,1,experimental,Vertical,Tension-tension constant amplitude HCF,0.1,180,162.0,81.0,99.0,2038520,2038520,1,"Exact failure cycles, Tables 3–5",20,"machined and ground, Ra approximately 0.3 µm",No heat treatment reported; as fabricated then machined/ground,No specimen-matched pretest CT,,,,,,,,,Not reported,Candidate independent tabulated experimental failure; postmortem initiator excluded as predictor,"Table 4, PDF p. 7","Local row ID, no published specimen ID. R5 Sm is local maximum stress; stratify by geometry.",Fractured specimen,,Chen2024-L10-T4-r08,L10,maximum axial stress for smooth specimens,479.9,329.3,1,75.34,0.8095,Surface,Gas pore,Postfracture SEM; outcome-informed; prohibited as baseline life-prediction input
Chen_2024,10.1016/j.ijfatigue.2024.108163,10.1016/j.ijfatigue.2024.108163,Chen2024-L10-T4-r09,1,experimental,Vertical,Tension-tension constant amplitude HCF,0.1,160,144.0,72.0,88.0,188948,188948,1,"Exact failure cycles, Tables 3–5",20,"machined and ground, Ra approximately 0.3 µm",No heat treatment reported; as fabricated then machined/ground,No specimen-matched pretest CT,,,,,,,,,Not reported,Candidate independent tabulated experimental failure; postmortem initiator excluded as predictor,"Table 4, PDF p. 7","Local row ID, no published specimen ID. R5 Sm is local maximum stress; stratify by geometry.",Fractured specimen,,Chen2024-L10-T4-r09,L10,maximum axial stress for smooth specimens,479.9,329.3,1,134.4,0.5299,Surface,LOF,Postfracture SEM; outcome-informed; prohibited as baseline life-prediction input
Chen_2024,10.1016/j.ijfatigue.2024.108163,10.1016/j.ijfatigue.2024.108163,Chen2024-R5-T5-r01,1,experimental,Vertical,Tension-tension constant amplitude HCF,0.1,280,252.0,126.0,154.0,82628,82628,1,"Exact failure cycles, Tables 3–5",20,"machined and ground, Ra approximately 0.3 µm",No heat treatment reported; as fabricated then machined/ground,No specimen-matched pretest CT,,,,,,,,,Not reported,Candidate independent tabulated experimental failure; postmortem initiator excluded as predictor,"Table 5, PDF p. 8","Local row ID, no published specimen ID. R5 Sm is local maximum stress; stratify by geometry.",Fractured specimen,,Chen2024-R5-T5-r01,R5,local maximum stress for R5,23.73,49.62,1.27,16.73,0.6112,Surface,LOF,Postfracture SEM; outcome-informed; prohibited as baseline life-prediction input
Chen_2024,10.1016/j.ijfatigue.2024.108163,10.1016/j.ijfatigue.2024.108163,Chen2024-R5-T5-r02,1,experimental,Vertical,Tension-tension constant amplitude HCF,0.1,260,234.0,117.0,143.0,68133,68133,1,"Exact failure cycles, Tables 3–5",20,"machined and ground, Ra approximately 0.3 µm",No heat treatment reported; as fabricated then machined/ground,No specimen-matched pretest CT,,,,,,,,,Not reported,Candidate independent tabulated experimental failure; postmortem initiator excluded as predictor,"Table 5, PDF p. 8","Local row ID, no published specimen ID. R5 Sm is local maximum stress; stratify by geometry.",Fractured specimen,,Chen2024-R5-T5-r02,R5,local maximum stress for R5,23.73,49.62,1.27,59.55,0.3991,Surface,LOF,Postfracture SEM; outcome-informed; prohibited as baseline life-prediction input
Chen_2024,10.1016/j.ijfatigue.2024.108163,10.1016/j.ijfatigue.2024.108163,Chen2024-R5-T5-r03,1,experimental,Vertical,Tension-tension constant amplitude HCF,0.1,260,234.0,117.0,143.0,136141,136141,1,"Exact failure cycles, Tables 3–5",20,"machined and ground, Ra approximately 0.3 µm",No heat treatment reported; as fabricated then machined/ground,No specimen-matched pretest CT,,,,,,,,,Not reported,Candidate independent tabulated experimental failure; postmortem initiator excluded as predictor,"Table 5, PDF p. 8","Local row ID, no published specimen ID. R5 Sm is local maximum stress; stratify by geometry.",Fractured specimen,,Chen2024-R5-T5-r03,R5,local maximum stress for R5,23.73,49.62,1.27,38.74,0.4318,Surface,LOF,Postfracture SEM; outcome-informed; prohibited as baseline life-prediction input
Chen_2024,10.1016/j.ijfatigue.2024.108163,10.1016/j.ijfatigue.2024.108163,Chen2024-R5-T5-r04,1,experimental,Vertical,Tension-tension constant amplitude HCF,0.1,240,216.0,108.0,132.0,108466,108466,1,"Exact failure cycles, Tables 3–5",20,"machined and ground, Ra approximately 0.3 µm",No heat treatment reported; as fabricated then machined/ground,No specimen-matched pretest CT,,,,,,,,,Not reported,Candidate independent tabulated experimental failure; postmortem initiator excluded as predictor,"Table 5, PDF p. 8","Local row ID, no published specimen ID. R5 Sm is local maximum stress; stratify by geometry.",Fractured specimen,,Chen2024-R5-T5-r04,R5,local maximum stress for R5,23.73,49.62,1.27,66.5,0.3475,Surface,LOF,Postfracture SEM; outcome-informed; prohibited as baseline life-prediction input
Chen_2024,10.1016/j.ijfatigue.2024.108163,10.1016/j.ijfatigue.2024.108163,Chen2024-R5-T5-r05,1,experimental,Vertical,Tension-tension constant amplitude HCF,0.1,240,216.0,108.0,132.0,117010,117010,1,"Exact failure cycles, Tables 3–5",20,"machined and ground, Ra approximately 0.3 µm",No heat treatment reported; as fabricated then machined/ground,No specimen-matched pretest CT,,,,,,,,,Not reported,Candidate independent tabulated experimental failure; postmortem initiator excluded as predictor,"Table 5, PDF p. 8","Local row ID, no published specimen ID. R5 Sm is local maximum stress; stratify by geometry.",Fractured specimen,,Chen2024-R5-T5-r05,R5,local maximum stress for R5,23.73,49.62,1.27,75.82,0.5218,Surface,LOF,Postfracture SEM; outcome-informed; prohibited as baseline life-prediction input
Chen_2024,10.1016/j.ijfatigue.2024.108163,10.1016/j.ijfatigue.2024.108163,Chen2024-R5-T5-r06,1,experimental,Vertical,Tension-tension constant amplitude HCF,0.1,240,216.0,108.0,132.0,238938,238938,1,"Exact failure cycles, Tables 3–5",20,"machined and ground, Ra approximately 0.3 µm",No heat treatment reported; as fabricated then machined/ground,No specimen-matched pretest CT,,,,,,,,,Not reported,Candidate independent tabulated experimental failure; postmortem initiator excluded as predictor,"Table 5, PDF p. 8","Local row ID, no published specimen ID. R5 Sm is local maximum stress; stratify by geometry.",Fractured specimen,,Chen2024-R5-T5-r06,R5,local maximum stress for R5,23.73,49.62,1.27,35.17,0.519,Surface,LOF,Postfracture SEM; outcome-informed; prohibited as baseline life-prediction input
Chen_2024,10.1016/j.ijfatigue.2024.108163,10.1016/j.ijfatigue.2024.108163,Chen2024-R5-T5-r07,1,experimental,Vertical,Tension-tension constant amplitude HCF,0.1,220,198.0,99.0,121.0,168745,168745,1,"Exact failure cycles, Tables 3–5",20,"machined and ground, Ra approximately 0.3 µm",No heat treatment reported; as fabricated then machined/ground,No specimen-matched pretest CT,,,,,,,,,Not reported,Candidate independent tabulated experimental failure; postmortem initiator excluded as predictor,"Table 5, PDF p. 8","Local row ID, no published specimen ID. R5 Sm is local maximum stress; stratify by geometry.",Fractured specimen,,Chen2024-R5-T5-r07,R5,local maximum stress for R5,23.73,49.62,1.27,57.42,0.5145,Surface,LOF,Postfracture SEM; outcome-informed; prohibited as baseline life-prediction input
Chen_2024,10.1016/j.ijfatigue.2024.108163,10.1016/j.ijfatigue.2024.108163,Chen2024-R5-T5-r08,1,experimental,Vertical,Tension-tension constant amplitude HCF,0.1,220,198.0,99.0,121.0,209462,209462,1,"Exact failure cycles, Tables 3–5",20,"machined and ground, Ra approximately 0.3 µm",No heat treatment reported; as fabricated then machined/ground,No specimen-matched pretest CT,,,,,,,,,Not reported,Candidate independent tabulated experimental failure; postmortem initiator excluded as predictor,"Table 5, PDF p. 8","Local row ID, no published specimen ID. R5 Sm is local maximum stress; stratify by geometry.",Fractured specimen,,Chen2024-R5-T5-r08,R5,local maximum stress for R5,23.73,49.62,1.27,47.74,0.4726,Surface,LOF,Postfracture SEM; outcome-informed; prohibited as baseline life-prediction input
Chen_2024,10.1016/j.ijfatigue.2024.108163,10.1016/j.ijfatigue.2024.108163,Chen2024-R5-T5-r09,1,experimental,Vertical,Tension-tension constant amplitude HCF,0.1,200,180.0,90.0,110.0,160474,160474,1,"Exact failure cycles, Tables 3–5",20,"machined and ground, Ra approximately 0.3 µm",No heat treatment reported; as fabricated then machined/ground,No specimen-matched pretest CT,,,,,,,,,Not reported,Candidate independent tabulated experimental failure; postmortem initiator excluded as predictor,"Table 5, PDF p. 8","Local row ID, no published specimen ID. R5 Sm is local maximum stress; stratify by geometry.",Fractured specimen,,Chen2024-R5-T5-r09,R5,local maximum stress for R5,23.73,49.62,1.27,120.2,0.4822,Surface,LOF,Postfracture SEM; outcome-informed; prohibited as baseline life-prediction input
