study,source_row_id,stress_range_MPa,cycles_reported,physical_event_status,analysis_failure_event_1,retest_link,source_location,required_author_field,audit_note
Romano_2018_re_reported_Tognan_2024,3,220,8889311,confirmed_right_censored,0,3* (dependent later failure),Tognan 2024 Table 1; Romano 2018 Fig. 7 checked,,Tognan Table 1 lists linked later failed retest 3*; first exposure survived.
Romano_2018_re_reported_Tognan_2024,4,156,3795336,unresolved,,,Tognan 2024 Table 1; Romano 2018 Fig. 7 checked,original specimen ID; actual failure vs stopped test; stop criterion; retest history,Threshold class only; approximate Romano Fig. 7 filled-symbol proximity is not an ID match.
Romano_2018_re_reported_Tognan_2024,8,156,20000000,unresolved,,,Tognan 2024 Table 1; Romano 2018 Fig. 7 checked,original specimen ID; actual failure vs stopped test; stop criterion; retest history,"Threshold class only; exact 20 million may be a stopping limit, not proven by an original test log."
Romano_2018_re_reported_Tognan_2024,9,180,11352768,unresolved,,,Tognan 2024 Table 1; Romano 2018 Fig. 7 checked,original specimen ID; actual failure vs stopped test; stop criterion; retest history,Threshold class only; approximate Romano Fig. 7 filled-symbol proximity is not an ID match.
Romano_2018_re_reported_Tognan_2024,10,220,2622640,unresolved,,,Tognan 2024 Table 1; Romano 2018 Fig. 7 checked,original specimen ID; actual failure vs stopped test; stop criterion; retest history,Threshold class only; no independent stopping/failure record.
Romano_2018_re_reported_Tognan_2024,12,200,15242310,unresolved,,,Tognan 2024 Table 1; Romano 2018 Fig. 7 checked,original specimen ID; actual failure vs stopped test; stop criterion; retest history,Threshold class only; possible Romano Table 5 CT match does not prove outcome.
Roveda_2024,AB-Table4-runout,130,10000000,right_censored_episode_independence_unresolved,0,,Roveda 2024 Section 2.3 and Table 4,original specimen ID; matched high-stress retest row; test order; pretest CT descriptor,Valid runout episode but cannot be pooled with failures as independent specimens until linked.
Roveda_2024,HT1-Table4-runout,120,10000000,right_censored_episode_independence_unresolved,0,,Roveda 2024 Section 2.3 and Table 4,original specimen ID; matched high-stress retest row; test order; pretest CT descriptor,Valid runout episode but cannot be pooled with failures as independent specimens until linked.
Roveda_2024,HT2-Table4-runout,100,10000000,right_censored_episode_independence_unresolved,0,,Roveda 2024 Section 2.3 and Table 4,original specimen ID; matched high-stress retest row; test order; pretest CT descriptor,Valid runout episode but cannot be pooled with failures as independent specimens until linked.
