fold,seed,cap,eligibility,exact_train_n,graph_train_n,synthetic_train_n,synthetic_effective_weight,synthetic_fail,synthetic_runout,test_n,test_fail,test_runout,base_mean_nll,synthetic_mean_nll,synthetic_minus_base_mean_nll,failure_mean_nll_change,runout_mean_nll_change,objective_delta_161_321,predictive_delta_161_321
E0_Wu_2021,13,2.0,no_eligible_training_source,25,53,0,0,0,0,41,33,8,1.3040990928567964,1.3040990928567964,0.0,0.0,0.0,0.0,4.440892098500626e-16
E0_Wu_2021,13,5.0,no_eligible_training_source,25,53,0,0,0,0,41,33,8,1.3040990928567964,1.3040990928567964,0.0,0.0,0.0,0.0,4.440892098500626e-16
E0_Wu_2021,29,2.0,no_eligible_training_source,25,53,0,0,0,0,41,33,8,1.3040990928567964,1.3040990928567964,0.0,0.0,0.0,0.0,4.440892098500626e-16
E0_Wu_2021,29,5.0,no_eligible_training_source,25,53,0,0,0,0,41,33,8,1.3040990928567964,1.3040990928567964,0.0,0.0,0.0,0.0,4.440892098500626e-16
E0_Wu_2021,47,2.0,no_eligible_training_source,25,53,0,0,0,0,41,33,8,1.3040990928567964,1.3040990928567964,0.0,0.0,0.0,0.0,4.440892098500626e-16
E0_Wu_2021,47,5.0,no_eligible_training_source,25,53,0,0,0,0,41,33,8,1.3040990928567964,1.3040990928567964,0.0,0.0,0.0,0.0,4.440892098500626e-16
E0_Wu_2021,71,2.0,no_eligible_training_source,25,53,0,0,0,0,41,33,8,1.3040990928567964,1.3040990928567964,0.0,0.0,0.0,0.0,4.440892098500626e-16
E0_Wu_2021,71,5.0,no_eligible_training_source,25,53,0,0,0,0,41,33,8,1.3040990928567964,1.3040990928567964,0.0,0.0,0.0,0.0,4.440892098500626e-16
E0_Wu_2021,101,2.0,no_eligible_training_source,25,53,0,0,0,0,41,33,8,1.3040990928567964,1.3040990928567964,0.0,0.0,0.0,0.0,4.440892098500626e-16
E0_Wu_2021,101,5.0,no_eligible_training_source,25,53,0,0,0,0,41,33,8,1.3040990928567964,1.3040990928567964,0.0,0.0,0.0,0.0,4.440892098500626e-16
E0_Romano_2018,13,2.0,fit,59,53,20,2.0,18,2,7,6,1,2.0536328082832953,2.050478814411995,-0.0031539938712992844,0.006268604651645508,-0.05968958500896804,0.0,4.440892098500626e-16
E0_Romano_2018,13,5.0,fit,59,53,20,5.0,18,2,7,6,1,2.0536328082832953,2.046316946226809,-0.007315862056485997,0.014754100630291664,-0.13973563817715196,0.0,1.7763568394002505e-15
E0_Romano_2018,29,2.0,fit,59,53,20,2.0,18,2,7,6,1,2.0536328082832953,2.05888067547368,0.005247867190384868,-0.00917688839386351,0.09179640069587514,0.0,4.440892098500626e-16
E0_Romano_2018,29,5.0,fit,59,53,20,5.0,18,2,7,6,1,2.0536328082832953,2.066968674295836,0.01333586601254133,-0.02145653241627432,0.22209025658543524,0.0,0.0
E0_Romano_2018,47,2.0,fit,59,53,20,2.0,18,2,7,6,1,2.0536328082832953,2.054257927813016,0.0006251195297209808,0.005524311705543831,-0.02877003352521612,1.4210854715202004e-14,1.7763568394002505e-15
E0_Romano_2018,47,5.0,fit,59,53,20,5.0,18,2,7,6,1,2.0536328082832953,2.055854186156347,0.0022213778730519884,0.01346036806198773,-0.06521256326056246,0.0,4.440892098500626e-16
E0_Romano_2018,71,2.0,fit,59,53,20,2.0,18,2,7,6,1,2.0536328082832953,2.056775475219878,0.003142666936583081,-0.0006105707827496568,0.02566209325257951,0.0,1.7763568394002505e-15
E0_Romano_2018,71,5.0,fit,59,53,20,5.0,18,2,7,6,1,2.0536328082832953,2.061274298315182,0.007641490031886696,-0.001546135079906863,0.06276724070264805,1.4210854715202004e-14,4.440892098500626e-16
E0_Romano_2018,101,2.0,fit,59,53,20,2.0,16,4,7,6,1,2.0536328082832953,2.0425260521198876,-0.01110675616340703,0.002228920864198495,-0.09112081832904018,1.4210854715202004e-14,1.7763568394002505e-15
E0_Romano_2018,101,5.0,fit,59,53,20,5.0,16,4,7,6,1,2.0536328082832953,2.028656048007174,-0.024976760276120898,0.005300899464987389,-0.20664271872277062,1.4210854715202004e-14,1.7763568394002505e-15
E0_Chen_2024,13,2.0,fit,48,53,20,2.0,17,3,18,18,0,1.0222955837623773,1.0250252363140573,0.0027296525516800558,0.0027296525516800558,,0.0,4.440892098500626e-16
E0_Chen_2024,13,5.0,fit,48,53,20,5.0,17,3,18,18,0,1.0222955837623773,1.0287742293622293,0.006478645599851933,0.006478645599851933,,0.0,4.440892098500626e-16
E0_Chen_2024,29,2.0,fit,48,53,20,2.0,17,3,18,18,0,1.0222955837623773,1.0203907953138645,-0.0019047884485129025,-0.0019047884485129025,,2.842170943040401e-14,4.440892098500626e-16
E0_Chen_2024,29,5.0,fit,48,53,20,5.0,17,3,18,18,0,1.0222955837623773,1.0175906140307498,-0.004704969731627484,-0.004704969731627484,,0.0,4.440892098500626e-16
E0_Chen_2024,47,2.0,fit,48,53,20,2.0,18,2,18,18,0,1.0222955837623773,1.0207495953911163,-0.0015459883712607425,-0.0015459883712607425,,0.0,4.440892098500626e-16
E0_Chen_2024,47,5.0,fit,48,53,20,5.0,18,2,18,18,0,1.0222955837623773,1.018461196158202,-0.0038343876041751677,-0.0038343876041751677,,1.4210854715202004e-14,4.440892098500626e-16
E0_Chen_2024,71,2.0,fit,48,53,20,2.0,18,2,18,18,0,1.0222955837623773,1.0195160333418958,-0.0027795504204812804,-0.0027795504204812804,,1.4210854715202004e-14,4.440892098500626e-16
E0_Chen_2024,71,5.0,fit,48,53,20,5.0,18,2,18,18,0,1.0222955837623773,1.0156341535651945,-0.006661430197182818,-0.006661430197182818,,0.0,0.0
E0_Chen_2024,101,2.0,fit,48,53,20,2.0,15,5,18,18,0,1.0222955837623773,1.0275848737922368,0.005289290029859561,0.005289290029859561,,0.0,4.440892098500626e-16
E0_Chen_2024,101,5.0,fit,48,53,20,5.0,15,5,18,18,0,1.0222955837623773,1.034017386938676,0.011721803176298697,0.011721803176298697,,0.0,4.440892098500626e-16
