condition,arm,seed,n,mean_nll,mean_abs_error_log10,mean_signed_error_log10
30um_45_T6,C0,,6,1.778092906890934,1.0736864224504685,-1.0736864224504685
30um_45_T6,C1,,6,1.650429262679454,1.0846958028109859,-1.0846958028109859
30um_45_T6,S0,101,6,1.5896243484801174,1.0637469440282394,-1.0637469440282394
30um_45_T6,S0,13,6,1.6170755821469474,1.0715229019299797,-1.0715229019299797
30um_45_T6,S0,29,6,1.6684944097239829,1.0918355501776922,-1.0918355501776922
30um_45_T6,S0,47,6,1.6447477924221203,1.0811957573418987,-1.0811957573418987
30um_45_T6,S0,71,6,1.659734324238488,1.090008346104801,-1.090008346104801
30um_45_T6,S1,101,6,1.6372633537158177,1.0795469223176577,-1.0795469223176577
30um_45_T6,S1,13,6,1.6451778603982892,1.082597232338912,-1.082597232338912
30um_45_T6,S1,29,6,1.6543331507848353,1.086440413952817,-1.086440413952817
30um_45_T6,S1,47,6,1.6479802979818887,1.0835958696600276,-1.0835958696600276
30um_45_T6,S1,71,6,1.6531240449745779,1.0867244445836957,-1.0867244445836957
30um_H_T6,C0,,6,2.2695273461167482,1.2300343051185691,-1.2300343051185691
30um_H_T6,C1,,6,2.030945406227947,1.2437766768061609,-1.2437766768061609
30um_H_T6,S0,101,6,1.9488969035097432,1.2224163492019484,-1.2224163492019484
30um_H_T6,S0,13,6,1.98669330281279,1.230056714864624,-1.230056714864624
30um_H_T6,S0,29,6,2.053517500454362,1.2507026288411238,-1.2507026288411238
30um_H_T6,S0,47,6,2.024607165500495,1.2402656776981833,-1.2402656776981833
30um_H_T6,S0,71,6,2.042021041658331,1.2492612877605647,-1.2492612877605647
30um_H_T6,S1,101,6,2.0140606946558286,1.2386543400344154,-1.2386543400344154
30um_H_T6,S1,13,6,2.023367197501456,1.2413233558219166,-1.2413233558219166
30um_H_T6,S1,29,6,2.0352457982448056,1.2452981243160004,-1.2452981243160004
30um_H_T6,S1,47,6,2.027975594950536,1.2427046202689982,-1.2427046202689982
30um_H_T6,S1,71,6,2.034226189185922,1.246040307672816,-1.246040307672816
30um_V_AB,C0,,5,1.0701095076469334,0.4930629742577704,0.4930629742577704
30um_V_AB,C1,,5,1.0948876279756616,0.5078957466095577,0.5078957466095577
30um_V_AB,S0,101,5,1.1138590756142157,0.5249539087743498,0.5249539087743498
30um_V_AB,S0,13,5,1.1024861309201157,0.5158958409221768,0.5158958409221768
30um_V_AB,S0,29,5,1.0867038849863146,0.4987344298531443,0.4987344298531443
30um_V_AB,S0,47,5,1.0968811009153925,0.5112922185282528,0.5112922185282528
30um_V_AB,S0,71,5,1.092945056401813,0.5042102113221756,0.5042102113221756
30um_V_AB,S1,101,5,1.0998604929927134,0.5132956146911509,0.5132956146911509
30um_V_AB,S1,13,5,1.09383616993644,0.5066399277627636,0.5066399277627636
30um_V_AB,S1,29,5,1.0916395691989764,0.5040409829029386,0.5040409829029386
30um_V_AB,S1,47,5,1.0960023484931463,0.5092592706847519,0.5092592706847519
30um_V_AB,S1,71,5,1.095840439047332,0.5080890745874168,0.5080890745874168
30um_V_T6,C0,,6,1.6924083493457502,1.077704057467114,-1.077704057467114
30um_V_T6,C1,,6,1.5990233927160864,1.0873610680333554,-1.0873610680333554
30um_V_T6,S0,101,6,1.5402712161846928,1.0666158169241833,-1.0666158169241833
30um_V_T6,S0,13,6,1.5669426804229818,1.0744588701170017,-1.0744588701170017
30um_V_T6,S0,29,6,1.6170685903791397,1.0946066080331676,-1.0946066080331676
30um_V_T6,S0,47,6,1.593285640442825,1.0838664427682907,-1.0838664427682907
30um_V_T6,S0,71,6,1.608168471813707,1.0925884668538621,-1.0925884668538621
30um_V_T6,S1,101,6,1.586057687431291,1.082199052874426,-1.082199052874426
30um_V_T6,S1,13,6,1.5943082809312943,1.0854380392370595,-1.0854380392370595
30um_V_T6,S1,29,6,1.6031734191167024,1.0892161075370221,-1.0892161075370221
30um_V_T6,S1,47,6,1.596562918878095,1.0862473406599036,-1.0862473406599036
30um_V_T6,S1,71,6,1.601501019852113,1.089273429834831,-1.089273429834831
overall_23,C0,,23,1.7300312674937073,0.9892984165872071,-0.7749232103881765
overall_23,C1,,23,1.6155141960704014,1.0014991312587305,-0.780674893602401
overall_23,S0,101,23,1.5670456603094955,0.9887584436868685,-0.7605176137849772
overall_23,S0,13,23,1.588552175952039,0.9928569620035006,-0.7685544224721194
overall_23,S0,29,23,1.629043583838108,1.0050669944164183,-0.7882259379585296
overall_23,S0,47,23,1.6113151780334614,0.9994968851952827,-0.7771959206177814
overall_23,S0,71,23,1.6227942742727053,1.004878246127228,-0.7856564151175864
overall_23,S1,101,23,1.6053736034687474,0.9986469549919457,-0.7754749486044888
overall_23,S1,13,23,1.6107087340290627,0.9995370175304845,-0.7792587880684134
overall_23,S1,29,23,1.6180309589075192,1.0019970777978144,-0.7828488243617542
overall_23,S1,47,23,1.6137010701447327,1.0009384059546667,-0.779521331743905
overall_23,S1,71,23,1.617926509535319,1.0031597593689192,-0.7822514660700423
