condition,arm,n,number_of_seeds,mean_nll,min_seed_mean_nll,max_seed_mean_nll,mean_nll_minus_C1,mean_abs_error_log10,mean_signed_error_log10
overall_23,C0,23,1,1.7300312674937073,1.7300312674937073,1.7300312674937073,0.11451707142330592,0.9892984165872071,-0.7749232103881765
overall_23,C1,23,1,1.6155141960704014,1.6155141960704014,1.6155141960704014,0.0,1.0014991312587305,-0.780674893602401
overall_23,S0,23,5,1.6037501744811617,1.5670456603094955,1.629043583838108,-0.011764021589239615,0.9982115062858596,-0.7760300619901989
overall_23,S1,23,5,1.6131481752170764,1.6053736034687474,1.6180309589075192,-0.002366020853324935,1.000855843128766,-0.7798710717697207
30um_V_AB,C0,5,1,1.0701095076469334,1.0701095076469334,1.0701095076469334,-0.02477812032872828,0.4930629742577704,0.4930629742577704
30um_V_AB,C1,5,1,1.0948876279756616,1.0948876279756616,1.0948876279756616,0.0,0.5078957466095577,0.5078957466095577
30um_V_AB,S0,5,5,1.0985750497675704,1.0867038849863146,1.1138590756142157,0.0036874217919087293,0.5110173218800199,0.5110173218800199
30um_V_AB,S1,5,5,1.0954358039337215,1.0916395691989764,1.0998604929927134,0.0005481759580598933,0.5082649741258043,0.5082649741258043
30um_V_T6,C0,6,1,1.6924083493457502,1.6924083493457502,1.6924083493457502,0.09338495662966384,1.077704057467114,-1.077704057467114
30um_V_T6,C1,6,1,1.5990233927160864,1.5990233927160864,1.5990233927160864,0.0,1.0873610680333554,-1.0873610680333554
30um_V_T6,S0,6,5,1.5851473198486692,1.5402712161846928,1.6170685903791397,-0.01387607286741721,1.082427240939301,-1.082427240939301
30um_V_T6,S1,6,5,1.596320665241899,1.586057687431291,1.6031734191167024,-0.0027027274741873164,1.0864747940286485,-1.0864747940286485
30um_H_T6,C0,6,1,2.2695273461167482,2.2695273461167482,2.2695273461167482,0.2385819398888014,1.2300343051185691,-1.2300343051185691
30um_H_T6,C1,6,1,2.030945406227947,2.030945406227947,2.030945406227947,0.0,1.2437766768061609,-1.2437766768061609
30um_H_T6,S0,6,5,2.0111471827871443,1.9488969035097432,2.053517500454362,-0.01979822344080251,1.238540531673289,-1.238540531673289
30um_H_T6,S1,6,5,2.0269750949077094,2.0140606946558286,2.0352457982448056,-0.003970311320237396,1.2428041496228293,-1.2428041496228293
30um_45_T6,C0,6,1,1.778092906890934,1.778092906890934,1.778092906890934,0.12766364421148002,1.0736864224504685,-1.0736864224504685
30um_45_T6,C1,6,1,1.650429262679454,1.650429262679454,1.650429262679454,0.0,1.0846958028109859,-1.0846958028109859
30um_45_T6,S0,6,5,1.635935291402331,1.5896243484801174,1.6684944097239829,-0.014493971277122819,1.0796618999165222,-1.0796618999165222
30um_45_T6,S1,6,5,1.6475757415710817,1.6372633537158177,1.6543331507848353,-0.0028535211083722256,1.0837809765706221,-1.0837809765706221
