case,fold,tau,alpha,beta,shape_k,objective,quadrature_objective_delta_161_321,predictive_max_log_delta_161_321,optimizer_success
cap5_center,E0_Wu_2021,0.25,5.437029246692904,-0.8324894850284288,0.6163056960541585,41.43240864579385,0.0,4.440892098500626e-16,True
cap2p5_center,E0_Wu_2021,0.25,5.457629609976316,-1.0083639431557407,0.6025895156534937,36.24718247001891,0.0,4.440892098500626e-16,True
cap10_center,E0_Wu_2021,0.25,5.42793110168015,-0.7305919506554646,0.6510989728789194,50.94462247395727,0.0,8.881784197001252e-16,True
cap5_low_low,E0_Wu_2021,0.25,5.417625728677534,-0.7975864077289443,0.6120672153480236,41.67345221505808,0.0,8.881784197001252e-16,True
cap5_high_high,E0_Wu_2021,0.25,5.457842546762544,-0.8648464638254137,0.6204238817978515,41.20964277531721,0.0,4.440892098500626e-16,True
cap5_only_Muhammad,E0_Wu_2021,0.25,5.532959835438866,-0.9719413913749274,0.5957610293175087,36.62718629650573,0.0,4.440892098500626e-16,True
cap5_only_Fernandes,E0_Wu_2021,0.25,5.367026835205893,-1.191390941923621,0.629500558670411,35.37477990324875,0.0,4.440892098500626e-16,True
cap5_center,E0_Romano_2018,0.25,5.297409280630583,-0.854480475368705,0.6152235789240639,81.73376628060231,0.0,1.7763568394002505e-15,True
cap2p5_center,E0_Romano_2018,0.25,5.287532045700614,-0.8985579183317445,0.6038830203969587,76.72789607329018,0.0,4.440892098500626e-16,True
cap10_center,E0_Romano_2018,0.25,5.308581092607325,-0.802779114172519,0.6378307162026201,91.25207227062498,0.0,1.7763568394002505e-15,True
cap5_low_low,E0_Romano_2018,0.25,5.278101446087645,-0.8521574245837331,0.6140922385424361,81.89716137018787,1.4210854715202004e-14,1.7763568394002505e-15,True
cap5_high_high,E0_Romano_2018,0.25,5.31767093990339,-0.8555071605828827,0.6162155631960227,81.60689573763034,0.0,1.7763568394002505e-15,True
cap5_only_Muhammad,E0_Romano_2018,0.25,5.363655986488145,-0.8559511493895449,0.5980657787472673,77.39376081991591,0.0,4.440892098500626e-16,True
cap5_only_Fernandes,E0_Romano_2018,0.25,5.169991570144645,-0.9882854337680176,0.6153361150347207,75.62631968879342,1.4210854715202004e-14,1.7763568394002505e-15,True
cap5_center,E0_Chen_2024,0.25,5.412898539244134,-0.8723816791054908,0.4931263264637087,79.75922315964235,1.4210854715202004e-14,4.440892098500626e-16,True
cap2p5_center,E0_Chen_2024,0.25,5.429396590334045,-0.9099198106077153,0.4773359296546943,74.10324309798757,0.0,4.440892098500626e-16,True
cap10_center,E0_Chen_2024,0.25,5.40286728285793,-0.8184429687608497,0.5237514305776745,90.48333507086377,0.0,4.440892098500626e-16,True
cap5_low_low,E0_Chen_2024,0.25,5.394979312159387,-0.8673743906469243,0.4914113832617383,79.96007811043998,1.4210854715202004e-14,4.440892098500626e-16,True
cap5_high_high,E0_Chen_2024,0.25,5.4317192260047165,-0.8762113731846289,0.4947270233608717,79.58382832581506,0.0,4.440892098500626e-16,True
cap5_only_Muhammad,E0_Chen_2024,0.25,5.491229473140625,-0.887264443576082,0.47598104974891503,74.31835336176626,0.0,4.440892098500626e-16,True
cap5_only_Fernandes,E0_Chen_2024,0.25,5.3653551742789425,-0.9462054691154974,0.4814670336786528,73.71381874571571,0.0,4.440892098500626e-16,True
