case,fold,tau,exact_train_n,graph_train_n,graph_source_effective_weight_Muhammad,graph_source_effective_weight_Fernandes,exact_test_n,fail_n,runout_n,baseline_mean_nll,augmented_mean_nll,augmented_minus_baseline_mean_nll,baseline_failure_mean_nll,augmented_failure_mean_nll,failure_mean_nll_change,baseline_runout_mean_nll,augmented_runout_mean_nll,runout_mean_nll_change,baseline_failure_median_MAE,augmented_failure_median_MAE,failure_median_MAE_change
cap5_center,E0_Wu_2021,0.25,25,53,5.0,5.0,41,33,8,1.7870000855818065,1.3040990928567964,-0.4829009927250101,2.0371899628262757,1.1028347701331846,-0.9343551926930905,0.7549668419483727,2.1343144240916945,1.3793475821433216,1.3132509702600987,0.49590789384403844,-0.8173430764160603
cap2p5_center,E0_Wu_2021,0.25,25,53,2.5,2.5,41,33,8,1.7870000855818065,1.340641396194813,-0.4463586893869934,2.0371899628262757,1.2620180573987214,-0.7751719054275541,0.7549668419483727,1.6649626687286918,0.909995826780319,1.3132509702600987,0.648103792800611,-0.6651471774594877
cap10_center,E0_Wu_2021,0.25,25,53,10.0,10.0,41,33,8,1.7870000855818065,1.308324787937796,-0.4786752976440106,2.0371899628262757,1.005338761642582,-1.0318512011836936,0.7549668419483727,2.558142146405553,1.8031753044571808,1.3132509702600987,0.42724835595467037,-0.8860026143054284
cap5_low_low,E0_Wu_2021,0.25,25,53,5.0,5.0,41,33,8,1.7870000855818065,1.3006295039919624,-0.4863705815898441,2.0371899628262757,1.0657082329465577,-0.9714817298797177,0.7549668419483727,2.2696797470542567,1.514712905105884,1.3132509702600987,0.4562422660781838,-0.857008704181915
cap5_high_high,E0_Wu_2021,0.25,25,53,5.0,5.0,41,33,8,1.7870000855818065,1.3114105120476813,-0.4755895735341252,2.0371899628262757,1.1422820088713899,-0.8949079539548853,0.7549668419483727,2.0090655876498826,1.2540987457015103,1.3132509702600987,0.540694269313844,-0.7725567009462547
cap5_only_Muhammad,E0_Wu_2021,0.25,25,38,5.0,0,41,33,8,1.7870000855818065,1.3533197452668575,-0.4336803403149492,2.0371899628262757,1.300002421849732,-0.7371875409765433,0.7549668419483727,1.5732537043624997,0.8182868624141268,1.3132509702600987,0.6859188975069106,-0.6273320727531881
cap5_only_Fernandes,E0_Wu_2021,0.25,25,15,0,5.0,41,33,8,1.7870000855818065,1.3805071857173559,-0.4064928998644508,2.0371899628262757,1.337792968405909,-0.6993969944203663,0.7549668419483727,1.5567033321270738,0.801736490178701,1.3132509702600987,0.7250071035841703,-0.5882438666759284
cap5_center,E0_Romano_2018,0.25,59,53,5.0,5.0,7,6,1,2.0346586637949167,2.0536328082832953,0.018974144488378832,0.9658887468285954,1.0114502818560482,0.04556153502745297,8.447278165592842,8.306727966846776,-0.140550198746066,0.357194014783559,0.38821699696499573,0.03102298218143673
cap2p5_center,E0_Romano_2018,0.25,59,53,2.5,2.5,7,6,1,2.0346586637949167,2.0327644946109897,-0.0018941691839265498,0.9658887468285954,0.9986986386011498,0.032809891772554556,8.447278165592842,8.237159630670028,-0.21011853492281318,0.357194014783559,0.37724201818992625,0.020048003406367254
cap10_center,E0_Romano_2018,0.25,59,53,10.0,10.0,7,6,1,2.0346586637949167,2.0984289577399435,0.06377029394502694,0.9658887468285954,1.0240126490760313,0.05812390224743602,8.447278165592842,8.544926809723414,0.09764864413057239,0.357194014783559,0.4010902787034534,0.043896263919894374
cap5_low_low,E0_Romano_2018,0.25,59,53,5.0,5.0,7,6,1,2.0346586637949167,2.0674425953267463,0.032783931531829805,0.9658887468285954,1.0039303291422768,0.038041582313681634,8.447278165592842,8.44851619243356,0.001238026840718831,0.357194014783559,0.3887954205607333,0.031601405777174296
cap5_high_high,E0_Romano_2018,0.25,59,53,5.0,5.0,7,6,1,2.0346586637949167,2.039691955834756,0.005033292039840122,0.9658887468285954,1.0205494352044617,0.054660688375866386,8.447278165592842,8.154547079616524,-0.2927310859763175,0.357194014783559,0.38796135943992893,0.030767344656369933
cap5_only_Muhammad,E0_Romano_2018,0.25,59,38,5.0,0,7,6,1,2.0346586637949167,1.975531754445914,-0.059126909349002145,0.9658887468285954,1.05810515479756,0.09221640796896453,8.447278165592842,7.480091352336039,-0.9671868132568022,0.357194014783559,0.3878508092945539,0.0306567945109949
cap5_only_Fernandes,E0_Romano_2018,0.25,59,15,0,5.0,7,6,1,2.0346586637949167,2.1618985111670512,0.12723984737213515,0.9658887468285954,0.9187937092339657,-0.04709503759462952,8.447278165592842,9.620527322765565,1.173249157172723,0.357194014783559,0.37797619508693586,0.020782180303376863
cap5_center,E0_Chen_2024,0.25,48,53,5.0,5.0,18,18,0,1.084473248646055,1.0222955837623773,-0.062177664883677694,1.084473248646055,1.0222955837623773,-0.062177664883677694,,,,0.2969058903123046,0.28414988155619886,-0.012756008756105719
cap2p5_center,E0_Chen_2024,0.25,48,53,2.5,2.5,18,18,0,1.084473248646055,1.0508984297281507,-0.033574818917904245,1.084473248646055,1.0508984297281507,-0.033574818917904245,,,,0.2969058903123046,0.28696662670468664,-0.009939263607617932
cap10_center,E0_Chen_2024,0.25,48,53,10.0,10.0,18,18,0,1.084473248646055,0.9756616743568901,-0.10881157428916483,1.084473248646055,0.9756616743568901,-0.10881157428916483,,,,0.2969058903123046,0.28389558949142724,-0.01301030082087734
cap5_low_low,E0_Chen_2024,0.25,48,53,5.0,5.0,18,18,0,1.084473248646055,1.0212945271118772,-0.06317872153417776,1.084473248646055,1.0212945271118772,-0.06317872153417776,,,,0.2969058903123046,0.2797299813075688,-0.017175909004735757
cap5_high_high,E0_Chen_2024,0.25,48,53,5.0,5.0,18,18,0,1.084473248646055,1.0240473209376584,-0.06042592770839669,1.084473248646055,1.0240473209376584,-0.06042592770839669,,,,0.2969058903123046,0.28889313917120835,-0.00801275114109623
cap5_only_Muhammad,E0_Chen_2024,0.25,48,38,5.0,0,18,18,0,1.084473248646055,1.0671197714096392,-0.017353477236415768,1.084473248646055,1.0671197714096392,-0.017353477236415768,,,,0.2969058903123046,0.305237838614662,0.00833194830235745
cap5_only_Fernandes,E0_Chen_2024,0.25,48,15,0,5.0,18,18,0,1.084473248646055,1.03284779058231,-0.05162545806374504,1.084473248646055,1.03284779058231,-0.05162545806374504,,,,0.2969058903123046,0.27476371074163386,-0.022142179570670717
