record_id,study_id,experimental_source_doi,reporting_source_doi,source_location,data_type,test_episode,cycles_failure_or_bound,failure_event_1,bound_operator,stress_ratio_R,stress_range_MPa,stress_amplitude_MPa,sigma_max_MPa,stress_basis,geometry_group,build_orientation,surface_condition,thermal_condition,test_frequency_Hz,provenance_note
Wu_2021:V-HCF04,Wu_2021,10.1016/j.ijfatigue.2021.106317,10.1016/j.ijfatigue.2021.106317,"Wu et al. 2021, Table 4, PDF p. 7",experimental,first exposure,46100,1,=,0.1,126,63,140,nominal axial stress (smooth specimen),"smooth, source geometry",Vertical,Ground and polished,Block stress relief: 300 C / 2 h; natural aging ~2 weeks,85,Source-table exact outcome; no postfracture defect descriptor used.
Wu_2021:H-HCF19,Wu_2021,10.1016/j.ijfatigue.2021.106317,10.1016/j.ijfatigue.2021.106317,"Wu et al. 2021, Table 4, PDF p. 7",experimental,first exposure,125000,1,=,0.1,180,90,200,nominal axial stress (smooth specimen),"smooth, source geometry",Horizontal,Ground and polished,Block stress relief: 300 C / 2 h; natural aging ~2 weeks,85,Source-table exact outcome; no postfracture defect descriptor used.
Wu_2021:V-HCF09,Wu_2021,10.1016/j.ijfatigue.2021.106317,10.1016/j.ijfatigue.2021.106317,"Wu et al. 2021, Table 4, PDF p. 7",experimental,first exposure,56200,1,=,0.1,126,63,140,nominal axial stress (smooth specimen),"smooth, source geometry",Vertical,Ground and polished,Block stress relief: 300 C / 2 h; natural aging ~2 weeks,85,Source-table exact outcome; no postfracture defect descriptor used.
Wu_2021:H-HCF18,Wu_2021,10.1016/j.ijfatigue.2021.106317,10.1016/j.ijfatigue.2021.106317,"Wu et al. 2021, Table 4, PDF p. 7",experimental,first exposure,152000,1,=,0.1,180,90,200,nominal axial stress (smooth specimen),"smooth, source geometry",Horizontal,Ground and polished,Block stress relief: 300 C / 2 h; natural aging ~2 weeks,85,Source-table exact outcome; no postfracture defect descriptor used.
Wu_2021:V-HCF02,Wu_2021,10.1016/j.ijfatigue.2021.106317,10.1016/j.ijfatigue.2021.106317,"Wu et al. 2021, Table 4, PDF p. 7",experimental,first exposure,47100,1,=,0.1,126,63,140,nominal axial stress (smooth specimen),"smooth, source geometry",Vertical,Ground and polished,Block stress relief: 300 C / 2 h; natural aging ~2 weeks,85,Source-table exact outcome; no postfracture defect descriptor used.
Wu_2021:H-HCF09,Wu_2021,10.1016/j.ijfatigue.2021.106317,10.1016/j.ijfatigue.2021.106317,"Wu et al. 2021, Table 4, PDF p. 7",experimental,first exposure,34800,1,=,0.1,180,90,200,nominal axial stress (smooth specimen),"smooth, source geometry",Horizontal,Ground and polished,Block stress relief: 300 C / 2 h; natural aging ~2 weeks,85,Source-table exact outcome; no postfracture defect descriptor used.
Wu_2021:V-HCF22,Wu_2021,10.1016/j.ijfatigue.2021.106317,10.1016/j.ijfatigue.2021.106317,"Wu et al. 2021, Table 4, PDF p. 7",experimental,first exposure,69100,1,=,0.1,126,63,140,nominal axial stress (smooth specimen),"smooth, source geometry",Vertical,Ground and polished,Block stress relief: 300 C / 2 h; natural aging ~2 weeks,85,Source-table exact outcome; no postfracture defect descriptor used.
Wu_2021:H-HCF05,Wu_2021,10.1016/j.ijfatigue.2021.106317,10.1016/j.ijfatigue.2021.106317,"Wu et al. 2021, Table 4, PDF p. 7",experimental,first exposure,155000,1,=,0.1,162,81,180,nominal axial stress (smooth specimen),"smooth, source geometry",Horizontal,Ground and polished,Block stress relief: 300 C / 2 h; natural aging ~2 weeks,85,Source-table exact outcome; no postfracture defect descriptor used.
Wu_2021:V-HCF07,Wu_2021,10.1016/j.ijfatigue.2021.106317,10.1016/j.ijfatigue.2021.106317,"Wu et al. 2021, Table 4, PDF p. 7",experimental,first exposure,67900,1,=,0.1,126,63,140,nominal axial stress (smooth specimen),"smooth, source geometry",Vertical,Ground and polished,Block stress relief: 300 C / 2 h; natural aging ~2 weeks,85,Source-table exact outcome; no postfracture defect descriptor used.
Wu_2021:H-HCF14,Wu_2021,10.1016/j.ijfatigue.2021.106317,10.1016/j.ijfatigue.2021.106317,"Wu et al. 2021, Table 4, PDF p. 7",experimental,first exposure,99000,1,=,0.1,162,81,180,nominal axial stress (smooth specimen),"smooth, source geometry",Horizontal,Ground and polished,Block stress relief: 300 C / 2 h; natural aging ~2 weeks,85,Source-table exact outcome; no postfracture defect descriptor used.
Wu_2021:V-HCF12,Wu_2021,10.1016/j.ijfatigue.2021.106317,10.1016/j.ijfatigue.2021.106317,"Wu et al. 2021, Table 4, PDF p. 7",experimental,first exposure,384100,1,=,0.1,90,45,100,nominal axial stress (smooth specimen),"smooth, source geometry",Vertical,Ground and polished,Block stress relief: 300 C / 2 h; natural aging ~2 weeks,85,Source-table exact outcome; no postfracture defect descriptor used.
Wu_2021:H-HCF11,Wu_2021,10.1016/j.ijfatigue.2021.106317,10.1016/j.ijfatigue.2021.106317,"Wu et al. 2021, Table 4, PDF p. 7",experimental,first exposure,55800,1,=,0.1,162,81,180,nominal axial stress (smooth specimen),"smooth, source geometry",Horizontal,Ground and polished,Block stress relief: 300 C / 2 h; natural aging ~2 weeks,85,Source-table exact outcome; no postfracture defect descriptor used.
Wu_2021:V-HCF13,Wu_2021,10.1016/j.ijfatigue.2021.106317,10.1016/j.ijfatigue.2021.106317,"Wu et al. 2021, Table 4, PDF p. 7",experimental,first exposure,316100,1,=,0.1,90,45,100,nominal axial stress (smooth specimen),"smooth, source geometry",Vertical,Ground and polished,Block stress relief: 300 C / 2 h; natural aging ~2 weeks,85,Source-table exact outcome; no postfracture defect descriptor used.
Wu_2021:H-HCF13,Wu_2021,10.1016/j.ijfatigue.2021.106317,10.1016/j.ijfatigue.2021.106317,"Wu et al. 2021, Table 4, PDF p. 7",experimental,first exposure,120000,1,=,0.1,144,72,160,nominal axial stress (smooth specimen),"smooth, source geometry",Horizontal,Ground and polished,Block stress relief: 300 C / 2 h; natural aging ~2 weeks,85,Source-table exact outcome; no postfracture defect descriptor used.
Wu_2021:V-HCF19,Wu_2021,10.1016/j.ijfatigue.2021.106317,10.1016/j.ijfatigue.2021.106317,"Wu et al. 2021, Table 4, PDF p. 7",experimental,first exposure,180200,1,=,0.1,90,45,100,nominal axial stress (smooth specimen),"smooth, source geometry",Vertical,Ground and polished,Block stress relief: 300 C / 2 h; natural aging ~2 weeks,85,Source-table exact outcome; no postfracture defect descriptor used.
Wu_2021:H-HCF02,Wu_2021,10.1016/j.ijfatigue.2021.106317,10.1016/j.ijfatigue.2021.106317,"Wu et al. 2021, Table 4, PDF p. 7",experimental,first exposure,365400,1,=,0.1,144,72,160,nominal axial stress (smooth specimen),"smooth, source geometry",Horizontal,Ground and polished,Block stress relief: 300 C / 2 h; natural aging ~2 weeks,85,Source-table exact outcome; no postfracture defect descriptor used.
Wu_2021:V-HCF06,Wu_2021,10.1016/j.ijfatigue.2021.106317,10.1016/j.ijfatigue.2021.106317,"Wu et al. 2021, Table 4, PDF p. 7",experimental,first exposure,124800,1,=,0.1,90,45,100,nominal axial stress (smooth specimen),"smooth, source geometry",Vertical,Ground and polished,Block stress relief: 300 C / 2 h; natural aging ~2 weeks,85,Source-table exact outcome; no postfracture defect descriptor used.
Wu_2021:H-HCF01,Wu_2021,10.1016/j.ijfatigue.2021.106317,10.1016/j.ijfatigue.2021.106317,"Wu et al. 2021, Table 4, PDF p. 7",experimental,first exposure,354700,1,=,0.1,144,72,160,nominal axial stress (smooth specimen),"smooth, source geometry",Horizontal,Ground and polished,Block stress relief: 300 C / 2 h; natural aging ~2 weeks,85,Source-table exact outcome; no postfracture defect descriptor used.
Wu_2021:V-HCF21,Wu_2021,10.1016/j.ijfatigue.2021.106317,10.1016/j.ijfatigue.2021.106317,"Wu et al. 2021, Table 4, PDF p. 7",experimental,first exposure,188700,1,=,0.1,90,45,100,nominal axial stress (smooth specimen),"smooth, source geometry",Vertical,Ground and polished,Block stress relief: 300 C / 2 h; natural aging ~2 weeks,85,Source-table exact outcome; no postfracture defect descriptor used.
Wu_2021:H-HCF06,Wu_2021,10.1016/j.ijfatigue.2021.106317,10.1016/j.ijfatigue.2021.106317,"Wu et al. 2021, Table 4, PDF p. 7",experimental,first exposure,466400,1,=,0.1,132.3,66.15,147,nominal axial stress (smooth specimen),"smooth, source geometry",Horizontal,Ground and polished,Block stress relief: 300 C / 2 h; natural aging ~2 weeks,85,Source-table exact outcome; no postfracture defect descriptor used.
Wu_2021:V-HCF20,Wu_2021,10.1016/j.ijfatigue.2021.106317,10.1016/j.ijfatigue.2021.106317,"Wu et al. 2021, Table 4, PDF p. 7",experimental,first exposure,687800,1,=,0.1,72,36,80,nominal axial stress (smooth specimen),"smooth, source geometry",Vertical,Ground and polished,Block stress relief: 300 C / 2 h; natural aging ~2 weeks,85,Source-table exact outcome; no postfracture defect descriptor used.
Wu_2021:H-HCF10,Wu_2021,10.1016/j.ijfatigue.2021.106317,10.1016/j.ijfatigue.2021.106317,"Wu et al. 2021, Table 4, PDF p. 7",experimental,first exposure,244300,1,=,0.1,132.3,66.15,147,nominal axial stress (smooth specimen),"smooth, source geometry",Horizontal,Ground and polished,Block stress relief: 300 C / 2 h; natural aging ~2 weeks,85,Source-table exact outcome; no postfracture defect descriptor used.
Wu_2021:V-HCF01,Wu_2021,10.1016/j.ijfatigue.2021.106317,10.1016/j.ijfatigue.2021.106317,"Wu et al. 2021, Table 4, PDF p. 7",experimental,first exposure,674700,1,=,0.1,72,36,80,nominal axial stress (smooth specimen),"smooth, source geometry",Vertical,Ground and polished,Block stress relief: 300 C / 2 h; natural aging ~2 weeks,85,Source-table exact outcome; no postfracture defect descriptor used.
Wu_2021:H-HCF15,Wu_2021,10.1016/j.ijfatigue.2021.106317,10.1016/j.ijfatigue.2021.106317,"Wu et al. 2021, Table 4, PDF p. 7",experimental,first exposure,265000,1,=,0.1,132.3,66.15,147,nominal axial stress (smooth specimen),"smooth, source geometry",Horizontal,Ground and polished,Block stress relief: 300 C / 2 h; natural aging ~2 weeks,85,Source-table exact outcome; no postfracture defect descriptor used.
Wu_2021:V-HCF18,Wu_2021,10.1016/j.ijfatigue.2021.106317,10.1016/j.ijfatigue.2021.106317,"Wu et al. 2021, Table 4, PDF p. 7",experimental,first exposure,648700,1,=,0.1,72,36,80,nominal axial stress (smooth specimen),"smooth, source geometry",Vertical,Ground and polished,Block stress relief: 300 C / 2 h; natural aging ~2 weeks,85,Source-table exact outcome; no postfracture defect descriptor used.
Wu_2021:H-HCF17,Wu_2021,10.1016/j.ijfatigue.2021.106317,10.1016/j.ijfatigue.2021.106317,"Wu et al. 2021, Table 4, PDF p. 7",experimental,first exposure,345000,1,=,0.1,126,63,140,nominal axial stress (smooth specimen),"smooth, source geometry",Horizontal,Ground and polished,Block stress relief: 300 C / 2 h; natural aging ~2 weeks,85,Source-table exact outcome; no postfracture defect descriptor used.
Wu_2021:V-HCF11,Wu_2021,10.1016/j.ijfatigue.2021.106317,10.1016/j.ijfatigue.2021.106317,"Wu et al. 2021, Table 4, PDF p. 7",experimental,first exposure,1364800,1,=,0.1,72,36,80,nominal axial stress (smooth specimen),"smooth, source geometry",Vertical,Ground and polished,Block stress relief: 300 C / 2 h; natural aging ~2 weeks,85,Source-table exact outcome; no postfracture defect descriptor used.
Wu_2021:H-HCF12,Wu_2021,10.1016/j.ijfatigue.2021.106317,10.1016/j.ijfatigue.2021.106317,"Wu et al. 2021, Table 4, PDF p. 7",experimental,first exposure,693400,1,=,0.1,126,63,140,nominal axial stress (smooth specimen),"smooth, source geometry",Horizontal,Ground and polished,Block stress relief: 300 C / 2 h; natural aging ~2 weeks,85,Source-table exact outcome; no postfracture defect descriptor used.
Wu_2021:V-HCF05,Wu_2021,10.1016/j.ijfatigue.2021.106317,10.1016/j.ijfatigue.2021.106317,"Wu et al. 2021, Table 4, PDF p. 7",experimental,first exposure,669800,1,=,0.1,72,36,80,nominal axial stress (smooth specimen),"smooth, source geometry",Vertical,Ground and polished,Block stress relief: 300 C / 2 h; natural aging ~2 weeks,85,Source-table exact outcome; no postfracture defect descriptor used.
Wu_2021:H-HCF16,Wu_2021,10.1016/j.ijfatigue.2021.106317,10.1016/j.ijfatigue.2021.106317,"Wu et al. 2021, Table 4, PDF p. 7",experimental,first exposure,835600,1,=,0.1,126,63,140,nominal axial stress (smooth specimen),"smooth, source geometry",Horizontal,Ground and polished,Block stress relief: 300 C / 2 h; natural aging ~2 weeks,85,Source-table exact outcome; no postfracture defect descriptor used.
Wu_2021:V-HCF03,Wu_2021,10.1016/j.ijfatigue.2021.106317,10.1016/j.ijfatigue.2021.106317,"Wu et al. 2021, Table 4, PDF p. 7",experimental,first exposure,1917300,1,=,0.1,54,27,60,nominal axial stress (smooth specimen),"smooth, source geometry",Vertical,Ground and polished,Block stress relief: 300 C / 2 h; natural aging ~2 weeks,85,Source-table exact outcome; no postfracture defect descriptor used.
Wu_2021:H-HCF04,Wu_2021,10.1016/j.ijfatigue.2021.106317,10.1016/j.ijfatigue.2021.106317,"Wu et al. 2021, Table 4, PDF p. 7",experimental,first exposure,10000000,0,>,0.1,132.3,66.15,147,nominal axial stress (smooth specimen),"smooth, source geometry",Horizontal,Ground and polished,Block stress relief: 300 C / 2 h; natural aging ~2 weeks,85,"Source prints >10,000,000; strict lower bound retained."
Wu_2021:V-HCF14,Wu_2021,10.1016/j.ijfatigue.2021.106317,10.1016/j.ijfatigue.2021.106317,"Wu et al. 2021, Table 4, PDF p. 7",experimental,first exposure,3350000,1,=,0.1,54,27,60,nominal axial stress (smooth specimen),"smooth, source geometry",Vertical,Ground and polished,Block stress relief: 300 C / 2 h; natural aging ~2 weeks,85,Source-table exact outcome; no postfracture defect descriptor used.
Wu_2021:H-HCF07,Wu_2021,10.1016/j.ijfatigue.2021.106317,10.1016/j.ijfatigue.2021.106317,"Wu et al. 2021, Table 4, PDF p. 7",experimental,first exposure,10000000,0,>,0.1,119.7,59.85,133,nominal axial stress (smooth specimen),"smooth, source geometry",Horizontal,Ground and polished,Block stress relief: 300 C / 2 h; natural aging ~2 weeks,85,"Source prints >10,000,000; strict lower bound retained."
Wu_2021:V-HCF17,Wu_2021,10.1016/j.ijfatigue.2021.106317,10.1016/j.ijfatigue.2021.106317,"Wu et al. 2021, Table 4, PDF p. 7",experimental,first exposure,1726300,1,=,0.1,54,27,60,nominal axial stress (smooth specimen),"smooth, source geometry",Vertical,Ground and polished,Block stress relief: 300 C / 2 h; natural aging ~2 weeks,85,Source-table exact outcome; no postfracture defect descriptor used.
Wu_2021:H-HCF03,Wu_2021,10.1016/j.ijfatigue.2021.106317,10.1016/j.ijfatigue.2021.106317,"Wu et al. 2021, Table 4, PDF p. 7",experimental,first exposure,10000000,0,>,0.1,119.7,59.85,133,nominal axial stress (smooth specimen),"smooth, source geometry",Horizontal,Ground and polished,Block stress relief: 300 C / 2 h; natural aging ~2 weeks,85,"Source prints >10,000,000; strict lower bound retained."
Wu_2021:V-HCF10,Wu_2021,10.1016/j.ijfatigue.2021.106317,10.1016/j.ijfatigue.2021.106317,"Wu et al. 2021, Table 4, PDF p. 7",experimental,first exposure,10000000,0,>,0.1,54,27,60,nominal axial stress (smooth specimen),"smooth, source geometry",Vertical,Ground and polished,Block stress relief: 300 C / 2 h; natural aging ~2 weeks,85,"Source prints >10,000,000; strict lower bound retained."
Wu_2021:H-HCF08,Wu_2021,10.1016/j.ijfatigue.2021.106317,10.1016/j.ijfatigue.2021.106317,"Wu et al. 2021, Table 4, PDF p. 7",experimental,first exposure,10000000,0,>,0.1,114.3,57.15,127,nominal axial stress (smooth specimen),"smooth, source geometry",Horizontal,Ground and polished,Block stress relief: 300 C / 2 h; natural aging ~2 weeks,85,"Source prints >10,000,000; strict lower bound retained."
Wu_2021:V-HCF15,Wu_2021,10.1016/j.ijfatigue.2021.106317,10.1016/j.ijfatigue.2021.106317,"Wu et al. 2021, Table 4, PDF p. 7",experimental,first exposure,10000000,0,>,0.1,54,27,60,nominal axial stress (smooth specimen),"smooth, source geometry",Vertical,Ground and polished,Block stress relief: 300 C / 2 h; natural aging ~2 weeks,85,"Source prints >10,000,000; strict lower bound retained."
Wu_2021:V-HCF08,Wu_2021,10.1016/j.ijfatigue.2021.106317,10.1016/j.ijfatigue.2021.106317,"Wu et al. 2021, Table 4, PDF p. 7",experimental,first exposure,10000000,0,>,0.1,45,22.5,50,nominal axial stress (smooth specimen),"smooth, source geometry",Vertical,Ground and polished,Block stress relief: 300 C / 2 h; natural aging ~2 weeks,85,"Source prints >10,000,000; strict lower bound retained."
Wu_2021:V-HCF16,Wu_2021,10.1016/j.ijfatigue.2021.106317,10.1016/j.ijfatigue.2021.106317,"Wu et al. 2021, Table 4, PDF p. 7",experimental,first exposure,10000000,0,>,0.1,45,22.5,50,nominal axial stress (smooth specimen),"smooth, source geometry",Vertical,Ground and polished,Block stress relief: 300 C / 2 h; natural aging ~2 weeks,85,"Source prints >10,000,000; strict lower bound retained."
Romano_2018:1,Romano_2018,10.1016/j.engfracmech.2017.11.002,10.1016/j.cma.2023.116521,"Tognan Tables 1-2, PDF pp. 4-5",experimental,first exposure,46255,1,=,-1,295.4,147.7,147.7,nominal axial stress (smooth specimen),"smooth, source geometry",,"Machined; campaign Ra=0.33 µm, Rz=2.99 µm (Romano Section 2.4)",No final heat treatment (Romano Section 2.1),0,Source-table exact outcome; no postfracture defect descriptor used.
Romano_2018:2,Romano_2018,10.1016/j.engfracmech.2017.11.002,10.1016/j.cma.2023.116521,"Tognan Tables 1-2, PDF pp. 4-5",experimental,first exposure,474,1,=,-1,400,200,200,nominal axial stress (smooth specimen),"smooth, source geometry",,"Machined; campaign Ra=0.33 µm, Rz=2.99 µm (Romano Section 2.4)",No final heat treatment (Romano Section 2.1),0,Source-table exact outcome; no postfracture defect descriptor used.
Romano_2018:3,Romano_2018,10.1016/j.engfracmech.2017.11.002,10.1016/j.cma.2023.116521,"Tognan Tables 1-2, PDF pp. 4-5",experimental,first exposure,8889311,0,≥,-1,220,110,110,nominal axial stress (smooth specimen),"smooth, source geometry",,"Machined; campaign Ra=0.33 µm, Rz=2.99 µm (Romano Section 2.4)",No final heat treatment (Romano Section 2.1),0,First runout explicitly linked to dependent later retest 3*; retest excluded.
Romano_2018:5,Romano_2018,10.1016/j.engfracmech.2017.11.002,10.1016/j.cma.2023.116521,"Tognan Tables 1-2, PDF pp. 4-5",experimental,first exposure,39538,1,=,-1,301.6,150.8,150.8,nominal axial stress (smooth specimen),"smooth, source geometry",,"Machined; campaign Ra=0.33 µm, Rz=2.99 µm (Romano Section 2.4)",No final heat treatment (Romano Section 2.1),0,Source-table exact outcome; no postfracture defect descriptor used.
Romano_2018:6,Romano_2018,10.1016/j.engfracmech.2017.11.002,10.1016/j.cma.2023.116521,"Tognan Tables 1-2, PDF pp. 4-5",experimental,first exposure,11465,1,=,-1,378.3,189.15,189.15,nominal axial stress (smooth specimen),"smooth, source geometry",,"Machined; campaign Ra=0.33 µm, Rz=2.99 µm (Romano Section 2.4)",No final heat treatment (Romano Section 2.1),0,Source-table exact outcome; no postfracture defect descriptor used.
Romano_2018:7,Romano_2018,10.1016/j.engfracmech.2017.11.002,10.1016/j.cma.2023.116521,"Tognan Tables 1-2, PDF pp. 4-5",experimental,first exposure,19806,1,=,-1,298.5,149.25,149.25,nominal axial stress (smooth specimen),"smooth, source geometry",,"Machined; campaign Ra=0.33 µm, Rz=2.99 µm (Romano Section 2.4)",No final heat treatment (Romano Section 2.1),0,Source-table exact outcome; no postfracture defect descriptor used.
Romano_2018:11,Romano_2018,10.1016/j.engfracmech.2017.11.002,10.1016/j.cma.2023.116521,"Tognan Tables 1-2, PDF pp. 4-5",experimental,first exposure,237485,1,=,-1,180,90,90,nominal axial stress (smooth specimen),"smooth, source geometry",,"Machined; campaign Ra=0.33 µm, Rz=2.99 µm (Romano Section 2.4)",No final heat treatment (Romano Section 2.1),0,Source-table exact outcome; no postfracture defect descriptor used.
Chen_2024:Chen2024-L40-T3-r01,Chen_2024,10.1016/j.ijfatigue.2024.108163,10.1016/j.ijfatigue.2024.108163,"Table 3, PDF p. 7",experimental,first exposure,63822,1,=,0.1,198,99,220,nominal axial stress (smooth specimen),L40 smooth,Vertical,"machined and ground, Ra approximately 0.3 µm",No heat treatment reported; as fabricated then machined/ground,20,Source-table exact outcome; no postfracture defect descriptor used.
Chen_2024:Chen2024-L40-T3-r02,Chen_2024,10.1016/j.ijfatigue.2024.108163,10.1016/j.ijfatigue.2024.108163,"Table 3, PDF p. 7",experimental,first exposure,60097,1,=,0.1,180,90,200,nominal axial stress (smooth specimen),L40 smooth,Vertical,"machined and ground, Ra approximately 0.3 µm",No heat treatment reported; as fabricated then machined/ground,20,Source-table exact outcome; no postfracture defect descriptor used.
Chen_2024:Chen2024-L40-T3-r03,Chen_2024,10.1016/j.ijfatigue.2024.108163,10.1016/j.ijfatigue.2024.108163,"Table 3, PDF p. 7",experimental,first exposure,75633,1,=,0.1,180,90,200,nominal axial stress (smooth specimen),L40 smooth,Vertical,"machined and ground, Ra approximately 0.3 µm",No heat treatment reported; as fabricated then machined/ground,20,Source-table exact outcome; no postfracture defect descriptor used.
Chen_2024:Chen2024-L40-T3-r04,Chen_2024,10.1016/j.ijfatigue.2024.108163,10.1016/j.ijfatigue.2024.108163,"Table 3, PDF p. 7",experimental,first exposure,156736,1,=,0.1,162,81,180,nominal axial stress (smooth specimen),L40 smooth,Vertical,"machined and ground, Ra approximately 0.3 µm",No heat treatment reported; as fabricated then machined/ground,20,Source-table exact outcome; no postfracture defect descriptor used.
Chen_2024:Chen2024-L40-T3-r05,Chen_2024,10.1016/j.ijfatigue.2024.108163,10.1016/j.ijfatigue.2024.108163,"Table 3, PDF p. 7",experimental,first exposure,517360,1,=,0.1,162,81,180,nominal axial stress (smooth specimen),L40 smooth,Vertical,"machined and ground, Ra approximately 0.3 µm",No heat treatment reported; as fabricated then machined/ground,20,Source-table exact outcome; no postfracture defect descriptor used.
Chen_2024:Chen2024-L40-T3-r06,Chen_2024,10.1016/j.ijfatigue.2024.108163,10.1016/j.ijfatigue.2024.108163,"Table 3, PDF p. 7",experimental,first exposure,222681,1,=,0.1,144,72,160,nominal axial stress (smooth specimen),L40 smooth,Vertical,"machined and ground, Ra approximately 0.3 µm",No heat treatment reported; as fabricated then machined/ground,20,Source-table exact outcome; no postfracture defect descriptor used.
Chen_2024:Chen2024-L40-T3-r07,Chen_2024,10.1016/j.ijfatigue.2024.108163,10.1016/j.ijfatigue.2024.108163,"Table 3, PDF p. 7",experimental,first exposure,281651,1,=,0.1,144,72,160,nominal axial stress (smooth specimen),L40 smooth,Vertical,"machined and ground, Ra approximately 0.3 µm",No heat treatment reported; as fabricated then machined/ground,20,Source-table exact outcome; no postfracture defect descriptor used.
Chen_2024:Chen2024-L40-T3-r08,Chen_2024,10.1016/j.ijfatigue.2024.108163,10.1016/j.ijfatigue.2024.108163,"Table 3, PDF p. 7",experimental,first exposure,877236,1,=,0.1,144,72,160,nominal axial stress (smooth specimen),L40 smooth,Vertical,"machined and ground, Ra approximately 0.3 µm",No heat treatment reported; as fabricated then machined/ground,20,Source-table exact outcome; no postfracture defect descriptor used.
Chen_2024:Chen2024-L40-T3-r09,Chen_2024,10.1016/j.ijfatigue.2024.108163,10.1016/j.ijfatigue.2024.108163,"Table 3, PDF p. 7",experimental,first exposure,2048262,1,=,0.1,135,67.5,150,nominal axial stress (smooth specimen),L40 smooth,Vertical,"machined and ground, Ra approximately 0.3 µm",No heat treatment reported; as fabricated then machined/ground,20,Source-table exact outcome; no postfracture defect descriptor used.
Chen_2024:Chen2024-L10-T4-r01,Chen_2024,10.1016/j.ijfatigue.2024.108163,10.1016/j.ijfatigue.2024.108163,"Table 4, PDF p. 7",experimental,first exposure,87308,1,=,0.1,198,99,220,nominal axial stress (smooth specimen),L10 smooth,Vertical,"machined and ground, Ra approximately 0.3 µm",No heat treatment reported; as fabricated then machined/ground,20,Source-table exact outcome; no postfracture defect descriptor used.
Chen_2024:Chen2024-L10-T4-r02,Chen_2024,10.1016/j.ijfatigue.2024.108163,10.1016/j.ijfatigue.2024.108163,"Table 4, PDF p. 7",experimental,first exposure,147947,1,=,0.1,198,99,220,nominal axial stress (smooth specimen),L10 smooth,Vertical,"machined and ground, Ra approximately 0.3 µm",No heat treatment reported; as fabricated then machined/ground,20,Source-table exact outcome; no postfracture defect descriptor used.
Chen_2024:Chen2024-L10-T4-r03,Chen_2024,10.1016/j.ijfatigue.2024.108163,10.1016/j.ijfatigue.2024.108163,"Table 4, PDF p. 7",experimental,first exposure,105828,1,=,0.1,180,90,200,nominal axial stress (smooth specimen),L10 smooth,Vertical,"machined and ground, Ra approximately 0.3 µm",No heat treatment reported; as fabricated then machined/ground,20,Source-table exact outcome; no postfracture defect descriptor used.
Chen_2024:Chen2024-L10-T4-r04,Chen_2024,10.1016/j.ijfatigue.2024.108163,10.1016/j.ijfatigue.2024.108163,"Table 4, PDF p. 7",experimental,first exposure,170290,1,=,0.1,180,90,200,nominal axial stress (smooth specimen),L10 smooth,Vertical,"machined and ground, Ra approximately 0.3 µm",No heat treatment reported; as fabricated then machined/ground,20,Source-table exact outcome; no postfracture defect descriptor used.
Chen_2024:Chen2024-L10-T4-r05,Chen_2024,10.1016/j.ijfatigue.2024.108163,10.1016/j.ijfatigue.2024.108163,"Table 4, PDF p. 7",experimental,first exposure,151981,1,=,0.1,171,85.5,190,nominal axial stress (smooth specimen),L10 smooth,Vertical,"machined and ground, Ra approximately 0.3 µm",No heat treatment reported; as fabricated then machined/ground,20,Source-table exact outcome; no postfracture defect descriptor used.
Chen_2024:Chen2024-L10-T4-r06,Chen_2024,10.1016/j.ijfatigue.2024.108163,10.1016/j.ijfatigue.2024.108163,"Table 4, PDF p. 7",experimental,first exposure,370279,1,=,0.1,171,85.5,190,nominal axial stress (smooth specimen),L10 smooth,Vertical,"machined and ground, Ra approximately 0.3 µm",No heat treatment reported; as fabricated then machined/ground,20,Source-table exact outcome; no postfracture defect descriptor used.
Chen_2024:Chen2024-L10-T4-r07,Chen_2024,10.1016/j.ijfatigue.2024.108163,10.1016/j.ijfatigue.2024.108163,"Table 4, PDF p. 7",experimental,first exposure,152516,1,=,0.1,162,81,180,nominal axial stress (smooth specimen),L10 smooth,Vertical,"machined and ground, Ra approximately 0.3 µm",No heat treatment reported; as fabricated then machined/ground,20,Source-table exact outcome; no postfracture defect descriptor used.
Chen_2024:Chen2024-L10-T4-r08,Chen_2024,10.1016/j.ijfatigue.2024.108163,10.1016/j.ijfatigue.2024.108163,"Table 4, PDF p. 7",experimental,first exposure,2038520,1,=,0.1,162,81,180,nominal axial stress (smooth specimen),L10 smooth,Vertical,"machined and ground, Ra approximately 0.3 µm",No heat treatment reported; as fabricated then machined/ground,20,Source-table exact outcome; no postfracture defect descriptor used.
Chen_2024:Chen2024-L10-T4-r09,Chen_2024,10.1016/j.ijfatigue.2024.108163,10.1016/j.ijfatigue.2024.108163,"Table 4, PDF p. 7",experimental,first exposure,188948,1,=,0.1,144,72,160,nominal axial stress (smooth specimen),L10 smooth,Vertical,"machined and ground, Ra approximately 0.3 µm",No heat treatment reported; as fabricated then machined/ground,20,Source-table exact outcome; no postfracture defect descriptor used.
Chen_2024:Chen2024-R5-T5-r01,Chen_2024,10.1016/j.ijfatigue.2024.108163,10.1016/j.ijfatigue.2024.108163,"Table 5, PDF p. 8",experimental,first exposure,82628,1,=,0.1,252,126,280,local maximum at notch,"R5 notched, Kt=1.27",Vertical,"machined and ground, Ra approximately 0.3 µm",No heat treatment reported; as fabricated then machined/ground,20,Reported Sm is local maximum at notch; use only in geometry-stratified sensitivity.
Chen_2024:Chen2024-R5-T5-r02,Chen_2024,10.1016/j.ijfatigue.2024.108163,10.1016/j.ijfatigue.2024.108163,"Table 5, PDF p. 8",experimental,first exposure,68133,1,=,0.1,234,117,260,local maximum at notch,"R5 notched, Kt=1.27",Vertical,"machined and ground, Ra approximately 0.3 µm",No heat treatment reported; as fabricated then machined/ground,20,Reported Sm is local maximum at notch; use only in geometry-stratified sensitivity.
Chen_2024:Chen2024-R5-T5-r03,Chen_2024,10.1016/j.ijfatigue.2024.108163,10.1016/j.ijfatigue.2024.108163,"Table 5, PDF p. 8",experimental,first exposure,136141,1,=,0.1,234,117,260,local maximum at notch,"R5 notched, Kt=1.27",Vertical,"machined and ground, Ra approximately 0.3 µm",No heat treatment reported; as fabricated then machined/ground,20,Reported Sm is local maximum at notch; use only in geometry-stratified sensitivity.
Chen_2024:Chen2024-R5-T5-r04,Chen_2024,10.1016/j.ijfatigue.2024.108163,10.1016/j.ijfatigue.2024.108163,"Table 5, PDF p. 8",experimental,first exposure,108466,1,=,0.1,216,108,240,local maximum at notch,"R5 notched, Kt=1.27",Vertical,"machined and ground, Ra approximately 0.3 µm",No heat treatment reported; as fabricated then machined/ground,20,Reported Sm is local maximum at notch; use only in geometry-stratified sensitivity.
Chen_2024:Chen2024-R5-T5-r05,Chen_2024,10.1016/j.ijfatigue.2024.108163,10.1016/j.ijfatigue.2024.108163,"Table 5, PDF p. 8",experimental,first exposure,117010,1,=,0.1,216,108,240,local maximum at notch,"R5 notched, Kt=1.27",Vertical,"machined and ground, Ra approximately 0.3 µm",No heat treatment reported; as fabricated then machined/ground,20,Reported Sm is local maximum at notch; use only in geometry-stratified sensitivity.
Chen_2024:Chen2024-R5-T5-r06,Chen_2024,10.1016/j.ijfatigue.2024.108163,10.1016/j.ijfatigue.2024.108163,"Table 5, PDF p. 8",experimental,first exposure,238938,1,=,0.1,216,108,240,local maximum at notch,"R5 notched, Kt=1.27",Vertical,"machined and ground, Ra approximately 0.3 µm",No heat treatment reported; as fabricated then machined/ground,20,Reported Sm is local maximum at notch; use only in geometry-stratified sensitivity.
Chen_2024:Chen2024-R5-T5-r07,Chen_2024,10.1016/j.ijfatigue.2024.108163,10.1016/j.ijfatigue.2024.108163,"Table 5, PDF p. 8",experimental,first exposure,168745,1,=,0.1,198,99,220,local maximum at notch,"R5 notched, Kt=1.27",Vertical,"machined and ground, Ra approximately 0.3 µm",No heat treatment reported; as fabricated then machined/ground,20,Reported Sm is local maximum at notch; use only in geometry-stratified sensitivity.
Chen_2024:Chen2024-R5-T5-r08,Chen_2024,10.1016/j.ijfatigue.2024.108163,10.1016/j.ijfatigue.2024.108163,"Table 5, PDF p. 8",experimental,first exposure,209462,1,=,0.1,198,99,220,local maximum at notch,"R5 notched, Kt=1.27",Vertical,"machined and ground, Ra approximately 0.3 µm",No heat treatment reported; as fabricated then machined/ground,20,Reported Sm is local maximum at notch; use only in geometry-stratified sensitivity.
Chen_2024:Chen2024-R5-T5-r09,Chen_2024,10.1016/j.ijfatigue.2024.108163,10.1016/j.ijfatigue.2024.108163,"Table 5, PDF p. 8",experimental,first exposure,160474,1,=,0.1,180,90,200,local maximum at notch,"R5 notched, Kt=1.27",Vertical,"machined and ground, Ra approximately 0.3 µm",No heat treatment reported; as fabricated then machined/ground,20,Reported Sm is local maximum at notch; use only in geometry-stratified sensitivity.
