cohort_version,record_id,publication_group_id,platform_family_id,source_doi,reporting_doi,source_locator,test_episode,measurement_tier,fatigue_mode,stress_amplitude_MPa,stress_ratio_R,cycles_failure_or_bound,failure_event_1,bound_operator,build_orientation,surface_condition,thermal_condition,printer,powder,frequency_Hz_reported,frequency_Hz_min,frequency_Hz_max,analysis_role,source_decision
development_v2_199_2026-10-06,Wu_2021:V-HCF04,Wu_2021,Wu_2021,10.1016/j.ijfatigue.2021.106317,10.1016/j.ijfatigue.2021.106317,"Wu et al. 2021, Table 4, PDF p. 7",first exposure,source_table_exact,uniaxial,63,0.1,46100,1,=,Vertical,Ground and polished,Block stress relief: 300 C / 2 h; natural aging ~2 weeks,,,85,,,development,existing_exact_core_E0_folds_unchanged
development_v2_199_2026-10-06,Wu_2021:H-HCF19,Wu_2021,Wu_2021,10.1016/j.ijfatigue.2021.106317,10.1016/j.ijfatigue.2021.106317,"Wu et al. 2021, Table 4, PDF p. 7",first exposure,source_table_exact,uniaxial,90,0.1,125000,1,=,Horizontal,Ground and polished,Block stress relief: 300 C / 2 h; natural aging ~2 weeks,,,85,,,development,existing_exact_core_E0_folds_unchanged
development_v2_199_2026-10-06,Wu_2021:V-HCF09,Wu_2021,Wu_2021,10.1016/j.ijfatigue.2021.106317,10.1016/j.ijfatigue.2021.106317,"Wu et al. 2021, Table 4, PDF p. 7",first exposure,source_table_exact,uniaxial,63,0.1,56200,1,=,Vertical,Ground and polished,Block stress relief: 300 C / 2 h; natural aging ~2 weeks,,,85,,,development,existing_exact_core_E0_folds_unchanged
development_v2_199_2026-10-06,Wu_2021:H-HCF18,Wu_2021,Wu_2021,10.1016/j.ijfatigue.2021.106317,10.1016/j.ijfatigue.2021.106317,"Wu et al. 2021, Table 4, PDF p. 7",first exposure,source_table_exact,uniaxial,90,0.1,152000,1,=,Horizontal,Ground and polished,Block stress relief: 300 C / 2 h; natural aging ~2 weeks,,,85,,,development,existing_exact_core_E0_folds_unchanged
development_v2_199_2026-10-06,Wu_2021:V-HCF02,Wu_2021,Wu_2021,10.1016/j.ijfatigue.2021.106317,10.1016/j.ijfatigue.2021.106317,"Wu et al. 2021, Table 4, PDF p. 7",first exposure,source_table_exact,uniaxial,63,0.1,47100,1,=,Vertical,Ground and polished,Block stress relief: 300 C / 2 h; natural aging ~2 weeks,,,85,,,development,existing_exact_core_E0_folds_unchanged
development_v2_199_2026-10-06,Wu_2021:H-HCF09,Wu_2021,Wu_2021,10.1016/j.ijfatigue.2021.106317,10.1016/j.ijfatigue.2021.106317,"Wu et al. 2021, Table 4, PDF p. 7",first exposure,source_table_exact,uniaxial,90,0.1,34800,1,=,Horizontal,Ground and polished,Block stress relief: 300 C / 2 h; natural aging ~2 weeks,,,85,,,development,existing_exact_core_E0_folds_unchanged
development_v2_199_2026-10-06,Wu_2021:V-HCF22,Wu_2021,Wu_2021,10.1016/j.ijfatigue.2021.106317,10.1016/j.ijfatigue.2021.106317,"Wu et al. 2021, Table 4, PDF p. 7",first exposure,source_table_exact,uniaxial,63,0.1,69100,1,=,Vertical,Ground and polished,Block stress relief: 300 C / 2 h; natural aging ~2 weeks,,,85,,,development,existing_exact_core_E0_folds_unchanged
development_v2_199_2026-10-06,Wu_2021:H-HCF05,Wu_2021,Wu_2021,10.1016/j.ijfatigue.2021.106317,10.1016/j.ijfatigue.2021.106317,"Wu et al. 2021, Table 4, PDF p. 7",first exposure,source_table_exact,uniaxial,81,0.1,155000,1,=,Horizontal,Ground and polished,Block stress relief: 300 C / 2 h; natural aging ~2 weeks,,,85,,,development,existing_exact_core_E0_folds_unchanged
development_v2_199_2026-10-06,Wu_2021:V-HCF07,Wu_2021,Wu_2021,10.1016/j.ijfatigue.2021.106317,10.1016/j.ijfatigue.2021.106317,"Wu et al. 2021, Table 4, PDF p. 7",first exposure,source_table_exact,uniaxial,63,0.1,67900,1,=,Vertical,Ground and polished,Block stress relief: 300 C / 2 h; natural aging ~2 weeks,,,85,,,development,existing_exact_core_E0_folds_unchanged
development_v2_199_2026-10-06,Wu_2021:H-HCF14,Wu_2021,Wu_2021,10.1016/j.ijfatigue.2021.106317,10.1016/j.ijfatigue.2021.106317,"Wu et al. 2021, Table 4, PDF p. 7",first exposure,source_table_exact,uniaxial,81,0.1,99000,1,=,Horizontal,Ground and polished,Block stress relief: 300 C / 2 h; natural aging ~2 weeks,,,85,,,development,existing_exact_core_E0_folds_unchanged
development_v2_199_2026-10-06,Wu_2021:V-HCF12,Wu_2021,Wu_2021,10.1016/j.ijfatigue.2021.106317,10.1016/j.ijfatigue.2021.106317,"Wu et al. 2021, Table 4, PDF p. 7",first exposure,source_table_exact,uniaxial,45,0.1,384100,1,=,Vertical,Ground and polished,Block stress relief: 300 C / 2 h; natural aging ~2 weeks,,,85,,,development,existing_exact_core_E0_folds_unchanged
development_v2_199_2026-10-06,Wu_2021:H-HCF11,Wu_2021,Wu_2021,10.1016/j.ijfatigue.2021.106317,10.1016/j.ijfatigue.2021.106317,"Wu et al. 2021, Table 4, PDF p. 7",first exposure,source_table_exact,uniaxial,81,0.1,55800,1,=,Horizontal,Ground and polished,Block stress relief: 300 C / 2 h; natural aging ~2 weeks,,,85,,,development,existing_exact_core_E0_folds_unchanged
development_v2_199_2026-10-06,Wu_2021:V-HCF13,Wu_2021,Wu_2021,10.1016/j.ijfatigue.2021.106317,10.1016/j.ijfatigue.2021.106317,"Wu et al. 2021, Table 4, PDF p. 7",first exposure,source_table_exact,uniaxial,45,0.1,316100,1,=,Vertical,Ground and polished,Block stress relief: 300 C / 2 h; natural aging ~2 weeks,,,85,,,development,existing_exact_core_E0_folds_unchanged
development_v2_199_2026-10-06,Wu_2021:H-HCF13,Wu_2021,Wu_2021,10.1016/j.ijfatigue.2021.106317,10.1016/j.ijfatigue.2021.106317,"Wu et al. 2021, Table 4, PDF p. 7",first exposure,source_table_exact,uniaxial,72,0.1,120000,1,=,Horizontal,Ground and polished,Block stress relief: 300 C / 2 h; natural aging ~2 weeks,,,85,,,development,existing_exact_core_E0_folds_unchanged
development_v2_199_2026-10-06,Wu_2021:V-HCF19,Wu_2021,Wu_2021,10.1016/j.ijfatigue.2021.106317,10.1016/j.ijfatigue.2021.106317,"Wu et al. 2021, Table 4, PDF p. 7",first exposure,source_table_exact,uniaxial,45,0.1,180200,1,=,Vertical,Ground and polished,Block stress relief: 300 C / 2 h; natural aging ~2 weeks,,,85,,,development,existing_exact_core_E0_folds_unchanged
development_v2_199_2026-10-06,Wu_2021:H-HCF02,Wu_2021,Wu_2021,10.1016/j.ijfatigue.2021.106317,10.1016/j.ijfatigue.2021.106317,"Wu et al. 2021, Table 4, PDF p. 7",first exposure,source_table_exact,uniaxial,72,0.1,365400,1,=,Horizontal,Ground and polished,Block stress relief: 300 C / 2 h; natural aging ~2 weeks,,,85,,,development,existing_exact_core_E0_folds_unchanged
development_v2_199_2026-10-06,Wu_2021:V-HCF06,Wu_2021,Wu_2021,10.1016/j.ijfatigue.2021.106317,10.1016/j.ijfatigue.2021.106317,"Wu et al. 2021, Table 4, PDF p. 7",first exposure,source_table_exact,uniaxial,45,0.1,124800,1,=,Vertical,Ground and polished,Block stress relief: 300 C / 2 h; natural aging ~2 weeks,,,85,,,development,existing_exact_core_E0_folds_unchanged
development_v2_199_2026-10-06,Wu_2021:H-HCF01,Wu_2021,Wu_2021,10.1016/j.ijfatigue.2021.106317,10.1016/j.ijfatigue.2021.106317,"Wu et al. 2021, Table 4, PDF p. 7",first exposure,source_table_exact,uniaxial,72,0.1,354700,1,=,Horizontal,Ground and polished,Block stress relief: 300 C / 2 h; natural aging ~2 weeks,,,85,,,development,existing_exact_core_E0_folds_unchanged
development_v2_199_2026-10-06,Wu_2021:V-HCF21,Wu_2021,Wu_2021,10.1016/j.ijfatigue.2021.106317,10.1016/j.ijfatigue.2021.106317,"Wu et al. 2021, Table 4, PDF p. 7",first exposure,source_table_exact,uniaxial,45,0.1,188700,1,=,Vertical,Ground and polished,Block stress relief: 300 C / 2 h; natural aging ~2 weeks,,,85,,,development,existing_exact_core_E0_folds_unchanged
development_v2_199_2026-10-06,Wu_2021:H-HCF06,Wu_2021,Wu_2021,10.1016/j.ijfatigue.2021.106317,10.1016/j.ijfatigue.2021.106317,"Wu et al. 2021, Table 4, PDF p. 7",first exposure,source_table_exact,uniaxial,66.15,0.1,466400,1,=,Horizontal,Ground and polished,Block stress relief: 300 C / 2 h; natural aging ~2 weeks,,,85,,,development,existing_exact_core_E0_folds_unchanged
development_v2_199_2026-10-06,Wu_2021:V-HCF20,Wu_2021,Wu_2021,10.1016/j.ijfatigue.2021.106317,10.1016/j.ijfatigue.2021.106317,"Wu et al. 2021, Table 4, PDF p. 7",first exposure,source_table_exact,uniaxial,36,0.1,687800,1,=,Vertical,Ground and polished,Block stress relief: 300 C / 2 h; natural aging ~2 weeks,,,85,,,development,existing_exact_core_E0_folds_unchanged
development_v2_199_2026-10-06,Wu_2021:H-HCF10,Wu_2021,Wu_2021,10.1016/j.ijfatigue.2021.106317,10.1016/j.ijfatigue.2021.106317,"Wu et al. 2021, Table 4, PDF p. 7",first exposure,source_table_exact,uniaxial,66.15,0.1,244300,1,=,Horizontal,Ground and polished,Block stress relief: 300 C / 2 h; natural aging ~2 weeks,,,85,,,development,existing_exact_core_E0_folds_unchanged
development_v2_199_2026-10-06,Wu_2021:V-HCF01,Wu_2021,Wu_2021,10.1016/j.ijfatigue.2021.106317,10.1016/j.ijfatigue.2021.106317,"Wu et al. 2021, Table 4, PDF p. 7",first exposure,source_table_exact,uniaxial,36,0.1,674700,1,=,Vertical,Ground and polished,Block stress relief: 300 C / 2 h; natural aging ~2 weeks,,,85,,,development,existing_exact_core_E0_folds_unchanged
development_v2_199_2026-10-06,Wu_2021:H-HCF15,Wu_2021,Wu_2021,10.1016/j.ijfatigue.2021.106317,10.1016/j.ijfatigue.2021.106317,"Wu et al. 2021, Table 4, PDF p. 7",first exposure,source_table_exact,uniaxial,66.15,0.1,265000,1,=,Horizontal,Ground and polished,Block stress relief: 300 C / 2 h; natural aging ~2 weeks,,,85,,,development,existing_exact_core_E0_folds_unchanged
development_v2_199_2026-10-06,Wu_2021:V-HCF18,Wu_2021,Wu_2021,10.1016/j.ijfatigue.2021.106317,10.1016/j.ijfatigue.2021.106317,"Wu et al. 2021, Table 4, PDF p. 7",first exposure,source_table_exact,uniaxial,36,0.1,648700,1,=,Vertical,Ground and polished,Block stress relief: 300 C / 2 h; natural aging ~2 weeks,,,85,,,development,existing_exact_core_E0_folds_unchanged
development_v2_199_2026-10-06,Wu_2021:H-HCF17,Wu_2021,Wu_2021,10.1016/j.ijfatigue.2021.106317,10.1016/j.ijfatigue.2021.106317,"Wu et al. 2021, Table 4, PDF p. 7",first exposure,source_table_exact,uniaxial,63,0.1,345000,1,=,Horizontal,Ground and polished,Block stress relief: 300 C / 2 h; natural aging ~2 weeks,,,85,,,development,existing_exact_core_E0_folds_unchanged
development_v2_199_2026-10-06,Wu_2021:V-HCF11,Wu_2021,Wu_2021,10.1016/j.ijfatigue.2021.106317,10.1016/j.ijfatigue.2021.106317,"Wu et al. 2021, Table 4, PDF p. 7",first exposure,source_table_exact,uniaxial,36,0.1,1364800,1,=,Vertical,Ground and polished,Block stress relief: 300 C / 2 h; natural aging ~2 weeks,,,85,,,development,existing_exact_core_E0_folds_unchanged
development_v2_199_2026-10-06,Wu_2021:H-HCF12,Wu_2021,Wu_2021,10.1016/j.ijfatigue.2021.106317,10.1016/j.ijfatigue.2021.106317,"Wu et al. 2021, Table 4, PDF p. 7",first exposure,source_table_exact,uniaxial,63,0.1,693400,1,=,Horizontal,Ground and polished,Block stress relief: 300 C / 2 h; natural aging ~2 weeks,,,85,,,development,existing_exact_core_E0_folds_unchanged
development_v2_199_2026-10-06,Wu_2021:V-HCF05,Wu_2021,Wu_2021,10.1016/j.ijfatigue.2021.106317,10.1016/j.ijfatigue.2021.106317,"Wu et al. 2021, Table 4, PDF p. 7",first exposure,source_table_exact,uniaxial,36,0.1,669800,1,=,Vertical,Ground and polished,Block stress relief: 300 C / 2 h; natural aging ~2 weeks,,,85,,,development,existing_exact_core_E0_folds_unchanged
development_v2_199_2026-10-06,Wu_2021:H-HCF16,Wu_2021,Wu_2021,10.1016/j.ijfatigue.2021.106317,10.1016/j.ijfatigue.2021.106317,"Wu et al. 2021, Table 4, PDF p. 7",first exposure,source_table_exact,uniaxial,63,0.1,835600,1,=,Horizontal,Ground and polished,Block stress relief: 300 C / 2 h; natural aging ~2 weeks,,,85,,,development,existing_exact_core_E0_folds_unchanged
development_v2_199_2026-10-06,Wu_2021:V-HCF03,Wu_2021,Wu_2021,10.1016/j.ijfatigue.2021.106317,10.1016/j.ijfatigue.2021.106317,"Wu et al. 2021, Table 4, PDF p. 7",first exposure,source_table_exact,uniaxial,27,0.1,1917300,1,=,Vertical,Ground and polished,Block stress relief: 300 C / 2 h; natural aging ~2 weeks,,,85,,,development,existing_exact_core_E0_folds_unchanged
development_v2_199_2026-10-06,Wu_2021:H-HCF04,Wu_2021,Wu_2021,10.1016/j.ijfatigue.2021.106317,10.1016/j.ijfatigue.2021.106317,"Wu et al. 2021, Table 4, PDF p. 7",first exposure,source_table_exact,uniaxial,66.15,0.1,10000000,0,>,Horizontal,Ground and polished,Block stress relief: 300 C / 2 h; natural aging ~2 weeks,,,85,,,development,existing_exact_core_E0_folds_unchanged
development_v2_199_2026-10-06,Wu_2021:V-HCF14,Wu_2021,Wu_2021,10.1016/j.ijfatigue.2021.106317,10.1016/j.ijfatigue.2021.106317,"Wu et al. 2021, Table 4, PDF p. 7",first exposure,source_table_exact,uniaxial,27,0.1,3350000,1,=,Vertical,Ground and polished,Block stress relief: 300 C / 2 h; natural aging ~2 weeks,,,85,,,development,existing_exact_core_E0_folds_unchanged
development_v2_199_2026-10-06,Wu_2021:H-HCF07,Wu_2021,Wu_2021,10.1016/j.ijfatigue.2021.106317,10.1016/j.ijfatigue.2021.106317,"Wu et al. 2021, Table 4, PDF p. 7",first exposure,source_table_exact,uniaxial,59.85,0.1,10000000,0,>,Horizontal,Ground and polished,Block stress relief: 300 C / 2 h; natural aging ~2 weeks,,,85,,,development,existing_exact_core_E0_folds_unchanged
development_v2_199_2026-10-06,Wu_2021:V-HCF17,Wu_2021,Wu_2021,10.1016/j.ijfatigue.2021.106317,10.1016/j.ijfatigue.2021.106317,"Wu et al. 2021, Table 4, PDF p. 7",first exposure,source_table_exact,uniaxial,27,0.1,1726300,1,=,Vertical,Ground and polished,Block stress relief: 300 C / 2 h; natural aging ~2 weeks,,,85,,,development,existing_exact_core_E0_folds_unchanged
development_v2_199_2026-10-06,Wu_2021:H-HCF03,Wu_2021,Wu_2021,10.1016/j.ijfatigue.2021.106317,10.1016/j.ijfatigue.2021.106317,"Wu et al. 2021, Table 4, PDF p. 7",first exposure,source_table_exact,uniaxial,59.85,0.1,10000000,0,>,Horizontal,Ground and polished,Block stress relief: 300 C / 2 h; natural aging ~2 weeks,,,85,,,development,existing_exact_core_E0_folds_unchanged
development_v2_199_2026-10-06,Wu_2021:V-HCF10,Wu_2021,Wu_2021,10.1016/j.ijfatigue.2021.106317,10.1016/j.ijfatigue.2021.106317,"Wu et al. 2021, Table 4, PDF p. 7",first exposure,source_table_exact,uniaxial,27,0.1,10000000,0,>,Vertical,Ground and polished,Block stress relief: 300 C / 2 h; natural aging ~2 weeks,,,85,,,development,existing_exact_core_E0_folds_unchanged
development_v2_199_2026-10-06,Wu_2021:H-HCF08,Wu_2021,Wu_2021,10.1016/j.ijfatigue.2021.106317,10.1016/j.ijfatigue.2021.106317,"Wu et al. 2021, Table 4, PDF p. 7",first exposure,source_table_exact,uniaxial,57.15,0.1,10000000,0,>,Horizontal,Ground and polished,Block stress relief: 300 C / 2 h; natural aging ~2 weeks,,,85,,,development,existing_exact_core_E0_folds_unchanged
development_v2_199_2026-10-06,Wu_2021:V-HCF15,Wu_2021,Wu_2021,10.1016/j.ijfatigue.2021.106317,10.1016/j.ijfatigue.2021.106317,"Wu et al. 2021, Table 4, PDF p. 7",first exposure,source_table_exact,uniaxial,27,0.1,10000000,0,>,Vertical,Ground and polished,Block stress relief: 300 C / 2 h; natural aging ~2 weeks,,,85,,,development,existing_exact_core_E0_folds_unchanged
development_v2_199_2026-10-06,Wu_2021:V-HCF08,Wu_2021,Wu_2021,10.1016/j.ijfatigue.2021.106317,10.1016/j.ijfatigue.2021.106317,"Wu et al. 2021, Table 4, PDF p. 7",first exposure,source_table_exact,uniaxial,22.5,0.1,10000000,0,>,Vertical,Ground and polished,Block stress relief: 300 C / 2 h; natural aging ~2 weeks,,,85,,,development,existing_exact_core_E0_folds_unchanged
development_v2_199_2026-10-06,Wu_2021:V-HCF16,Wu_2021,Wu_2021,10.1016/j.ijfatigue.2021.106317,10.1016/j.ijfatigue.2021.106317,"Wu et al. 2021, Table 4, PDF p. 7",first exposure,source_table_exact,uniaxial,22.5,0.1,10000000,0,>,Vertical,Ground and polished,Block stress relief: 300 C / 2 h; natural aging ~2 weeks,,,85,,,development,existing_exact_core_E0_folds_unchanged
development_v2_199_2026-10-06,Romano_2018:1,Romano_2018,Romano_2018,10.1016/j.engfracmech.2017.11.002,10.1016/j.cma.2023.116521,"Tognan Tables 1-2, PDF pp. 4-5",first exposure,source_table_exact,uniaxial,147.7,-1,46255,1,=,,"Machined; campaign Ra=0.33 µm, Rz=2.99 µm (Romano Section 2.4)",No final heat treatment (Romano Section 2.1),,,,,,development,existing_exact_core_E0_folds_unchanged;frequency_0_in_core_treated_missing
development_v2_199_2026-10-06,Romano_2018:2,Romano_2018,Romano_2018,10.1016/j.engfracmech.2017.11.002,10.1016/j.cma.2023.116521,"Tognan Tables 1-2, PDF pp. 4-5",first exposure,source_table_exact,uniaxial,200,-1,474,1,=,,"Machined; campaign Ra=0.33 µm, Rz=2.99 µm (Romano Section 2.4)",No final heat treatment (Romano Section 2.1),,,,,,development,existing_exact_core_E0_folds_unchanged;frequency_0_in_core_treated_missing
development_v2_199_2026-10-06,Romano_2018:3,Romano_2018,Romano_2018,10.1016/j.engfracmech.2017.11.002,10.1016/j.cma.2023.116521,"Tognan Tables 1-2, PDF pp. 4-5",first exposure,source_table_exact,uniaxial,110,-1,8889311,0,≥,,"Machined; campaign Ra=0.33 µm, Rz=2.99 µm (Romano Section 2.4)",No final heat treatment (Romano Section 2.1),,,,,,development,existing_exact_core_E0_folds_unchanged;frequency_0_in_core_treated_missing
development_v2_199_2026-10-06,Romano_2018:5,Romano_2018,Romano_2018,10.1016/j.engfracmech.2017.11.002,10.1016/j.cma.2023.116521,"Tognan Tables 1-2, PDF pp. 4-5",first exposure,source_table_exact,uniaxial,150.8,-1,39538,1,=,,"Machined; campaign Ra=0.33 µm, Rz=2.99 µm (Romano Section 2.4)",No final heat treatment (Romano Section 2.1),,,,,,development,existing_exact_core_E0_folds_unchanged;frequency_0_in_core_treated_missing
development_v2_199_2026-10-06,Romano_2018:6,Romano_2018,Romano_2018,10.1016/j.engfracmech.2017.11.002,10.1016/j.cma.2023.116521,"Tognan Tables 1-2, PDF pp. 4-5",first exposure,source_table_exact,uniaxial,189.15,-1,11465,1,=,,"Machined; campaign Ra=0.33 µm, Rz=2.99 µm (Romano Section 2.4)",No final heat treatment (Romano Section 2.1),,,,,,development,existing_exact_core_E0_folds_unchanged;frequency_0_in_core_treated_missing
development_v2_199_2026-10-06,Romano_2018:7,Romano_2018,Romano_2018,10.1016/j.engfracmech.2017.11.002,10.1016/j.cma.2023.116521,"Tognan Tables 1-2, PDF pp. 4-5",first exposure,source_table_exact,uniaxial,149.25,-1,19806,1,=,,"Machined; campaign Ra=0.33 µm, Rz=2.99 µm (Romano Section 2.4)",No final heat treatment (Romano Section 2.1),,,,,,development,existing_exact_core_E0_folds_unchanged;frequency_0_in_core_treated_missing
development_v2_199_2026-10-06,Romano_2018:11,Romano_2018,Romano_2018,10.1016/j.engfracmech.2017.11.002,10.1016/j.cma.2023.116521,"Tognan Tables 1-2, PDF pp. 4-5",first exposure,source_table_exact,uniaxial,90,-1,237485,1,=,,"Machined; campaign Ra=0.33 µm, Rz=2.99 µm (Romano Section 2.4)",No final heat treatment (Romano Section 2.1),,,,,,development,existing_exact_core_E0_folds_unchanged;frequency_0_in_core_treated_missing
development_v2_199_2026-10-06,Chen_2024:Chen2024-L40-T3-r01,Chen_2024,Chen_2024,10.1016/j.ijfatigue.2024.108163,10.1016/j.ijfatigue.2024.108163,"Table 3, PDF p. 7",first exposure,source_table_exact,uniaxial,99,0.1,63822,1,=,Vertical,"machined and ground, Ra approximately 0.3 µm",No heat treatment reported; as fabricated then machined/ground,,,20,,,development,existing_exact_core_E0_folds_unchanged
development_v2_199_2026-10-06,Chen_2024:Chen2024-L40-T3-r02,Chen_2024,Chen_2024,10.1016/j.ijfatigue.2024.108163,10.1016/j.ijfatigue.2024.108163,"Table 3, PDF p. 7",first exposure,source_table_exact,uniaxial,90,0.1,60097,1,=,Vertical,"machined and ground, Ra approximately 0.3 µm",No heat treatment reported; as fabricated then machined/ground,,,20,,,development,existing_exact_core_E0_folds_unchanged
development_v2_199_2026-10-06,Chen_2024:Chen2024-L40-T3-r03,Chen_2024,Chen_2024,10.1016/j.ijfatigue.2024.108163,10.1016/j.ijfatigue.2024.108163,"Table 3, PDF p. 7",first exposure,source_table_exact,uniaxial,90,0.1,75633,1,=,Vertical,"machined and ground, Ra approximately 0.3 µm",No heat treatment reported; as fabricated then machined/ground,,,20,,,development,existing_exact_core_E0_folds_unchanged
development_v2_199_2026-10-06,Chen_2024:Chen2024-L40-T3-r04,Chen_2024,Chen_2024,10.1016/j.ijfatigue.2024.108163,10.1016/j.ijfatigue.2024.108163,"Table 3, PDF p. 7",first exposure,source_table_exact,uniaxial,81,0.1,156736,1,=,Vertical,"machined and ground, Ra approximately 0.3 µm",No heat treatment reported; as fabricated then machined/ground,,,20,,,development,existing_exact_core_E0_folds_unchanged
development_v2_199_2026-10-06,Chen_2024:Chen2024-L40-T3-r05,Chen_2024,Chen_2024,10.1016/j.ijfatigue.2024.108163,10.1016/j.ijfatigue.2024.108163,"Table 3, PDF p. 7",first exposure,source_table_exact,uniaxial,81,0.1,517360,1,=,Vertical,"machined and ground, Ra approximately 0.3 µm",No heat treatment reported; as fabricated then machined/ground,,,20,,,development,existing_exact_core_E0_folds_unchanged
development_v2_199_2026-10-06,Chen_2024:Chen2024-L40-T3-r06,Chen_2024,Chen_2024,10.1016/j.ijfatigue.2024.108163,10.1016/j.ijfatigue.2024.108163,"Table 3, PDF p. 7",first exposure,source_table_exact,uniaxial,72,0.1,222681,1,=,Vertical,"machined and ground, Ra approximately 0.3 µm",No heat treatment reported; as fabricated then machined/ground,,,20,,,development,existing_exact_core_E0_folds_unchanged
development_v2_199_2026-10-06,Chen_2024:Chen2024-L40-T3-r07,Chen_2024,Chen_2024,10.1016/j.ijfatigue.2024.108163,10.1016/j.ijfatigue.2024.108163,"Table 3, PDF p. 7",first exposure,source_table_exact,uniaxial,72,0.1,281651,1,=,Vertical,"machined and ground, Ra approximately 0.3 µm",No heat treatment reported; as fabricated then machined/ground,,,20,,,development,existing_exact_core_E0_folds_unchanged
development_v2_199_2026-10-06,Chen_2024:Chen2024-L40-T3-r08,Chen_2024,Chen_2024,10.1016/j.ijfatigue.2024.108163,10.1016/j.ijfatigue.2024.108163,"Table 3, PDF p. 7",first exposure,source_table_exact,uniaxial,72,0.1,877236,1,=,Vertical,"machined and ground, Ra approximately 0.3 µm",No heat treatment reported; as fabricated then machined/ground,,,20,,,development,existing_exact_core_E0_folds_unchanged
development_v2_199_2026-10-06,Chen_2024:Chen2024-L40-T3-r09,Chen_2024,Chen_2024,10.1016/j.ijfatigue.2024.108163,10.1016/j.ijfatigue.2024.108163,"Table 3, PDF p. 7",first exposure,source_table_exact,uniaxial,67.5,0.1,2048262,1,=,Vertical,"machined and ground, Ra approximately 0.3 µm",No heat treatment reported; as fabricated then machined/ground,,,20,,,development,existing_exact_core_E0_folds_unchanged
development_v2_199_2026-10-06,Chen_2024:Chen2024-L10-T4-r01,Chen_2024,Chen_2024,10.1016/j.ijfatigue.2024.108163,10.1016/j.ijfatigue.2024.108163,"Table 4, PDF p. 7",first exposure,source_table_exact,uniaxial,99,0.1,87308,1,=,Vertical,"machined and ground, Ra approximately 0.3 µm",No heat treatment reported; as fabricated then machined/ground,,,20,,,development,existing_exact_core_E0_folds_unchanged
development_v2_199_2026-10-06,Chen_2024:Chen2024-L10-T4-r02,Chen_2024,Chen_2024,10.1016/j.ijfatigue.2024.108163,10.1016/j.ijfatigue.2024.108163,"Table 4, PDF p. 7",first exposure,source_table_exact,uniaxial,99,0.1,147947,1,=,Vertical,"machined and ground, Ra approximately 0.3 µm",No heat treatment reported; as fabricated then machined/ground,,,20,,,development,existing_exact_core_E0_folds_unchanged
development_v2_199_2026-10-06,Chen_2024:Chen2024-L10-T4-r03,Chen_2024,Chen_2024,10.1016/j.ijfatigue.2024.108163,10.1016/j.ijfatigue.2024.108163,"Table 4, PDF p. 7",first exposure,source_table_exact,uniaxial,90,0.1,105828,1,=,Vertical,"machined and ground, Ra approximately 0.3 µm",No heat treatment reported; as fabricated then machined/ground,,,20,,,development,existing_exact_core_E0_folds_unchanged
development_v2_199_2026-10-06,Chen_2024:Chen2024-L10-T4-r04,Chen_2024,Chen_2024,10.1016/j.ijfatigue.2024.108163,10.1016/j.ijfatigue.2024.108163,"Table 4, PDF p. 7",first exposure,source_table_exact,uniaxial,90,0.1,170290,1,=,Vertical,"machined and ground, Ra approximately 0.3 µm",No heat treatment reported; as fabricated then machined/ground,,,20,,,development,existing_exact_core_E0_folds_unchanged
development_v2_199_2026-10-06,Chen_2024:Chen2024-L10-T4-r05,Chen_2024,Chen_2024,10.1016/j.ijfatigue.2024.108163,10.1016/j.ijfatigue.2024.108163,"Table 4, PDF p. 7",first exposure,source_table_exact,uniaxial,85.5,0.1,151981,1,=,Vertical,"machined and ground, Ra approximately 0.3 µm",No heat treatment reported; as fabricated then machined/ground,,,20,,,development,existing_exact_core_E0_folds_unchanged
development_v2_199_2026-10-06,Chen_2024:Chen2024-L10-T4-r06,Chen_2024,Chen_2024,10.1016/j.ijfatigue.2024.108163,10.1016/j.ijfatigue.2024.108163,"Table 4, PDF p. 7",first exposure,source_table_exact,uniaxial,85.5,0.1,370279,1,=,Vertical,"machined and ground, Ra approximately 0.3 µm",No heat treatment reported; as fabricated then machined/ground,,,20,,,development,existing_exact_core_E0_folds_unchanged
development_v2_199_2026-10-06,Chen_2024:Chen2024-L10-T4-r07,Chen_2024,Chen_2024,10.1016/j.ijfatigue.2024.108163,10.1016/j.ijfatigue.2024.108163,"Table 4, PDF p. 7",first exposure,source_table_exact,uniaxial,81,0.1,152516,1,=,Vertical,"machined and ground, Ra approximately 0.3 µm",No heat treatment reported; as fabricated then machined/ground,,,20,,,development,existing_exact_core_E0_folds_unchanged
development_v2_199_2026-10-06,Chen_2024:Chen2024-L10-T4-r08,Chen_2024,Chen_2024,10.1016/j.ijfatigue.2024.108163,10.1016/j.ijfatigue.2024.108163,"Table 4, PDF p. 7",first exposure,source_table_exact,uniaxial,81,0.1,2038520,1,=,Vertical,"machined and ground, Ra approximately 0.3 µm",No heat treatment reported; as fabricated then machined/ground,,,20,,,development,existing_exact_core_E0_folds_unchanged
development_v2_199_2026-10-06,Chen_2024:Chen2024-L10-T4-r09,Chen_2024,Chen_2024,10.1016/j.ijfatigue.2024.108163,10.1016/j.ijfatigue.2024.108163,"Table 4, PDF p. 7",first exposure,source_table_exact,uniaxial,72,0.1,188948,1,=,Vertical,"machined and ground, Ra approximately 0.3 µm",No heat treatment reported; as fabricated then machined/ground,,,20,,,development,existing_exact_core_E0_folds_unchanged
development_v2_199_2026-10-06,Matusu2026_71_3,Matusu_2026,Matusu_2026_Eckart_CLM2,10.1016/j.rineng.2026.112570,10.1016/j.rineng.2026.112570,Zenodo workbook Data_Fatigue_Life_Only.xlsx; sheet 71; Excel row 2; original specimen ID 3,first exposure,source_workbook_exact,uniaxial,90,0.1,14235,1,=,Upright,machined,NoHT,CLM2,Eckart_virgin,,90,120,development_extension,one_2026_publication_three_platform_families;exclude_retest_and_XX;cross_paper_reanalysis_never_additive
development_v2_199_2026-10-06,Matusu2026_71_4,Matusu_2026,Matusu_2026_Eckart_CLM2,10.1016/j.rineng.2026.112570,10.1016/j.rineng.2026.112570,Zenodo workbook Data_Fatigue_Life_Only.xlsx; sheet 71; Excel row 3; original specimen ID 4,first exposure,source_workbook_exact,uniaxial,80,0.1,14529,1,=,Upright,machined,NoHT,CLM2,Eckart_virgin,,90,120,development_extension,one_2026_publication_three_platform_families;exclude_retest_and_XX;cross_paper_reanalysis_never_additive
development_v2_199_2026-10-06,Matusu2026_71_11,Matusu_2026,Matusu_2026_Eckart_CLM2,10.1016/j.rineng.2026.112570,10.1016/j.rineng.2026.112570,Zenodo workbook Data_Fatigue_Life_Only.xlsx; sheet 71; Excel row 4; original specimen ID 11,first exposure,source_workbook_exact,uniaxial,70,0.1,49429,1,=,Upright,machined,NoHT,CLM2,Eckart_virgin,,90,120,development_extension,one_2026_publication_three_platform_families;exclude_retest_and_XX;cross_paper_reanalysis_never_additive
development_v2_199_2026-10-06,Matusu2026_71_12,Matusu_2026,Matusu_2026_Eckart_CLM2,10.1016/j.rineng.2026.112570,10.1016/j.rineng.2026.112570,Zenodo workbook Data_Fatigue_Life_Only.xlsx; sheet 71; Excel row 5; original specimen ID 12,first exposure,source_workbook_exact,uniaxial,50,0.1,158859,1,=,Upright,machined,NoHT,CLM2,Eckart_virgin,,90,120,development_extension,one_2026_publication_three_platform_families;exclude_retest_and_XX;cross_paper_reanalysis_never_additive
development_v2_199_2026-10-06,Matusu2026_71_16,Matusu_2026,Matusu_2026_Eckart_CLM2,10.1016/j.rineng.2026.112570,10.1016/j.rineng.2026.112570,Zenodo workbook Data_Fatigue_Life_Only.xlsx; sheet 71; Excel row 6; original specimen ID 16,first exposure,source_workbook_exact,uniaxial,40,0.1,484293,1,=,Upright,machined,NoHT,CLM2,Eckart_virgin,,90,120,development_extension,one_2026_publication_three_platform_families;exclude_retest_and_XX;cross_paper_reanalysis_never_additive
development_v2_199_2026-10-06,Matusu2026_71_19,Matusu_2026,Matusu_2026_Eckart_CLM2,10.1016/j.rineng.2026.112570,10.1016/j.rineng.2026.112570,Zenodo workbook Data_Fatigue_Life_Only.xlsx; sheet 71; Excel row 7; original specimen ID 19,first exposure,source_workbook_exact,uniaxial,40,0.1,491852,1,=,Upright,machined,NoHT,CLM2,Eckart_virgin,,90,120,development_extension,one_2026_publication_three_platform_families;exclude_retest_and_XX;cross_paper_reanalysis_never_additive
development_v2_199_2026-10-06,Matusu2026_71_32,Matusu_2026,Matusu_2026_Eckart_CLM2,10.1016/j.rineng.2026.112570,10.1016/j.rineng.2026.112570,Zenodo workbook Data_Fatigue_Life_Only.xlsx; sheet 71; Excel row 8; original specimen ID 32,first exposure,source_workbook_exact,uniaxial,60,0.1,86044,1,=,Upright,machined,NoHT,CLM2,Eckart_virgin,,90,120,development_extension,one_2026_publication_three_platform_families;exclude_retest_and_XX;cross_paper_reanalysis_never_additive
development_v2_199_2026-10-06,Matusu2026_71_33,Matusu_2026,Matusu_2026_Eckart_CLM2,10.1016/j.rineng.2026.112570,10.1016/j.rineng.2026.112570,Zenodo workbook Data_Fatigue_Life_Only.xlsx; sheet 71; Excel row 9; original specimen ID 33,first exposure,source_workbook_exact,uniaxial,35,0.1,1054593,1,=,Upright,machined,NoHT,CLM2,Eckart_virgin,,90,120,development_extension,one_2026_publication_three_platform_families;exclude_retest_and_XX;cross_paper_reanalysis_never_additive
development_v2_199_2026-10-06,Matusu2026_71_42,Matusu_2026,Matusu_2026_Eckart_CLM2,10.1016/j.rineng.2026.112570,10.1016/j.rineng.2026.112570,Zenodo workbook Data_Fatigue_Life_Only.xlsx; sheet 71; Excel row 10; original specimen ID 42,first exposure,source_workbook_exact,uniaxial,45,0.1,219886,1,=,Upright,machined,NoHT,CLM2,Eckart_virgin,,90,120,development_extension,one_2026_publication_three_platform_families;exclude_retest_and_XX;cross_paper_reanalysis_never_additive
development_v2_199_2026-10-06,Matusu2026_71_51,Matusu_2026,Matusu_2026_Eckart_CLM2,10.1016/j.rineng.2026.112570,10.1016/j.rineng.2026.112570,Zenodo workbook Data_Fatigue_Life_Only.xlsx; sheet 71; Excel row 11; original specimen ID 51,first exposure,source_workbook_exact,uniaxial,30,0.1,10000000,0,>=,Upright,machined,NoHT,CLM2,Eckart_virgin,,90,120,development_extension,one_2026_publication_three_platform_families;exclude_retest_and_XX;cross_paper_reanalysis_never_additive
development_v2_199_2026-10-06,Matusu2026_71_52,Matusu_2026,Matusu_2026_Eckart_CLM2,10.1016/j.rineng.2026.112570,10.1016/j.rineng.2026.112570,Zenodo workbook Data_Fatigue_Life_Only.xlsx; sheet 71; Excel row 13; original specimen ID 52,first exposure,source_workbook_exact,uniaxial,110,0.1,26618,1,=,Upright,machined,NoHT,CLM2,Eckart_virgin,,90,120,development_extension,one_2026_publication_three_platform_families;exclude_retest_and_XX;cross_paper_reanalysis_never_additive
development_v2_199_2026-10-06,Matusu2026_72_1,Matusu_2026,Matusu_2026_Eckart_CLM2,10.1016/j.rineng.2026.112570,10.1016/j.rineng.2026.112570,Zenodo workbook Data_Fatigue_Life_Only.xlsx; sheet 72; Excel row 2; original specimen ID 1,first exposure,source_workbook_exact,uniaxial,80,0.1,30367,1,=,Upright,machined,T240,CLM2,Eckart_virgin,,90,120,development_extension,one_2026_publication_three_platform_families;exclude_retest_and_XX;cross_paper_reanalysis_never_additive
development_v2_199_2026-10-06,Matusu2026_72_2,Matusu_2026,Matusu_2026_Eckart_CLM2,10.1016/j.rineng.2026.112570,10.1016/j.rineng.2026.112570,Zenodo workbook Data_Fatigue_Life_Only.xlsx; sheet 72; Excel row 3; original specimen ID 2,first exposure,source_workbook_exact,uniaxial,90,0.1,23362,1,=,Upright,machined,T240,CLM2,Eckart_virgin,,90,120,development_extension,one_2026_publication_three_platform_families;exclude_retest_and_XX;cross_paper_reanalysis_never_additive
development_v2_199_2026-10-06,Matusu2026_72_9,Matusu_2026,Matusu_2026_Eckart_CLM2,10.1016/j.rineng.2026.112570,10.1016/j.rineng.2026.112570,Zenodo workbook Data_Fatigue_Life_Only.xlsx; sheet 72; Excel row 4; original specimen ID 9,first exposure,source_workbook_exact,uniaxial,70,0.1,69858,1,=,Upright,machined,T240,CLM2,Eckart_virgin,,90,120,development_extension,one_2026_publication_three_platform_families;exclude_retest_and_XX;cross_paper_reanalysis_never_additive
development_v2_199_2026-10-06,Matusu2026_72_10,Matusu_2026,Matusu_2026_Eckart_CLM2,10.1016/j.rineng.2026.112570,10.1016/j.rineng.2026.112570,Zenodo workbook Data_Fatigue_Life_Only.xlsx; sheet 72; Excel row 5; original specimen ID 10,first exposure,source_workbook_exact,uniaxial,60,0.1,127401,1,=,Upright,machined,T240,CLM2,Eckart_virgin,,90,120,development_extension,one_2026_publication_three_platform_families;exclude_retest_and_XX;cross_paper_reanalysis_never_additive
development_v2_199_2026-10-06,Matusu2026_72_17,Matusu_2026,Matusu_2026_Eckart_CLM2,10.1016/j.rineng.2026.112570,10.1016/j.rineng.2026.112570,Zenodo workbook Data_Fatigue_Life_Only.xlsx; sheet 72; Excel row 6; original specimen ID 17,first exposure,source_workbook_exact,uniaxial,50,0.1,232004,1,=,Upright,machined,T240,CLM2,Eckart_virgin,,90,120,development_extension,one_2026_publication_three_platform_families;exclude_retest_and_XX;cross_paper_reanalysis_never_additive
development_v2_199_2026-10-06,Matusu2026_72_18,Matusu_2026,Matusu_2026_Eckart_CLM2,10.1016/j.rineng.2026.112570,10.1016/j.rineng.2026.112570,Zenodo workbook Data_Fatigue_Life_Only.xlsx; sheet 72; Excel row 7; original specimen ID 18,first exposure,source_workbook_exact,uniaxial,40,0.1,10000000,0,>=,Upright,machined,T240,CLM2,Eckart_virgin,,90,120,development_extension,one_2026_publication_three_platform_families;exclude_retest_and_XX;cross_paper_reanalysis_never_additive
development_v2_199_2026-10-06,Matusu2026_72_23,Matusu_2026,Matusu_2026_Eckart_CLM2,10.1016/j.rineng.2026.112570,10.1016/j.rineng.2026.112570,Zenodo workbook Data_Fatigue_Life_Only.xlsx; sheet 72; Excel row 8; original specimen ID 23,first exposure,source_workbook_exact,uniaxial,100,0.1,9617,1,=,Upright,machined,T240,CLM2,Eckart_virgin,,90,120,development_extension,one_2026_publication_three_platform_families;exclude_retest_and_XX;cross_paper_reanalysis_never_additive
development_v2_199_2026-10-06,Matusu2026_72_24,Matusu_2026,Matusu_2026_Eckart_CLM2,10.1016/j.rineng.2026.112570,10.1016/j.rineng.2026.112570,Zenodo workbook Data_Fatigue_Life_Only.xlsx; sheet 72; Excel row 9; original specimen ID 24,first exposure,source_workbook_exact,uniaxial,110,0.1,13593,1,=,Upright,machined,T240,CLM2,Eckart_virgin,,90,120,development_extension,one_2026_publication_three_platform_families;exclude_retest_and_XX;cross_paper_reanalysis_never_additive
development_v2_199_2026-10-06,Matusu2026_72_26,Matusu_2026,Matusu_2026_Eckart_CLM2,10.1016/j.rineng.2026.112570,10.1016/j.rineng.2026.112570,Zenodo workbook Data_Fatigue_Life_Only.xlsx; sheet 72; Excel row 10; original specimen ID 26,first exposure,source_workbook_exact,uniaxial,45,0.1,10000000,0,>=,Upright,machined,T240,CLM2,Eckart_virgin,,90,120,development_extension,one_2026_publication_three_platform_families;exclude_retest_and_XX;cross_paper_reanalysis_never_additive
development_v2_199_2026-10-06,Matusu2026_72_50,Matusu_2026,Matusu_2026_Eckart_CLM2,10.1016/j.rineng.2026.112570,10.1016/j.rineng.2026.112570,Zenodo workbook Data_Fatigue_Life_Only.xlsx; sheet 72; Excel row 12; original specimen ID 50,first exposure,source_workbook_exact,uniaxial,50,0.1,223456,1,=,Upright,machined,T240,CLM2,Eckart_virgin,,90,120,development_extension,one_2026_publication_three_platform_families;exclude_retest_and_XX;cross_paper_reanalysis_never_additive
development_v2_199_2026-10-06,Matusu2026_72_53,Matusu_2026,Matusu_2026_Eckart_CLM2,10.1016/j.rineng.2026.112570,10.1016/j.rineng.2026.112570,Zenodo workbook Data_Fatigue_Life_Only.xlsx; sheet 72; Excel row 13; original specimen ID 53,first exposure,source_workbook_exact,uniaxial,47.5,0.1,10000000,0,>=,Upright,machined,T240,CLM2,Eckart_virgin,,90,120,development_extension,one_2026_publication_three_platform_families;exclude_retest_and_XX;cross_paper_reanalysis_never_additive
development_v2_199_2026-10-06,Matusu2026_73_5,Matusu_2026,Matusu_2026_Eckart_CLM2,10.1016/j.rineng.2026.112570,10.1016/j.rineng.2026.112570,Zenodo workbook Data_Fatigue_Life_Only.xlsx; sheet 73; Excel row 2; original specimen ID 5,first exposure,source_workbook_exact,uniaxial,80,0.1,28019,1,=,Upright,machined,T200,CLM2,Eckart_virgin,,90,120,development_extension,one_2026_publication_three_platform_families;exclude_retest_and_XX;cross_paper_reanalysis_never_additive
development_v2_199_2026-10-06,Matusu2026_73_6,Matusu_2026,Matusu_2026_Eckart_CLM2,10.1016/j.rineng.2026.112570,10.1016/j.rineng.2026.112570,Zenodo workbook Data_Fatigue_Life_Only.xlsx; sheet 73; Excel row 3; original specimen ID 6,first exposure,source_workbook_exact,uniaxial,90,0.1,12214,1,=,Upright,machined,T200,CLM2,Eckart_virgin,,90,120,development_extension,one_2026_publication_three_platform_families;exclude_retest_and_XX;cross_paper_reanalysis_never_additive
development_v2_199_2026-10-06,Matusu2026_73_8,Matusu_2026,Matusu_2026_Eckart_CLM2,10.1016/j.rineng.2026.112570,10.1016/j.rineng.2026.112570,Zenodo workbook Data_Fatigue_Life_Only.xlsx; sheet 73; Excel row 4; original specimen ID 8,first exposure,source_workbook_exact,uniaxial,70,0.1,24856,1,=,Upright,machined,T200,CLM2,Eckart_virgin,,90,120,development_extension,one_2026_publication_three_platform_families;exclude_retest_and_XX;cross_paper_reanalysis_never_additive
development_v2_199_2026-10-06,Matusu2026_73_14,Matusu_2026,Matusu_2026_Eckart_CLM2,10.1016/j.rineng.2026.112570,10.1016/j.rineng.2026.112570,Zenodo workbook Data_Fatigue_Life_Only.xlsx; sheet 73; Excel row 5; original specimen ID 14,first exposure,source_workbook_exact,uniaxial,60,0.1,98071,1,=,Upright,machined,T200,CLM2,Eckart_virgin,,90,120,development_extension,one_2026_publication_three_platform_families;exclude_retest_and_XX;cross_paper_reanalysis_never_additive
development_v2_199_2026-10-06,Matusu2026_73_15,Matusu_2026,Matusu_2026_Eckart_CLM2,10.1016/j.rineng.2026.112570,10.1016/j.rineng.2026.112570,Zenodo workbook Data_Fatigue_Life_Only.xlsx; sheet 73; Excel row 6; original specimen ID 15,first exposure,source_workbook_exact,uniaxial,50,0.1,77028,1,=,Upright,machined,T200,CLM2,Eckart_virgin,,90,120,development_extension,one_2026_publication_three_platform_families;exclude_retest_and_XX;cross_paper_reanalysis_never_additive
development_v2_199_2026-10-06,Matusu2026_73_21,Matusu_2026,Matusu_2026_Eckart_CLM2,10.1016/j.rineng.2026.112570,10.1016/j.rineng.2026.112570,Zenodo workbook Data_Fatigue_Life_Only.xlsx; sheet 73; Excel row 7; original specimen ID 21,first exposure,source_workbook_exact,uniaxial,45,0.1,311642,1,=,Upright,machined,T200,CLM2,Eckart_virgin,,90,120,development_extension,one_2026_publication_three_platform_families;exclude_retest_and_XX;cross_paper_reanalysis_never_additive
development_v2_199_2026-10-06,Matusu2026_73_22,Matusu_2026,Matusu_2026_Eckart_CLM2,10.1016/j.rineng.2026.112570,10.1016/j.rineng.2026.112570,Zenodo workbook Data_Fatigue_Life_Only.xlsx; sheet 73; Excel row 8; original specimen ID 22,first exposure,source_workbook_exact,uniaxial,100,0.1,10939,1,=,Upright,machined,T200,CLM2,Eckart_virgin,,90,120,development_extension,one_2026_publication_three_platform_families;exclude_retest_and_XX;cross_paper_reanalysis_never_additive
development_v2_199_2026-10-06,Matusu2026_73_31,Matusu_2026,Matusu_2026_Eckart_CLM2,10.1016/j.rineng.2026.112570,10.1016/j.rineng.2026.112570,Zenodo workbook Data_Fatigue_Life_Only.xlsx; sheet 73; Excel row 9; original specimen ID 31,first exposure,source_workbook_exact,uniaxial,40,0.1,475535,1,=,Upright,machined,T200,CLM2,Eckart_virgin,,90,120,development_extension,one_2026_publication_three_platform_families;exclude_retest_and_XX;cross_paper_reanalysis_never_additive
development_v2_199_2026-10-06,Matusu2026_73_47,Matusu_2026,Matusu_2026_Eckart_CLM2,10.1016/j.rineng.2026.112570,10.1016/j.rineng.2026.112570,Zenodo workbook Data_Fatigue_Life_Only.xlsx; sheet 73; Excel row 10; original specimen ID 47,first exposure,source_workbook_exact,uniaxial,35,0.1,10000000,0,>=,Upright,machined,T200,CLM2,Eckart_virgin,,90,120,development_extension,one_2026_publication_three_platform_families;exclude_retest_and_XX;cross_paper_reanalysis_never_additive
development_v2_199_2026-10-06,Matusu2026_73_49,Matusu_2026,Matusu_2026_Eckart_CLM2,10.1016/j.rineng.2026.112570,10.1016/j.rineng.2026.112570,Zenodo workbook Data_Fatigue_Life_Only.xlsx; sheet 73; Excel row 11; original specimen ID 49,first exposure,source_workbook_exact,uniaxial,37.5,0.1,601563,1,=,Upright,machined,T200,CLM2,Eckart_virgin,,90,120,development_extension,one_2026_publication_three_platform_families;exclude_retest_and_XX;cross_paper_reanalysis_never_additive
development_v2_199_2026-10-06,Matusu2026_73_54,Matusu_2026,Matusu_2026_Eckart_CLM2,10.1016/j.rineng.2026.112570,10.1016/j.rineng.2026.112570,Zenodo workbook Data_Fatigue_Life_Only.xlsx; sheet 73; Excel row 12; original specimen ID 54,first exposure,source_workbook_exact,uniaxial,35,0.1,10000000,0,>=,Upright,machined,T200,CLM2,Eckart_virgin,,90,120,development_extension,one_2026_publication_three_platform_families;exclude_retest_and_XX;cross_paper_reanalysis_never_additive
development_v2_199_2026-10-06,Matusu2026_74_7,Matusu_2026,Matusu_2026_Eckart_CLM2,10.1016/j.rineng.2026.112570,10.1016/j.rineng.2026.112570,Zenodo workbook Data_Fatigue_Life_Only.xlsx; sheet 74; Excel row 2; original specimen ID 7,first exposure,source_workbook_exact,uniaxial,100,0.1,6649,1,=,Upright,machined,T300,CLM2,Eckart_virgin,,90,120,development_extension,one_2026_publication_three_platform_families;exclude_retest_and_XX;cross_paper_reanalysis_never_additive
development_v2_199_2026-10-06,Matusu2026_74_13,Matusu_2026,Matusu_2026_Eckart_CLM2,10.1016/j.rineng.2026.112570,10.1016/j.rineng.2026.112570,Zenodo workbook Data_Fatigue_Life_Only.xlsx; sheet 74; Excel row 3; original specimen ID 13,first exposure,source_workbook_exact,uniaxial,80,0.1,55711,1,=,Upright,machined,T300,CLM2,Eckart_virgin,,90,120,development_extension,one_2026_publication_three_platform_families;exclude_retest_and_XX;cross_paper_reanalysis_never_additive
development_v2_199_2026-10-06,Matusu2026_74_20,Matusu_2026,Matusu_2026_Eckart_CLM2,10.1016/j.rineng.2026.112570,10.1016/j.rineng.2026.112570,Zenodo workbook Data_Fatigue_Life_Only.xlsx; sheet 74; Excel row 4; original specimen ID 20,first exposure,source_workbook_exact,uniaxial,70,0.1,91969,1,=,Upright,machined,T300,CLM2,Eckart_virgin,,90,120,development_extension,one_2026_publication_three_platform_families;exclude_retest_and_XX;cross_paper_reanalysis_never_additive
development_v2_199_2026-10-06,Matusu2026_74_25,Matusu_2026,Matusu_2026_Eckart_CLM2,10.1016/j.rineng.2026.112570,10.1016/j.rineng.2026.112570,Zenodo workbook Data_Fatigue_Life_Only.xlsx; sheet 74; Excel row 5; original specimen ID 25,first exposure,source_workbook_exact,uniaxial,60,0.1,140010,1,=,Upright,machined,T300,CLM2,Eckart_virgin,,90,120,development_extension,one_2026_publication_three_platform_families;exclude_retest_and_XX;cross_paper_reanalysis_never_additive
development_v2_199_2026-10-06,Matusu2026_74_38,Matusu_2026,Matusu_2026_Eckart_CLM2,10.1016/j.rineng.2026.112570,10.1016/j.rineng.2026.112570,Zenodo workbook Data_Fatigue_Life_Only.xlsx; sheet 74; Excel row 6; original specimen ID 38,first exposure,source_workbook_exact,uniaxial,50,0.1,272354,1,=,Upright,machined,T300,CLM2,Eckart_virgin,,90,120,development_extension,one_2026_publication_three_platform_families;exclude_retest_and_XX;cross_paper_reanalysis_never_additive
development_v2_199_2026-10-06,Matusu2026_74_39,Matusu_2026,Matusu_2026_Eckart_CLM2,10.1016/j.rineng.2026.112570,10.1016/j.rineng.2026.112570,Zenodo workbook Data_Fatigue_Life_Only.xlsx; sheet 74; Excel row 7; original specimen ID 39,first exposure,source_workbook_exact,uniaxial,90,0.1,59929,1,=,Upright,machined,T300,CLM2,Eckart_virgin,,90,120,development_extension,one_2026_publication_three_platform_families;exclude_retest_and_XX;cross_paper_reanalysis_never_additive
development_v2_199_2026-10-06,Matusu2026_74_40,Matusu_2026,Matusu_2026_Eckart_CLM2,10.1016/j.rineng.2026.112570,10.1016/j.rineng.2026.112570,Zenodo workbook Data_Fatigue_Life_Only.xlsx; sheet 74; Excel row 8; original specimen ID 40,first exposure,source_workbook_exact,uniaxial,110,0.1,10852,1,=,Upright,machined,T300,CLM2,Eckart_virgin,,90,120,development_extension,one_2026_publication_three_platform_families;exclude_retest_and_XX;cross_paper_reanalysis_never_additive
development_v2_199_2026-10-06,Matusu2026_74_41,Matusu_2026,Matusu_2026_Eckart_CLM2,10.1016/j.rineng.2026.112570,10.1016/j.rineng.2026.112570,Zenodo workbook Data_Fatigue_Life_Only.xlsx; sheet 74; Excel row 9; original specimen ID 41,first exposure,source_workbook_exact,uniaxial,125,0.1,9266,1,=,Upright,machined,T300,CLM2,Eckart_virgin,,90,120,development_extension,one_2026_publication_three_platform_families;exclude_retest_and_XX;cross_paper_reanalysis_never_additive
development_v2_199_2026-10-06,Matusu2026_74_48,Matusu_2026,Matusu_2026_Eckart_CLM2,10.1016/j.rineng.2026.112570,10.1016/j.rineng.2026.112570,Zenodo workbook Data_Fatigue_Life_Only.xlsx; sheet 74; Excel row 10; original specimen ID 48,first exposure,source_workbook_exact,uniaxial,40,0.1,775016,1,=,Upright,machined,T300,CLM2,Eckart_virgin,,90,120,development_extension,one_2026_publication_three_platform_families;exclude_retest_and_XX;cross_paper_reanalysis_never_additive
development_v2_199_2026-10-06,Matusu2026_74_55,Matusu_2026,Matusu_2026_Eckart_CLM2,10.1016/j.rineng.2026.112570,10.1016/j.rineng.2026.112570,Zenodo workbook Data_Fatigue_Life_Only.xlsx; sheet 74; Excel row 11; original specimen ID 55,first exposure,source_workbook_exact,uniaxial,30,0.1,10000000,0,>=,Upright,machined,T300,CLM2,Eckart_virgin,,90,120,development_extension,one_2026_publication_three_platform_families;exclude_retest_and_XX;cross_paper_reanalysis_never_additive
development_v2_199_2026-10-06,Matusu2026_74_56,Matusu_2026,Matusu_2026_Eckart_CLM2,10.1016/j.rineng.2026.112570,10.1016/j.rineng.2026.112570,Zenodo workbook Data_Fatigue_Life_Only.xlsx; sheet 74; Excel row 13; original specimen ID 56,first exposure,source_workbook_exact,uniaxial,35,0.1,10000000,0,>=,Upright,machined,T300,CLM2,Eckart_virgin,,90,120,development_extension,one_2026_publication_three_platform_families;exclude_retest_and_XX;cross_paper_reanalysis_never_additive
development_v2_199_2026-10-06,Matusu2026_91_1,Matusu_2026,Matusu_2026_GE_virgin_CLM2,10.1016/j.rineng.2026.112570,10.1016/j.rineng.2026.112570,Zenodo workbook Data_Fatigue_Life_Only.xlsx; sheet 91; Excel row 2; original specimen ID 1,first exposure,source_workbook_exact,uniaxial,55,0.1,1208680,1,=,Upright,as_built,NoHT,CLM2,GE_virgin,,90,120,development_extension,one_2026_publication_three_platform_families;exclude_retest_and_XX;cross_paper_reanalysis_never_additive
development_v2_199_2026-10-06,Matusu2026_91_3,Matusu_2026,Matusu_2026_GE_virgin_CLM2,10.1016/j.rineng.2026.112570,10.1016/j.rineng.2026.112570,Zenodo workbook Data_Fatigue_Life_Only.xlsx; sheet 91; Excel row 3; original specimen ID 3,first exposure,source_workbook_exact,uniaxial,130,0.1,11805,1,=,Upright,as_built,NoHT,CLM2,GE_virgin,,90,120,development_extension,one_2026_publication_three_platform_families;exclude_retest_and_XX;cross_paper_reanalysis_never_additive
development_v2_199_2026-10-06,Matusu2026_91_5,Matusu_2026,Matusu_2026_GE_virgin_CLM2,10.1016/j.rineng.2026.112570,10.1016/j.rineng.2026.112570,Zenodo workbook Data_Fatigue_Life_Only.xlsx; sheet 91; Excel row 4; original specimen ID 5,first exposure,source_workbook_exact,uniaxial,45,0.1,10000000,0,>=,Upright,as_built,NoHT,CLM2,GE_virgin,,90,120,development_extension,one_2026_publication_three_platform_families;exclude_retest_and_XX;cross_paper_reanalysis_never_additive
development_v2_199_2026-10-06,Matusu2026_91_9,Matusu_2026,Matusu_2026_GE_virgin_CLM2,10.1016/j.rineng.2026.112570,10.1016/j.rineng.2026.112570,Zenodo workbook Data_Fatigue_Life_Only.xlsx; sheet 91; Excel row 6; original specimen ID 9,first exposure,source_workbook_exact,uniaxial,120,0.1,18444,1,=,Upright,as_built,NoHT,CLM2,GE_virgin,,90,120,development_extension,one_2026_publication_three_platform_families;exclude_retest_and_XX;cross_paper_reanalysis_never_additive
development_v2_199_2026-10-06,Matusu2026_91_11,Matusu_2026,Matusu_2026_GE_virgin_CLM2,10.1016/j.rineng.2026.112570,10.1016/j.rineng.2026.112570,Zenodo workbook Data_Fatigue_Life_Only.xlsx; sheet 91; Excel row 7; original specimen ID 11,first exposure,source_workbook_exact,uniaxial,40,0.1,6135320,1,=,Upright,as_built,NoHT,CLM2,GE_virgin,,90,120,development_extension,one_2026_publication_three_platform_families;exclude_retest_and_XX;cross_paper_reanalysis_never_additive
development_v2_199_2026-10-06,Matusu2026_91_13,Matusu_2026,Matusu_2026_GE_virgin_CLM2,10.1016/j.rineng.2026.112570,10.1016/j.rineng.2026.112570,Zenodo workbook Data_Fatigue_Life_Only.xlsx; sheet 91; Excel row 8; original specimen ID 13,first exposure,source_workbook_exact,uniaxial,60,0.1,581183,1,=,Upright,as_built,NoHT,CLM2,GE_virgin,,90,120,development_extension,one_2026_publication_three_platform_families;exclude_retest_and_XX;cross_paper_reanalysis_never_additive
development_v2_199_2026-10-06,Matusu2026_91_18,Matusu_2026,Matusu_2026_GE_virgin_CLM2,10.1016/j.rineng.2026.112570,10.1016/j.rineng.2026.112570,Zenodo workbook Data_Fatigue_Life_Only.xlsx; sheet 91; Excel row 9; original specimen ID 18,first exposure,source_workbook_exact,uniaxial,90,0.1,59130,1,=,Upright,as_built,NoHT,CLM2,GE_virgin,,90,120,development_extension,one_2026_publication_three_platform_families;exclude_retest_and_XX;cross_paper_reanalysis_never_additive
development_v2_199_2026-10-06,Matusu2026_91_19,Matusu_2026,Matusu_2026_GE_virgin_CLM2,10.1016/j.rineng.2026.112570,10.1016/j.rineng.2026.112570,Zenodo workbook Data_Fatigue_Life_Only.xlsx; sheet 91; Excel row 10; original specimen ID 19,first exposure,source_workbook_exact,uniaxial,100,0.1,49877,1,=,Upright,as_built,NoHT,CLM2,GE_virgin,,90,120,development_extension,one_2026_publication_three_platform_families;exclude_retest_and_XX;cross_paper_reanalysis_never_additive
development_v2_199_2026-10-06,Matusu2026_91_20,Matusu_2026,Matusu_2026_GE_virgin_CLM2,10.1016/j.rineng.2026.112570,10.1016/j.rineng.2026.112570,Zenodo workbook Data_Fatigue_Life_Only.xlsx; sheet 91; Excel row 11; original specimen ID 20,first exposure,source_workbook_exact,uniaxial,110,0.1,25541,1,=,Upright,as_built,NoHT,CLM2,GE_virgin,,90,120,development_extension,one_2026_publication_three_platform_families;exclude_retest_and_XX;cross_paper_reanalysis_never_additive
development_v2_199_2026-10-06,Matusu2026_91_21,Matusu_2026,Matusu_2026_GE_virgin_CLM2,10.1016/j.rineng.2026.112570,10.1016/j.rineng.2026.112570,Zenodo workbook Data_Fatigue_Life_Only.xlsx; sheet 91; Excel row 12; original specimen ID 21,first exposure,source_workbook_exact,uniaxial,50,0.1,10000000,0,>=,Upright,as_built,NoHT,CLM2,GE_virgin,,90,120,development_extension,one_2026_publication_three_platform_families;exclude_retest_and_XX;cross_paper_reanalysis_never_additive
development_v2_199_2026-10-06,Matusu2026_91_27,Matusu_2026,Matusu_2026_GE_virgin_CLM2,10.1016/j.rineng.2026.112570,10.1016/j.rineng.2026.112570,Zenodo workbook Data_Fatigue_Life_Only.xlsx; sheet 91; Excel row 14; original specimen ID 27,first exposure,source_workbook_exact,uniaxial,140,0.1,10328,1,=,Upright,as_built,NoHT,CLM2,GE_virgin,,90,120,development_extension,one_2026_publication_three_platform_families;exclude_retest_and_XX;cross_paper_reanalysis_never_additive
development_v2_199_2026-10-06,Matusu2026_91_30,Matusu_2026,Matusu_2026_GE_virgin_CLM2,10.1016/j.rineng.2026.112570,10.1016/j.rineng.2026.112570,Zenodo workbook Data_Fatigue_Life_Only.xlsx; sheet 91; Excel row 15; original specimen ID 30,first exposure,source_workbook_exact,uniaxial,70,0.1,204372,1,=,Upright,as_built,NoHT,CLM2,GE_virgin,,90,120,development_extension,one_2026_publication_three_platform_families;exclude_retest_and_XX;cross_paper_reanalysis_never_additive
development_v2_199_2026-10-06,Matusu2026_91_33,Matusu_2026,Matusu_2026_GE_virgin_CLM2,10.1016/j.rineng.2026.112570,10.1016/j.rineng.2026.112570,Zenodo workbook Data_Fatigue_Life_Only.xlsx; sheet 91; Excel row 16; original specimen ID 33,first exposure,source_workbook_exact,uniaxial,80,0.1,66568,1,=,Upright,as_built,NoHT,CLM2,GE_virgin,,90,120,development_extension,one_2026_publication_three_platform_families;exclude_retest_and_XX;cross_paper_reanalysis_never_additive
development_v2_199_2026-10-06,Matusu2026_91_34,Matusu_2026,Matusu_2026_GE_virgin_CLM2,10.1016/j.rineng.2026.112570,10.1016/j.rineng.2026.112570,Zenodo workbook Data_Fatigue_Life_Only.xlsx; sheet 91; Excel row 17; original specimen ID 34,first exposure,source_workbook_exact,uniaxial,140,0.1,9169,1,=,Upright,as_built,NoHT,CLM2,GE_virgin,,90,120,development_extension,one_2026_publication_three_platform_families;exclude_retest_and_XX;cross_paper_reanalysis_never_additive
development_v2_199_2026-10-06,Matusu2026_91_36,Matusu_2026,Matusu_2026_GE_virgin_CLM2,10.1016/j.rineng.2026.112570,10.1016/j.rineng.2026.112570,Zenodo workbook Data_Fatigue_Life_Only.xlsx; sheet 91; Excel row 18; original specimen ID 36,first exposure,source_workbook_exact,uniaxial,50,0.1,272475,1,=,Upright,as_built,NoHT,CLM2,GE_virgin,,90,120,development_extension,one_2026_publication_three_platform_families;exclude_retest_and_XX;cross_paper_reanalysis_never_additive
development_v2_199_2026-10-06,Matusu2026_92_2,Matusu_2026,Matusu_2026_GE_virgin_CLM2,10.1016/j.rineng.2026.112570,10.1016/j.rineng.2026.112570,Zenodo workbook Data_Fatigue_Life_Only.xlsx; sheet 92; Excel row 2; original specimen ID 2,first exposure,source_workbook_exact,uniaxial,90,0.1,70339,1,=,Upright,as_built,T240,CLM2,GE_virgin,,90,120,development_extension,one_2026_publication_three_platform_families;exclude_retest_and_XX;cross_paper_reanalysis_never_additive
development_v2_199_2026-10-06,Matusu2026_92_4,Matusu_2026,Matusu_2026_GE_virgin_CLM2,10.1016/j.rineng.2026.112570,10.1016/j.rineng.2026.112570,Zenodo workbook Data_Fatigue_Life_Only.xlsx; sheet 92; Excel row 3; original specimen ID 4,first exposure,source_workbook_exact,uniaxial,70,0.1,187661,1,=,Upright,as_built,T240,CLM2,GE_virgin,,90,120,development_extension,one_2026_publication_three_platform_families;exclude_retest_and_XX;cross_paper_reanalysis_never_additive
development_v2_199_2026-10-06,Matusu2026_92_7,Matusu_2026,Matusu_2026_GE_virgin_CLM2,10.1016/j.rineng.2026.112570,10.1016/j.rineng.2026.112570,Zenodo workbook Data_Fatigue_Life_Only.xlsx; sheet 92; Excel row 4; original specimen ID 7,first exposure,source_workbook_exact,uniaxial,150,0.1,4795,1,=,Upright,as_built,T240,CLM2,GE_virgin,,90,120,development_extension,one_2026_publication_three_platform_families;exclude_retest_and_XX;cross_paper_reanalysis_never_additive
development_v2_199_2026-10-06,Matusu2026_92_8,Matusu_2026,Matusu_2026_GE_virgin_CLM2,10.1016/j.rineng.2026.112570,10.1016/j.rineng.2026.112570,Zenodo workbook Data_Fatigue_Life_Only.xlsx; sheet 92; Excel row 5; original specimen ID 8,first exposure,source_workbook_exact,uniaxial,130,0.1,14069,1,=,Upright,as_built,T240,CLM2,GE_virgin,,90,120,development_extension,one_2026_publication_three_platform_families;exclude_retest_and_XX;cross_paper_reanalysis_never_additive
development_v2_199_2026-10-06,Matusu2026_92_14,Matusu_2026,Matusu_2026_GE_virgin_CLM2,10.1016/j.rineng.2026.112570,10.1016/j.rineng.2026.112570,Zenodo workbook Data_Fatigue_Life_Only.xlsx; sheet 92; Excel row 6; original specimen ID 14,first exposure,source_workbook_exact,uniaxial,80,0.1,84752,1,=,Upright,as_built,T240,CLM2,GE_virgin,,90,120,development_extension,one_2026_publication_three_platform_families;exclude_retest_and_XX;cross_paper_reanalysis_never_additive
development_v2_199_2026-10-06,Matusu2026_92_15,Matusu_2026,Matusu_2026_GE_virgin_CLM2,10.1016/j.rineng.2026.112570,10.1016/j.rineng.2026.112570,Zenodo workbook Data_Fatigue_Life_Only.xlsx; sheet 92; Excel row 7; original specimen ID 15,first exposure,source_workbook_exact,uniaxial,100,0.1,39384,1,=,Upright,as_built,T240,CLM2,GE_virgin,,90,120,development_extension,one_2026_publication_three_platform_families;exclude_retest_and_XX;cross_paper_reanalysis_never_additive
development_v2_199_2026-10-06,Matusu2026_92_16,Matusu_2026,Matusu_2026_GE_virgin_CLM2,10.1016/j.rineng.2026.112570,10.1016/j.rineng.2026.112570,Zenodo workbook Data_Fatigue_Life_Only.xlsx; sheet 92; Excel row 8; original specimen ID 16,first exposure,source_workbook_exact,uniaxial,120,0.1,25875,1,=,Upright,as_built,T240,CLM2,GE_virgin,,90,120,development_extension,one_2026_publication_three_platform_families;exclude_retest_and_XX;cross_paper_reanalysis_never_additive
development_v2_199_2026-10-06,Matusu2026_92_17,Matusu_2026,Matusu_2026_GE_virgin_CLM2,10.1016/j.rineng.2026.112570,10.1016/j.rineng.2026.112570,Zenodo workbook Data_Fatigue_Life_Only.xlsx; sheet 92; Excel row 9; original specimen ID 17,first exposure,source_workbook_exact,uniaxial,50,0.1,10000000,0,>=,Upright,as_built,T240,CLM2,GE_virgin,,90,120,development_extension,one_2026_publication_three_platform_families;exclude_retest_and_XX;cross_paper_reanalysis_never_additive
development_v2_199_2026-10-06,Matusu2026_92_23,Matusu_2026,Matusu_2026_GE_virgin_CLM2,10.1016/j.rineng.2026.112570,10.1016/j.rineng.2026.112570,Zenodo workbook Data_Fatigue_Life_Only.xlsx; sheet 92; Excel row 11; original specimen ID 23,first exposure,source_workbook_exact,uniaxial,70,0.1,144365,1,=,Upright,as_built,T240,CLM2,GE_virgin,,90,120,development_extension,one_2026_publication_three_platform_families;exclude_retest_and_XX;cross_paper_reanalysis_never_additive
development_v2_199_2026-10-06,Matusu2026_92_26,Matusu_2026,Matusu_2026_GE_virgin_CLM2,10.1016/j.rineng.2026.112570,10.1016/j.rineng.2026.112570,Zenodo workbook Data_Fatigue_Life_Only.xlsx; sheet 92; Excel row 12; original specimen ID 26,first exposure,source_workbook_exact,uniaxial,140,0.1,8111,1,=,Upright,as_built,T240,CLM2,GE_virgin,,90,120,development_extension,one_2026_publication_three_platform_families;exclude_retest_and_XX;cross_paper_reanalysis_never_additive
development_v2_199_2026-10-06,Matusu2026_92_28,Matusu_2026,Matusu_2026_GE_virgin_CLM2,10.1016/j.rineng.2026.112570,10.1016/j.rineng.2026.112570,Zenodo workbook Data_Fatigue_Life_Only.xlsx; sheet 92; Excel row 13; original specimen ID 28,first exposure,source_workbook_exact,uniaxial,160,0.1,3132,1,=,Upright,as_built,T240,CLM2,GE_virgin,,90,120,development_extension,one_2026_publication_three_platform_families;exclude_retest_and_XX;cross_paper_reanalysis_never_additive
development_v2_199_2026-10-06,Matusu2026_92_29,Matusu_2026,Matusu_2026_GE_virgin_CLM2,10.1016/j.rineng.2026.112570,10.1016/j.rineng.2026.112570,Zenodo workbook Data_Fatigue_Life_Only.xlsx; sheet 92; Excel row 14; original specimen ID 29,first exposure,source_workbook_exact,uniaxial,55,0.1,1628877,1,=,Upright,as_built,T240,CLM2,GE_virgin,,90,120,development_extension,one_2026_publication_three_platform_families;exclude_retest_and_XX;cross_paper_reanalysis_never_additive
development_v2_199_2026-10-06,Matusu2026_92_31,Matusu_2026,Matusu_2026_GE_virgin_CLM2,10.1016/j.rineng.2026.112570,10.1016/j.rineng.2026.112570,Zenodo workbook Data_Fatigue_Life_Only.xlsx; sheet 92; Excel row 15; original specimen ID 31,first exposure,source_workbook_exact,uniaxial,60,0.1,747645,1,=,Upright,as_built,T240,CLM2,GE_virgin,,90,120,development_extension,one_2026_publication_three_platform_families;exclude_retest_and_XX;cross_paper_reanalysis_never_additive
development_v2_199_2026-10-06,Matusu2026_92_35,Matusu_2026,Matusu_2026_GE_virgin_CLM2,10.1016/j.rineng.2026.112570,10.1016/j.rineng.2026.112570,Zenodo workbook Data_Fatigue_Life_Only.xlsx; sheet 92; Excel row 16; original specimen ID 35,first exposure,source_workbook_exact,uniaxial,110,0.1,33032,1,=,Upright,as_built,T240,CLM2,GE_virgin,,90,120,development_extension,one_2026_publication_three_platform_families;exclude_retest_and_XX;cross_paper_reanalysis_never_additive
development_v2_199_2026-10-06,Matusu2026_93_2,Matusu_2026,Matusu_2026_GE_virgin_CLM2,10.1016/j.rineng.2026.112570,10.1016/j.rineng.2026.112570,Zenodo workbook Data_Fatigue_Life_Only.xlsx; sheet 93; Excel row 2; original specimen ID 2,first exposure,source_workbook_exact,uniaxial,130,0.1,13619,1,=,Upright,as_built,T200,CLM2,GE_virgin,,90,120,development_extension,one_2026_publication_three_platform_families;exclude_retest_and_XX;cross_paper_reanalysis_never_additive
development_v2_199_2026-10-06,Matusu2026_93_4,Matusu_2026,Matusu_2026_GE_virgin_CLM2,10.1016/j.rineng.2026.112570,10.1016/j.rineng.2026.112570,Zenodo workbook Data_Fatigue_Life_Only.xlsx; sheet 93; Excel row 3; original specimen ID 4,first exposure,source_workbook_exact,uniaxial,75,0.1,163661,1,=,Upright,as_built,T200,CLM2,GE_virgin,,90,120,development_extension,one_2026_publication_three_platform_families;exclude_retest_and_XX;cross_paper_reanalysis_never_additive
development_v2_199_2026-10-06,Matusu2026_93_7,Matusu_2026,Matusu_2026_GE_virgin_CLM2,10.1016/j.rineng.2026.112570,10.1016/j.rineng.2026.112570,Zenodo workbook Data_Fatigue_Life_Only.xlsx; sheet 93; Excel row 4; original specimen ID 7,first exposure,source_workbook_exact,uniaxial,90,0.1,82705,1,=,Upright,as_built,T200,CLM2,GE_virgin,,90,120,development_extension,one_2026_publication_three_platform_families;exclude_retest_and_XX;cross_paper_reanalysis_never_additive
development_v2_199_2026-10-06,Matusu2026_93_8,Matusu_2026,Matusu_2026_GE_virgin_CLM2,10.1016/j.rineng.2026.112570,10.1016/j.rineng.2026.112570,Zenodo workbook Data_Fatigue_Life_Only.xlsx; sheet 93; Excel row 5; original specimen ID 8,first exposure,source_workbook_exact,uniaxial,130,0.1,16306,1,=,Upright,as_built,T200,CLM2,GE_virgin,,90,120,development_extension,one_2026_publication_three_platform_families;exclude_retest_and_XX;cross_paper_reanalysis_never_additive
development_v2_199_2026-10-06,Matusu2026_93_14,Matusu_2026,Matusu_2026_GE_virgin_CLM2,10.1016/j.rineng.2026.112570,10.1016/j.rineng.2026.112570,Zenodo workbook Data_Fatigue_Life_Only.xlsx; sheet 93; Excel row 6; original specimen ID 14,first exposure,source_workbook_exact,uniaxial,80,0.1,138103,1,=,Upright,as_built,T200,CLM2,GE_virgin,,90,120,development_extension,one_2026_publication_three_platform_families;exclude_retest_and_XX;cross_paper_reanalysis_never_additive
development_v2_199_2026-10-06,Matusu2026_93_15,Matusu_2026,Matusu_2026_GE_virgin_CLM2,10.1016/j.rineng.2026.112570,10.1016/j.rineng.2026.112570,Zenodo workbook Data_Fatigue_Life_Only.xlsx; sheet 93; Excel row 7; original specimen ID 15,first exposure,source_workbook_exact,uniaxial,100,0.1,54881,1,=,Upright,as_built,T200,CLM2,GE_virgin,,90,120,development_extension,one_2026_publication_three_platform_families;exclude_retest_and_XX;cross_paper_reanalysis_never_additive
development_v2_199_2026-10-06,Matusu2026_93_16,Matusu_2026,Matusu_2026_GE_virgin_CLM2,10.1016/j.rineng.2026.112570,10.1016/j.rineng.2026.112570,Zenodo workbook Data_Fatigue_Life_Only.xlsx; sheet 93; Excel row 8; original specimen ID 16,first exposure,source_workbook_exact,uniaxial,120,0.1,18085,1,=,Upright,as_built,T200,CLM2,GE_virgin,,90,120,development_extension,one_2026_publication_three_platform_families;exclude_retest_and_XX;cross_paper_reanalysis_never_additive
development_v2_199_2026-10-06,Matusu2026_93_17,Matusu_2026,Matusu_2026_GE_virgin_CLM2,10.1016/j.rineng.2026.112570,10.1016/j.rineng.2026.112570,Zenodo workbook Data_Fatigue_Life_Only.xlsx; sheet 93; Excel row 9; original specimen ID 17,first exposure,source_workbook_exact,uniaxial,70,0.1,230499,1,=,Upright,as_built,T200,CLM2,GE_virgin,,90,120,development_extension,one_2026_publication_three_platform_families;exclude_retest_and_XX;cross_paper_reanalysis_never_additive
development_v2_199_2026-10-06,Matusu2026_93_22,Matusu_2026,Matusu_2026_GE_virgin_CLM2,10.1016/j.rineng.2026.112570,10.1016/j.rineng.2026.112570,Zenodo workbook Data_Fatigue_Life_Only.xlsx; sheet 93; Excel row 10; original specimen ID 22,first exposure,source_workbook_exact,uniaxial,120,0.1,19830,1,=,Upright,as_built,T200,CLM2,GE_virgin,,90,120,development_extension,one_2026_publication_three_platform_families;exclude_retest_and_XX;cross_paper_reanalysis_never_additive
development_v2_199_2026-10-06,Matusu2026_93_23,Matusu_2026,Matusu_2026_GE_virgin_CLM2,10.1016/j.rineng.2026.112570,10.1016/j.rineng.2026.112570,Zenodo workbook Data_Fatigue_Life_Only.xlsx; sheet 93; Excel row 11; original specimen ID 23,first exposure,source_workbook_exact,uniaxial,140,0.1,11180,1,=,Upright,as_built,T200,CLM2,GE_virgin,,90,120,development_extension,one_2026_publication_three_platform_families;exclude_retest_and_XX;cross_paper_reanalysis_never_additive
development_v2_199_2026-10-06,Matusu2026_93_26,Matusu_2026,Matusu_2026_GE_virgin_CLM2,10.1016/j.rineng.2026.112570,10.1016/j.rineng.2026.112570,Zenodo workbook Data_Fatigue_Life_Only.xlsx; sheet 93; Excel row 12; original specimen ID 26,first exposure,source_workbook_exact,uniaxial,70,0.1,849355,1,=,Upright,as_built,T200,CLM2,GE_virgin,,90,120,development_extension,one_2026_publication_three_platform_families;exclude_retest_and_XX;cross_paper_reanalysis_never_additive
development_v2_199_2026-10-06,Matusu2026_93_28,Matusu_2026,Matusu_2026_GE_virgin_CLM2,10.1016/j.rineng.2026.112570,10.1016/j.rineng.2026.112570,Zenodo workbook Data_Fatigue_Life_Only.xlsx; sheet 93; Excel row 13; original specimen ID 28,first exposure,source_workbook_exact,uniaxial,140,0.1,10482,1,=,Upright,as_built,T200,CLM2,GE_virgin,,90,120,development_extension,one_2026_publication_three_platform_families;exclude_retest_and_XX;cross_paper_reanalysis_never_additive
development_v2_199_2026-10-06,Matusu2026_93_29,Matusu_2026,Matusu_2026_GE_virgin_CLM2,10.1016/j.rineng.2026.112570,10.1016/j.rineng.2026.112570,Zenodo workbook Data_Fatigue_Life_Only.xlsx; sheet 93; Excel row 14; original specimen ID 29,first exposure,source_workbook_exact,uniaxial,65,0.1,1758995,1,=,Upright,as_built,T200,CLM2,GE_virgin,,90,120,development_extension,one_2026_publication_three_platform_families;exclude_retest_and_XX;cross_paper_reanalysis_never_additive
development_v2_199_2026-10-06,Matusu2026_93_31,Matusu_2026,Matusu_2026_GE_virgin_CLM2,10.1016/j.rineng.2026.112570,10.1016/j.rineng.2026.112570,Zenodo workbook Data_Fatigue_Life_Only.xlsx; sheet 93; Excel row 15; original specimen ID 31,first exposure,source_workbook_exact,uniaxial,110,0.1,18133,1,=,Upright,as_built,T200,CLM2,GE_virgin,,90,120,development_extension,one_2026_publication_three_platform_families;exclude_retest_and_XX;cross_paper_reanalysis_never_additive
development_v2_199_2026-10-06,Matusu2026_93_35,Matusu_2026,Matusu_2026_GE_virgin_CLM2,10.1016/j.rineng.2026.112570,10.1016/j.rineng.2026.112570,Zenodo workbook Data_Fatigue_Life_Only.xlsx; sheet 93; Excel row 16; original specimen ID 35,first exposure,source_workbook_exact,uniaxial,60,0.1,10000000,0,>=,Upright,as_built,T200,CLM2,GE_virgin,,90,120,development_extension,one_2026_publication_three_platform_families;exclude_retest_and_XX;cross_paper_reanalysis_never_additive
development_v2_199_2026-10-06,Matusu2026_94_1,Matusu_2026,Matusu_2026_GE_virgin_CLM2,10.1016/j.rineng.2026.112570,10.1016/j.rineng.2026.112570,Zenodo workbook Data_Fatigue_Life_Only.xlsx; sheet 94; Excel row 2; original specimen ID 1,first exposure,source_workbook_exact,uniaxial,140,0.1,5994,1,=,Upright,as_built,T300,CLM2,GE_virgin,,90,120,development_extension,one_2026_publication_three_platform_families;exclude_retest_and_XX;cross_paper_reanalysis_never_additive
development_v2_199_2026-10-06,Matusu2026_94_3,Matusu_2026,Matusu_2026_GE_virgin_CLM2,10.1016/j.rineng.2026.112570,10.1016/j.rineng.2026.112570,Zenodo workbook Data_Fatigue_Life_Only.xlsx; sheet 94; Excel row 3; original specimen ID 3,first exposure,source_workbook_exact,uniaxial,75,0.1,289951,1,=,Upright,as_built,T300,CLM2,GE_virgin,,90,120,development_extension,one_2026_publication_three_platform_families;exclude_retest_and_XX;cross_paper_reanalysis_never_additive
development_v2_199_2026-10-06,Matusu2026_94_5,Matusu_2026,Matusu_2026_GE_virgin_CLM2,10.1016/j.rineng.2026.112570,10.1016/j.rineng.2026.112570,Zenodo workbook Data_Fatigue_Life_Only.xlsx; sheet 94; Excel row 4; original specimen ID 5,first exposure,source_workbook_exact,uniaxial,85,0.1,173884,1,=,Upright,as_built,T300,CLM2,GE_virgin,,90,120,development_extension,one_2026_publication_three_platform_families;exclude_retest_and_XX;cross_paper_reanalysis_never_additive
development_v2_199_2026-10-06,Matusu2026_94_9,Matusu_2026,Matusu_2026_GE_virgin_CLM2,10.1016/j.rineng.2026.112570,10.1016/j.rineng.2026.112570,Zenodo workbook Data_Fatigue_Life_Only.xlsx; sheet 94; Excel row 5; original specimen ID 9,first exposure,source_workbook_exact,uniaxial,125,0.1,23232,1,=,Upright,as_built,T300,CLM2,GE_virgin,,90,120,development_extension,one_2026_publication_three_platform_families;exclude_retest_and_XX;cross_paper_reanalysis_never_additive
development_v2_199_2026-10-06,Matusu2026_94_11,Matusu_2026,Matusu_2026_GE_virgin_CLM2,10.1016/j.rineng.2026.112570,10.1016/j.rineng.2026.112570,Zenodo workbook Data_Fatigue_Life_Only.xlsx; sheet 94; Excel row 6; original specimen ID 11,first exposure,source_workbook_exact,uniaxial,85,0.1,108037,1,=,Upright,as_built,T300,CLM2,GE_virgin,,90,120,development_extension,one_2026_publication_three_platform_families;exclude_retest_and_XX;cross_paper_reanalysis_never_additive
development_v2_199_2026-10-06,Matusu2026_94_13,Matusu_2026,Matusu_2026_GE_virgin_CLM2,10.1016/j.rineng.2026.112570,10.1016/j.rineng.2026.112570,Zenodo workbook Data_Fatigue_Life_Only.xlsx; sheet 94; Excel row 7; original specimen ID 13,first exposure,source_workbook_exact,uniaxial,90,0.1,72582,1,=,Upright,as_built,T300,CLM2,GE_virgin,,90,120,development_extension,one_2026_publication_three_platform_families;exclude_retest_and_XX;cross_paper_reanalysis_never_additive
development_v2_199_2026-10-06,Matusu2026_94_18,Matusu_2026,Matusu_2026_GE_virgin_CLM2,10.1016/j.rineng.2026.112570,10.1016/j.rineng.2026.112570,Zenodo workbook Data_Fatigue_Life_Only.xlsx; sheet 94; Excel row 8; original specimen ID 18,first exposure,source_workbook_exact,uniaxial,140,0.1,8003,1,=,Upright,as_built,T300,CLM2,GE_virgin,,90,120,development_extension,one_2026_publication_three_platform_families;exclude_retest_and_XX;cross_paper_reanalysis_never_additive
development_v2_199_2026-10-06,Matusu2026_94_19,Matusu_2026,Matusu_2026_GE_virgin_CLM2,10.1016/j.rineng.2026.112570,10.1016/j.rineng.2026.112570,Zenodo workbook Data_Fatigue_Life_Only.xlsx; sheet 94; Excel row 9; original specimen ID 19,first exposure,source_workbook_exact,uniaxial,90,0.1,130922,1,=,Upright,as_built,T300,CLM2,GE_virgin,,90,120,development_extension,one_2026_publication_three_platform_families;exclude_retest_and_XX;cross_paper_reanalysis_never_additive
development_v2_199_2026-10-06,Matusu2026_94_20,Matusu_2026,Matusu_2026_GE_virgin_CLM2,10.1016/j.rineng.2026.112570,10.1016/j.rineng.2026.112570,Zenodo workbook Data_Fatigue_Life_Only.xlsx; sheet 94; Excel row 10; original specimen ID 20,first exposure,source_workbook_exact,uniaxial,70,0.1,10000000,0,>=,Upright,as_built,T300,CLM2,GE_virgin,,90,120,development_extension,one_2026_publication_three_platform_families;exclude_retest_and_XX;cross_paper_reanalysis_never_additive
development_v2_199_2026-10-06,Matusu2026_94_21,Matusu_2026,Matusu_2026_GE_virgin_CLM2,10.1016/j.rineng.2026.112570,10.1016/j.rineng.2026.112570,Zenodo workbook Data_Fatigue_Life_Only.xlsx; sheet 94; Excel row 12; original specimen ID 21,first exposure,source_workbook_exact,uniaxial,110,0.1,51941,1,=,Upright,as_built,T300,CLM2,GE_virgin,,90,120,development_extension,one_2026_publication_three_platform_families;exclude_retest_and_XX;cross_paper_reanalysis_never_additive
development_v2_199_2026-10-06,Matusu2026_94_27,Matusu_2026,Matusu_2026_GE_virgin_CLM2,10.1016/j.rineng.2026.112570,10.1016/j.rineng.2026.112570,Zenodo workbook Data_Fatigue_Life_Only.xlsx; sheet 94; Excel row 13; original specimen ID 27,first exposure,source_workbook_exact,uniaxial,100,0.1,76522,1,=,Upright,as_built,T300,CLM2,GE_virgin,,90,120,development_extension,one_2026_publication_three_platform_families;exclude_retest_and_XX;cross_paper_reanalysis_never_additive
development_v2_199_2026-10-06,Matusu2026_94_30,Matusu_2026,Matusu_2026_GE_virgin_CLM2,10.1016/j.rineng.2026.112570,10.1016/j.rineng.2026.112570,Zenodo workbook Data_Fatigue_Life_Only.xlsx; sheet 94; Excel row 14; original specimen ID 30,first exposure,source_workbook_exact,uniaxial,75,0.1,2478338,1,=,Upright,as_built,T300,CLM2,GE_virgin,,90,120,development_extension,one_2026_publication_three_platform_families;exclude_retest_and_XX;cross_paper_reanalysis_never_additive
development_v2_199_2026-10-06,Matusu2026_94_33,Matusu_2026,Matusu_2026_GE_virgin_CLM2,10.1016/j.rineng.2026.112570,10.1016/j.rineng.2026.112570,Zenodo workbook Data_Fatigue_Life_Only.xlsx; sheet 94; Excel row 15; original specimen ID 33,first exposure,source_workbook_exact,uniaxial,70,0.1,4924921,1,=,Upright,as_built,T300,CLM2,GE_virgin,,90,120,development_extension,one_2026_publication_three_platform_families;exclude_retest_and_XX;cross_paper_reanalysis_never_additive
development_v2_199_2026-10-06,Matusu2026_94_34,Matusu_2026,Matusu_2026_GE_virgin_CLM2,10.1016/j.rineng.2026.112570,10.1016/j.rineng.2026.112570,Zenodo workbook Data_Fatigue_Life_Only.xlsx; sheet 94; Excel row 16; original specimen ID 34,first exposure,source_workbook_exact,uniaxial,80,0.1,126536,1,=,Upright,as_built,T300,CLM2,GE_virgin,,90,120,development_extension,one_2026_publication_three_platform_families;exclude_retest_and_XX;cross_paper_reanalysis_never_additive
development_v2_199_2026-10-06,Matusu2026_94_36,Matusu_2026,Matusu_2026_GE_virgin_CLM2,10.1016/j.rineng.2026.112570,10.1016/j.rineng.2026.112570,Zenodo workbook Data_Fatigue_Life_Only.xlsx; sheet 94; Excel row 17; original specimen ID 36,first exposure,source_workbook_exact,uniaxial,125,0.1,19689,1,=,Upright,as_built,T300,CLM2,GE_virgin,,90,120,development_extension,one_2026_publication_three_platform_families;exclude_retest_and_XX;cross_paper_reanalysis_never_additive
development_v2_199_2026-10-06,Matusu2026_C01_1,Matusu_2026,Matusu_2026_Aconity_TWO,10.1016/j.rineng.2026.112570,10.1016/j.rineng.2026.112570,Zenodo workbook Data_Fatigue_Life_Only.xlsx; sheet C01; Excel row 2; original specimen ID 1,first exposure,source_workbook_exact,uniaxial,60,0.1,219378,1,=,Upright,as_built,NoHT,Aconity_TWO,Nikon_SLM_virgin,,90,120,development_extension,one_2026_publication_three_platform_families;exclude_retest_and_XX;cross_paper_reanalysis_never_additive
development_v2_199_2026-10-06,Matusu2026_C01_2,Matusu_2026,Matusu_2026_Aconity_TWO,10.1016/j.rineng.2026.112570,10.1016/j.rineng.2026.112570,Zenodo workbook Data_Fatigue_Life_Only.xlsx; sheet C01; Excel row 3; original specimen ID 2,first exposure,source_workbook_exact,uniaxial,50,0.1,454033,1,=,Upright,as_built,NoHT,Aconity_TWO,Nikon_SLM_virgin,,90,120,development_extension,one_2026_publication_three_platform_families;exclude_retest_and_XX;cross_paper_reanalysis_never_additive
development_v2_199_2026-10-06,Matusu2026_C01_3,Matusu_2026,Matusu_2026_Aconity_TWO,10.1016/j.rineng.2026.112570,10.1016/j.rineng.2026.112570,Zenodo workbook Data_Fatigue_Life_Only.xlsx; sheet C01; Excel row 4; original specimen ID 3,first exposure,source_workbook_exact,uniaxial,70,0.1,79964,1,=,Upright,as_built,NoHT,Aconity_TWO,Nikon_SLM_virgin,,90,120,development_extension,one_2026_publication_three_platform_families;exclude_retest_and_XX;cross_paper_reanalysis_never_additive
development_v2_199_2026-10-06,Matusu2026_C01_4,Matusu_2026,Matusu_2026_Aconity_TWO,10.1016/j.rineng.2026.112570,10.1016/j.rineng.2026.112570,Zenodo workbook Data_Fatigue_Life_Only.xlsx; sheet C01; Excel row 5; original specimen ID 4,first exposure,source_workbook_exact,uniaxial,90,0.1,27158,1,=,Upright,as_built,NoHT,Aconity_TWO,Nikon_SLM_virgin,,90,120,development_extension,one_2026_publication_three_platform_families;exclude_retest_and_XX;cross_paper_reanalysis_never_additive
development_v2_199_2026-10-06,Matusu2026_C01_5,Matusu_2026,Matusu_2026_Aconity_TWO,10.1016/j.rineng.2026.112570,10.1016/j.rineng.2026.112570,Zenodo workbook Data_Fatigue_Life_Only.xlsx; sheet C01; Excel row 6; original specimen ID 5,first exposure,source_workbook_exact,uniaxial,110,0.1,3937,1,=,Upright,as_built,NoHT,Aconity_TWO,Nikon_SLM_virgin,,90,120,development_extension,one_2026_publication_three_platform_families;exclude_retest_and_XX;cross_paper_reanalysis_never_additive
development_v2_199_2026-10-06,Matusu2026_C01_6,Matusu_2026,Matusu_2026_Aconity_TWO,10.1016/j.rineng.2026.112570,10.1016/j.rineng.2026.112570,Zenodo workbook Data_Fatigue_Life_Only.xlsx; sheet C01; Excel row 7; original specimen ID 6,first exposure,source_workbook_exact,uniaxial,45,0.1,872856,1,=,Upright,as_built,NoHT,Aconity_TWO,Nikon_SLM_virgin,,90,120,development_extension,one_2026_publication_three_platform_families;exclude_retest_and_XX;cross_paper_reanalysis_never_additive
development_v2_199_2026-10-06,Matusu2026_C01_7,Matusu_2026,Matusu_2026_Aconity_TWO,10.1016/j.rineng.2026.112570,10.1016/j.rineng.2026.112570,Zenodo workbook Data_Fatigue_Life_Only.xlsx; sheet C01; Excel row 8; original specimen ID 7,first exposure,source_workbook_exact,uniaxial,40,0.1,10000000,0,>=,Upright,as_built,NoHT,Aconity_TWO,Nikon_SLM_virgin,,90,120,development_extension,one_2026_publication_three_platform_families;exclude_retest_and_XX;cross_paper_reanalysis_never_additive
development_v2_199_2026-10-06,Matusu2026_C01_8,Matusu_2026,Matusu_2026_Aconity_TWO,10.1016/j.rineng.2026.112570,10.1016/j.rineng.2026.112570,Zenodo workbook Data_Fatigue_Life_Only.xlsx; sheet C01; Excel row 10; original specimen ID 8,first exposure,source_workbook_exact,uniaxial,80,0.1,58813,1,=,Upright,as_built,NoHT,Aconity_TWO,Nikon_SLM_virgin,,90,120,development_extension,one_2026_publication_three_platform_families;exclude_retest_and_XX;cross_paper_reanalysis_never_additive
development_v2_199_2026-10-06,Matusu2026_C01_9,Matusu_2026,Matusu_2026_Aconity_TWO,10.1016/j.rineng.2026.112570,10.1016/j.rineng.2026.112570,Zenodo workbook Data_Fatigue_Life_Only.xlsx; sheet C01; Excel row 11; original specimen ID 9,first exposure,source_workbook_exact,uniaxial,110,0.1,4699,1,=,Upright,as_built,NoHT,Aconity_TWO,Nikon_SLM_virgin,,90,120,development_extension,one_2026_publication_three_platform_families;exclude_retest_and_XX;cross_paper_reanalysis_never_additive
development_v2_199_2026-10-06,Matusu2026_C01_10,Matusu_2026,Matusu_2026_Aconity_TWO,10.1016/j.rineng.2026.112570,10.1016/j.rineng.2026.112570,Zenodo workbook Data_Fatigue_Life_Only.xlsx; sheet C01; Excel row 12; original specimen ID 10,first exposure,source_workbook_exact,uniaxial,43,0.1,10000000,0,>=,Upright,as_built,NoHT,Aconity_TWO,Nikon_SLM_virgin,,90,120,development_extension,one_2026_publication_three_platform_families;exclude_retest_and_XX;cross_paper_reanalysis_never_additive
development_v2_199_2026-10-06,Matusu2026_C02_1,Matusu_2026,Matusu_2026_Aconity_TWO,10.1016/j.rineng.2026.112570,10.1016/j.rineng.2026.112570,Zenodo workbook Data_Fatigue_Life_Only.xlsx; sheet C02; Excel row 2; original specimen ID 1,first exposure,source_workbook_exact,uniaxial,100,0.1,16196,1,=,Upright,machined_polished,NoHT,Aconity_TWO,Nikon_SLM_virgin,,90,120,development_extension,one_2026_publication_three_platform_families;exclude_retest_and_XX;cross_paper_reanalysis_never_additive
development_v2_199_2026-10-06,Matusu2026_C02_2,Matusu_2026,Matusu_2026_Aconity_TWO,10.1016/j.rineng.2026.112570,10.1016/j.rineng.2026.112570,Zenodo workbook Data_Fatigue_Life_Only.xlsx; sheet C02; Excel row 3; original specimen ID 2,first exposure,source_workbook_exact,uniaxial,60,0.1,10000000,0,>=,Upright,machined_polished,NoHT,Aconity_TWO,Nikon_SLM_virgin,,90,120,development_extension,one_2026_publication_three_platform_families;exclude_retest_and_XX;cross_paper_reanalysis_never_additive
development_v2_199_2026-10-06,Matusu2026_C02_3,Matusu_2026,Matusu_2026_Aconity_TWO,10.1016/j.rineng.2026.112570,10.1016/j.rineng.2026.112570,Zenodo workbook Data_Fatigue_Life_Only.xlsx; sheet C02; Excel row 5; original specimen ID 3,first exposure,source_workbook_exact,uniaxial,80,0.1,104408,1,=,Upright,machined_polished,NoHT,Aconity_TWO,Nikon_SLM_virgin,,90,120,development_extension,one_2026_publication_three_platform_families;exclude_retest_and_XX;cross_paper_reanalysis_never_additive
development_v2_199_2026-10-06,Matusu2026_C02_4,Matusu_2026,Matusu_2026_Aconity_TWO,10.1016/j.rineng.2026.112570,10.1016/j.rineng.2026.112570,Zenodo workbook Data_Fatigue_Life_Only.xlsx; sheet C02; Excel row 6; original specimen ID 4,first exposure,source_workbook_exact,uniaxial,90,0.1,43727,1,=,Upright,machined_polished,NoHT,Aconity_TWO,Nikon_SLM_virgin,,90,120,development_extension,one_2026_publication_three_platform_families;exclude_retest_and_XX;cross_paper_reanalysis_never_additive
development_v2_199_2026-10-06,Matusu2026_C02_5,Matusu_2026,Matusu_2026_Aconity_TWO,10.1016/j.rineng.2026.112570,10.1016/j.rineng.2026.112570,Zenodo workbook Data_Fatigue_Life_Only.xlsx; sheet C02; Excel row 7; original specimen ID 5,first exposure,source_workbook_exact,uniaxial,70,0.1,7763521,1,=,Upright,machined_polished,NoHT,Aconity_TWO,Nikon_SLM_virgin,,90,120,development_extension,one_2026_publication_three_platform_families;exclude_retest_and_XX;cross_paper_reanalysis_never_additive
development_v2_199_2026-10-06,Matusu2026_C02_6,Matusu_2026,Matusu_2026_Aconity_TWO,10.1016/j.rineng.2026.112570,10.1016/j.rineng.2026.112570,Zenodo workbook Data_Fatigue_Life_Only.xlsx; sheet C02; Excel row 8; original specimen ID 6,first exposure,source_workbook_exact,uniaxial,75,0.1,186679,1,=,Upright,machined_polished,NoHT,Aconity_TWO,Nikon_SLM_virgin,,90,120,development_extension,one_2026_publication_three_platform_families;exclude_retest_and_XX;cross_paper_reanalysis_never_additive
development_v2_199_2026-10-06,Matusu2026_C02_7,Matusu_2026,Matusu_2026_Aconity_TWO,10.1016/j.rineng.2026.112570,10.1016/j.rineng.2026.112570,Zenodo workbook Data_Fatigue_Life_Only.xlsx; sheet C02; Excel row 9; original specimen ID 7,first exposure,source_workbook_exact,uniaxial,70,0.1,406287,1,=,Upright,machined_polished,NoHT,Aconity_TWO,Nikon_SLM_virgin,,90,120,development_extension,one_2026_publication_three_platform_families;exclude_retest_and_XX;cross_paper_reanalysis_never_additive
development_v2_199_2026-10-06,Matusu2026_C02_8,Matusu_2026,Matusu_2026_Aconity_TWO,10.1016/j.rineng.2026.112570,10.1016/j.rineng.2026.112570,Zenodo workbook Data_Fatigue_Life_Only.xlsx; sheet C02; Excel row 10; original specimen ID 8,first exposure,source_workbook_exact,uniaxial,110,0.1,8459,1,=,Upright,machined_polished,NoHT,Aconity_TWO,Nikon_SLM_virgin,,90,120,development_extension,one_2026_publication_three_platform_families;exclude_retest_and_XX;cross_paper_reanalysis_never_additive
development_v2_199_2026-10-06,Matusu2026_C02_9,Matusu_2026,Matusu_2026_Aconity_TWO,10.1016/j.rineng.2026.112570,10.1016/j.rineng.2026.112570,Zenodo workbook Data_Fatigue_Life_Only.xlsx; sheet C02; Excel row 11; original specimen ID 9,first exposure,source_workbook_exact,uniaxial,65,0.1,10000000,0,>=,Upright,machined_polished,NoHT,Aconity_TWO,Nikon_SLM_virgin,,90,120,development_extension,one_2026_publication_three_platform_families;exclude_retest_and_XX;cross_paper_reanalysis_never_additive
development_v2_199_2026-10-06,Matusu2026_C02_10,Matusu_2026,Matusu_2026_Aconity_TWO,10.1016/j.rineng.2026.112570,10.1016/j.rineng.2026.112570,Zenodo workbook Data_Fatigue_Life_Only.xlsx; sheet C02; Excel row 12; original specimen ID 10,first exposure,source_workbook_exact,uniaxial,70,0.1,176530,1,=,Upright,machined_polished,NoHT,Aconity_TWO,Nikon_SLM_virgin,,90,120,development_extension,one_2026_publication_three_platform_families;exclude_retest_and_XX;cross_paper_reanalysis_never_additive
development_v2_199_2026-10-06,Matusu2026_C03_1,Matusu_2026,Matusu_2026_Aconity_TWO,10.1016/j.rineng.2026.112570,10.1016/j.rineng.2026.112570,Zenodo workbook Data_Fatigue_Life_Only.xlsx; sheet C03; Excel row 2; original specimen ID 1,first exposure,source_workbook_exact,uniaxial,90,0.1,49381,1,=,Upright,machined_polished,T240,Aconity_TWO,Nikon_SLM_virgin,,90,120,development_extension,one_2026_publication_three_platform_families;exclude_retest_and_XX;cross_paper_reanalysis_never_additive
development_v2_199_2026-10-06,Matusu2026_C03_2,Matusu_2026,Matusu_2026_Aconity_TWO,10.1016/j.rineng.2026.112570,10.1016/j.rineng.2026.112570,Zenodo workbook Data_Fatigue_Life_Only.xlsx; sheet C03; Excel row 3; original specimen ID 2,first exposure,source_workbook_exact,uniaxial,110,0.1,4234,1,=,Upright,machined_polished,T240,Aconity_TWO,Nikon_SLM_virgin,,90,120,development_extension,one_2026_publication_three_platform_families;exclude_retest_and_XX;cross_paper_reanalysis_never_additive
development_v2_199_2026-10-06,Matusu2026_C03_3,Matusu_2026,Matusu_2026_Aconity_TWO,10.1016/j.rineng.2026.112570,10.1016/j.rineng.2026.112570,Zenodo workbook Data_Fatigue_Life_Only.xlsx; sheet C03; Excel row 4; original specimen ID 3,first exposure,source_workbook_exact,uniaxial,80,0.1,124197,1,=,Upright,machined_polished,T240,Aconity_TWO,Nikon_SLM_virgin,,90,120,development_extension,one_2026_publication_three_platform_families;exclude_retest_and_XX;cross_paper_reanalysis_never_additive
development_v2_199_2026-10-06,Matusu2026_C03_4,Matusu_2026,Matusu_2026_Aconity_TWO,10.1016/j.rineng.2026.112570,10.1016/j.rineng.2026.112570,Zenodo workbook Data_Fatigue_Life_Only.xlsx; sheet C03; Excel row 5; original specimen ID 4,first exposure,source_workbook_exact,uniaxial,100,0.1,21647,1,=,Upright,machined_polished,T240,Aconity_TWO,Nikon_SLM_virgin,,90,120,development_extension,one_2026_publication_three_platform_families;exclude_retest_and_XX;cross_paper_reanalysis_never_additive
development_v2_199_2026-10-06,Matusu2026_C03_5,Matusu_2026,Matusu_2026_Aconity_TWO,10.1016/j.rineng.2026.112570,10.1016/j.rineng.2026.112570,Zenodo workbook Data_Fatigue_Life_Only.xlsx; sheet C03; Excel row 6; original specimen ID 5,first exposure,source_workbook_exact,uniaxial,70,0.1,400612,1,=,Upright,machined_polished,T240,Aconity_TWO,Nikon_SLM_virgin,,90,120,development_extension,one_2026_publication_three_platform_families;exclude_retest_and_XX;cross_paper_reanalysis_never_additive
development_v2_199_2026-10-06,Matusu2026_C03_6,Matusu_2026,Matusu_2026_Aconity_TWO,10.1016/j.rineng.2026.112570,10.1016/j.rineng.2026.112570,Zenodo workbook Data_Fatigue_Life_Only.xlsx; sheet C03; Excel row 7; original specimen ID 6,first exposure,source_workbook_exact,uniaxial,65,0.1,1895894,1,=,Upright,machined_polished,T240,Aconity_TWO,Nikon_SLM_virgin,,90,120,development_extension,one_2026_publication_three_platform_families;exclude_retest_and_XX;cross_paper_reanalysis_never_additive
development_v2_199_2026-10-06,Matusu2026_C03_7,Matusu_2026,Matusu_2026_Aconity_TWO,10.1016/j.rineng.2026.112570,10.1016/j.rineng.2026.112570,Zenodo workbook Data_Fatigue_Life_Only.xlsx; sheet C03; Excel row 8; original specimen ID 7,first exposure,source_workbook_exact,uniaxial,110,0.1,5399,1,=,Upright,machined_polished,T240,Aconity_TWO,Nikon_SLM_virgin,,90,120,development_extension,one_2026_publication_three_platform_families;exclude_retest_and_XX;cross_paper_reanalysis_never_additive
development_v2_199_2026-10-06,Matusu2026_C03_8,Matusu_2026,Matusu_2026_Aconity_TWO,10.1016/j.rineng.2026.112570,10.1016/j.rineng.2026.112570,Zenodo workbook Data_Fatigue_Life_Only.xlsx; sheet C03; Excel row 9; original specimen ID 8,first exposure,source_workbook_exact,uniaxial,60,0.1,10000000,0,>=,Upright,machined_polished,T240,Aconity_TWO,Nikon_SLM_virgin,,90,120,development_extension,one_2026_publication_three_platform_families;exclude_retest_and_XX;cross_paper_reanalysis_never_additive
development_v2_199_2026-10-06,Matusu2026_C03_9,Matusu_2026,Matusu_2026_Aconity_TWO,10.1016/j.rineng.2026.112570,10.1016/j.rineng.2026.112570,Zenodo workbook Data_Fatigue_Life_Only.xlsx; sheet C03; Excel row 10; original specimen ID 9,first exposure,source_workbook_exact,uniaxial,75,0.1,148411,1,=,Upright,machined_polished,T240,Aconity_TWO,Nikon_SLM_virgin,,90,120,development_extension,one_2026_publication_three_platform_families;exclude_retest_and_XX;cross_paper_reanalysis_never_additive
development_v2_199_2026-10-06,Matusu2026_C03_10,Matusu_2026,Matusu_2026_Aconity_TWO,10.1016/j.rineng.2026.112570,10.1016/j.rineng.2026.112570,Zenodo workbook Data_Fatigue_Life_Only.xlsx; sheet C03; Excel row 11; original specimen ID 10,first exposure,source_workbook_exact,uniaxial,85,0.1,81704,1,=,Upright,machined_polished,T240,Aconity_TWO,Nikon_SLM_virgin,,90,120,development_extension,one_2026_publication_three_platform_families;exclude_retest_and_XX;cross_paper_reanalysis_never_additive
