arm,fold,seed,n_real,n_synthetic,synthetic_weight,alpha,beta,log_shape,train_objective,objective_quad_delta,optimizer_success,beta_at_constraint,shape_at_constraint
C0,Wu_2021,,151,0,0,4.770482256906067,-1.9994122434930015,-0.3743569230615869,161.84642892184536,0.0,True,0,0
C1,Wu_2021,,151,0,0,4.827272952689766,-2.001886316014202,-0.3783434446827181,163.43420015699255,2.832902623595146e-08,True,0,0
S0,Wu_2021,13,151,151,4.0,4.842459904472183,-1.9969330919813628,-0.3801464635884843,168.05021057690738,1.2015809147669643e-07,True,0,0
S1,Wu_2021,13,151,133,2.0,4.828639529164861,-1.9979237174797815,-0.378594323398649,165.66713910035548,5.0075868784915656e-08,True,0,0
S0,Wu_2021,29,151,151,4.0,4.819851638050164,-2.001687133933008,-0.37695744534158027,167.5906074360709,1.4675450188406103e-07,True,0,0
S1,Wu_2021,29,151,133,2.0,4.827800111238147,-2.002120379915272,-0.3778830723211815,165.57309409188846,5.362176125345286e-08,True,0,0
S0,Wu_2021,47,151,151,4.0,4.828287421839287,-2.0028736670808085,-0.37672866589227144,167.7605496496239,4.021751465188572e-08,True,0,0
S1,Wu_2021,47,151,133,2.0,4.827006761899384,-2.0030466304361774,-0.37881834985973095,165.7385368344621,4.676249432122859e-08,True,0,0
S0,Wu_2021,71,151,151,4.0,4.824139481030055,-2.00171776393631,-0.380576275384329,168.28534758818842,9.288709179600119e-08,True,0,0
S1,Wu_2021,71,151,133,2.0,4.827711381308146,-2.0027827091349177,-0.3796494956455691,165.75174998844818,5.1930129529864644e-08,True,0,0
S0,Wu_2021,101,151,151,4.0,4.848609350590889,-1.9989358622224815,-0.3871570194653613,168.60489526436893,1.0422593277326087e-07,True,0,0
S1,Wu_2021,101,151,133,2.0,4.826907376932959,-2.0021012100711957,-0.37782555818488717,165.55289046415174,4.366182793091866e-08,True,0,0
C0,Chen_2024,,174,0,0,4.757197383755996,-1.7964425201133893,-0.5330942511186377,210.36811838390497,0.0,True,0,0
C1,Chen_2024,,174,0,0,4.724806576873141,-1.815607028581487,-0.5399567665767946,212.22081702442478,3.942091097997036e-10,True,0,0
S0,Chen_2024,13,174,174,4.0,4.726269194855325,-1.812498883077257,-0.5400532772960464,216.98225603859117,4.141327281104168e-10,True,0,0
S1,Chen_2024,13,174,174,4.0,4.726269194855325,-1.812498883077257,-0.5400532772960464,216.98225603859117,4.141327281104168e-10,True,0,0
S0,Chen_2024,29,174,174,4.0,4.720598636392005,-1.8123953677769893,-0.5404298729971202,217.17628227388,5.093170329928398e-11,True,0,0
S1,Chen_2024,29,174,174,4.0,4.720598636392005,-1.8123953677769893,-0.5404298729971202,217.17628227388,5.093170329928398e-11,True,0,0
S0,Chen_2024,47,174,174,4.0,4.725407294229962,-1.8147507331797301,-0.5400963223338071,217.23819419719564,5.358060661819763e-10,True,0,0
S1,Chen_2024,47,174,174,4.0,4.725407294229962,-1.8147507331797301,-0.5400963223338071,217.23819419719564,5.358060661819763e-10,True,0,0
S0,Chen_2024,71,174,174,4.0,4.723723384318856,-1.8184425345743542,-0.5415053185170741,217.2970556278937,3.8176040106918663e-10,True,0,0
S1,Chen_2024,71,174,174,4.0,4.723723384318856,-1.8184425345743542,-0.5415053185170741,217.2970556278937,3.8176040106918663e-10,True,0,0
S0,Chen_2024,101,174,174,4.0,4.73253853635386,-1.8159047921013598,-0.540480609445893,217.30647118713713,6.577920430572703e-10,True,0,0
S1,Chen_2024,101,174,174,4.0,4.73253853635386,-1.8159047921013598,-0.540480609445893,217.30647118713713,6.577920430572703e-10,True,0,0
C0,Matusu_2026,,59,0,0,5.233681050310096,-1.0110064479846415,-0.5089520235822309,70.11350503713334,0.0,True,0,0
C1,Matusu_2026,,59,0,0,5.253455755874799,-0.9790742227208891,-0.5194612438325374,71.42752051669606,0.0,True,0,0
S0,Matusu_2026,13,59,59,4.0,5.270675488135534,-0.972774118523579,-0.5217812087041909,76.47000110552325,1.4210854715202004e-14,True,0,0
S1,Matusu_2026,13,59,41,2.0,5.250072174579191,-0.9824496324366908,-0.5186053046622245,73.84490403128332,0.0,True,0,0
S0,Matusu_2026,29,59,59,4.0,5.240424434670146,-0.9737005198048313,-0.5162304949706118,76.2281092247874,1.4210854715202004e-14,True,0,0
S1,Matusu_2026,29,59,41,2.0,5.250166887574456,-0.9719609667235946,-0.5191971781922433,73.9521291828604,0.0,True,0,0
S0,Matusu_2026,47,59,59,4.0,5.26917092143173,-0.9641783784058643,-0.512969983437378,76.22628278718801,1.4210854715202004e-14,True,0,0
S1,Matusu_2026,47,59,41,2.0,5.261835354234551,-0.9691301627518264,-0.517979461297641,73.91624142978596,1.4210854715202004e-14,True,0,0
S0,Matusu_2026,71,59,59,4.0,5.24139677874125,-0.9896458109363656,-0.5238757905826908,76.9373752288912,0.0,True,0,0
S1,Matusu_2026,71,59,41,2.0,5.246262734796111,-0.9900170115064911,-0.5218960345089626,74.12191626179406,0.0,True,0,0
S0,Matusu_2026,101,59,59,4.0,5.296045478379764,-0.9565790810665771,-0.5391774613258697,77.3668835462966,0.0,True,0,0
S1,Matusu_2026,101,59,41,2.0,5.267887288309927,-0.9692004104722685,-0.5193511119953609,74.01159379318976,0.0,True,0,0
