arm,seed,fold,n,failures,runouts,mean_nll,failure_mean_nll,runout_mean_nll,within_range_n,within_range_mean_nll,outside_range_n,outside_range_mean_nll,failure_median_mae_log10
C0,,Chen_2024,18,18,0,0.8572472201888016,0.8572472201888016,,18,0.8572472201888016,0,,0.39409255592647896
C0,,Matusu_2026,133,115,18,1.3282870617062605,1.1228565183991017,2.6407599772797763,92,1.3905978271963344,41,1.1884677830456067,0.5288995575933059
C0,,Wu_2021,41,33,8,1.6458726940749584,1.6019868532862205,1.826901787328502,34,1.7079772234988932,7,1.3442221225872746,0.9138919502027059
C1,,Chen_2024,18,18,0,0.9107818327631507,0.9107818327631507,,18,0.9107818327631507,0,,0.4310030742315157
C1,,Matusu_2026,133,115,18,1.3032746249693186,1.1330356968529414,2.390912221268393,92,1.3453076187660309,41,1.2089566876693782,0.5282722557075977
C1,,Wu_2021,41,33,8,1.6048995136875066,1.6444984637854068,1.441553844533669,34,1.6574128760627602,7,1.3498346107219885,0.9426565068792103
S0,13,Chen_2024,18,18,0,0.9105750390006442,0.9105750390006442,,18,0.9105750390006442,0,,0.43038765935076895
S0,13,Matusu_2026,133,115,18,1.3079021356017326,1.143854910104081,2.3559816318367295,92,1.344512227696354,41,1.2257526606577045,0.5397174120825278
S0,13,Wu_2021,41,33,8,1.607904888667952,1.653949293638288,1.417971718165314,34,1.660648566506665,7,1.351721310594201,0.9495265431880754
S0,29,Chen_2024,18,18,0,0.9133395729519379,0.9133395729519379,,18,0.9133395729519379,0,,0.4355383308475045
S0,29,Matusu_2026,133,115,18,1.3028758117510215,1.123304866063611,2.4501346314205907,92,1.3495582003686761,41,1.198125086072382,0.5186664109229138
S0,29,Wu_2021,41,33,8,1.6021927526835305,1.637279274078951,1.4574608519274197,34,1.6548525499054312,7,1.3464165947485822,0.9379828756147539
S0,47,Chen_2024,18,18,0,0.9107053009157455,0.9107053009157455,,18,0.9107053009157455,0,,0.43068416416072014
S0,47,Matusu_2026,133,115,18,1.3100841335111602,1.1394200287550489,2.400438136119649,92,1.348093787150907,41,1.22479417900246,0.5391323744922641
S0,47,Wu_2021,41,33,8,1.6069837785744001,1.6474973458165392,1.439865313700576,34,1.6592749367869895,7,1.3529981529703936,0.9443346939243042
S0,71,Chen_2024,18,18,0,0.9118420607129725,0.9118420607129725,,18,0.9118420607129725,0,,0.43172442901629626
S0,71,Matusu_2026,133,115,18,1.2984816163269268,1.128085646887769,2.3871225321882132,92,1.3435859618714805,41,1.197271865348904,0.5200309007695663
S0,71,Wu_2021,41,33,8,1.6019664009854597,1.6398988257079563,1.4454951490051602,34,1.6547083222661614,7,1.3457913547649087,0.9402230516262452
S0,101,Chen_2024,18,18,0,0.9077123726720432,0.9077123726720432,,18,0.9077123726720432,0,,0.42418936712944305
S0,101,Matusu_2026,133,115,18,1.3169394279344562,1.162843630379451,2.3014403567581017,92,1.3448975216313757,41,1.2542041932974661,0.552958784935954
S0,101,Wu_2021,41,33,8,1.6077734638931511,1.6588700368343834,1.3970001005105668,34,1.6605670615194608,7,1.3513474182796457,0.9545909778618995
S1,13,Chen_2024,18,18,0,0.9105750390006442,0.9105750390006442,,18,0.9105750390006442,0,,0.43038765935076895
S1,13,Matusu_2026,133,115,18,1.3017810306578668,1.1310748067963134,2.392404127551123,92,1.344845355014396,41,1.2051488881993135,0.5263844224488335
S1,13,Wu_2021,41,33,8,1.6029490096979566,1.6414153512527974,1.4442753507842392,34,1.6558544200598517,7,1.3459798736544657,0.9405773034387217
S1,29,Chen_2024,18,18,0,0.9133395729519379,0.9133395729519379,,18,0.9133395729519379,0,,0.4355383308475045
S1,29,Matusu_2026,133,115,18,1.3048048192639312,1.130029846938953,2.421422698006848,92,1.3481570060935437,41,1.2075267414999225,0.52494283224416
S1,29,Wu_2021,41,33,8,1.6055747187994507,1.6455476408045724,1.4406864155283245,34,1.6580233915197942,7,1.3508240227292119,0.9432490859387643
S1,47,Chen_2024,18,18,0,0.9107053009157455,0.9107053009157455,,18,0.9107053009157455,0,,0.43068416416072014
S1,47,Matusu_2026,133,115,18,1.3074337535464104,1.1367005840456534,2.3982290031345803,92,1.347248468200999,41,1.2180934182239185,0.5334213545844125
S1,47,Wu_2021,41,33,8,1.6051949400215817,1.6452545950998445,1.4399488628237473,34,1.6576209869529999,7,1.350554140640408,0.943273171058339
S1,71,Chen_2024,18,18,0,0.9118420607129725,0.9118420607129725,,18,0.9118420607129725,0,,0.43172442901629626
S1,71,Matusu_2026,133,115,18,1.2990954919127353,1.1305746263816605,2.375756577250158,92,1.342832894977425,41,1.2009530264992858,0.5239606998617009
S1,71,Wu_2021,41,33,8,1.6048488586606124,1.6452627983563115,1.4381413574158521,34,1.6573310352653738,7,1.349935429437484,0.9434132439331747
S1,101,Chen_2024,18,18,0,0.9077123726720432,0.9077123726720432,,18,0.9077123726720432,0,,0.42418936712944305
S1,101,Matusu_2026,133,115,18,1.3084124829361863,1.1409514533698848,2.3783023940542236,92,1.3461914533952812,41,1.2236401589791928,0.5376430157832446
S1,101,Wu_2021,41,33,8,1.6051811327132637,1.6446256630700542,1.4424724449915032,34,1.6576523954234095,7,1.3503207138354132,0.9426549364080539
