arm,fold,seed,record_id,event,stress_amplitude_MPa,cycles_or_bound,stress_outside_train_range,nll_log10_life_density,median_log10_cycles,failure_abs_error_log10,quadrature_max_delta
C0,Romano_2018_transfer,,Romano_2018:1,1,147.7,46255.0,0,1.8656334270561254,3.5284427456393597,1.1367159396527966,0.0
C0,Romano_2018_transfer,,Romano_2018:2,1,200.0,474.0,1,0.7490609722068113,2.7464489449323866,0.07067060325830132,0.0
C0,Romano_2018_transfer,,Romano_2018:3,0,110.0,8889311.0,0,29.604079652412107,4.288686224259816,,0.0
C0,Romano_2018_transfer,,Romano_2018:5,1,150.8,39538.0,0,1.8160515662659982,3.4748592090234216,1.1221554880500366,0.0
C0,Romano_2018_transfer,,Romano_2018:6,1,189.15,11465.0,1,1.980943484573501,2.890336647562347,1.1690374115036106,0.0
C0,Romano_2018_transfer,,Romano_2018:7,1,149.25,19806.0,0,1.02909299444214,3.5015118550955715,0.7952849196183833,0.0
C0,Romano_2018_transfer,,Romano_2018:11,1,90.0,237485.0,0,0.7664806494269215,4.806355466911458,0.5692807170580352,0.0
C1,Romano_2018_transfer,,Romano_2018:1,1,147.7,46255.0,0,1.756711824814368,3.5090370011736587,1.1561216841184976,1.7763568394002505e-15
C1,Romano_2018_transfer,,Romano_2018:2,1,200.0,474.0,1,0.778537297775316,2.71530547038647,0.03952712871238484,1.7763568394002505e-15
C1,Romano_2018_transfer,,Romano_2018:3,0,110.0,8889311.0,0,14.867095557249536,4.280691737452993,,1.7763568394002505e-15
C1,Romano_2018_transfer,,Romano_2018:5,1,150.8,39538.0,0,1.721042528309093,3.4546491754586577,1.1423655216148005,1.7763568394002505e-15
C1,Romano_2018_transfer,,Romano_2018:6,1,189.15,11465.0,1,1.8702143610324775,2.861352928009144,1.1980211310568136,1.7763568394002505e-15
C1,Romano_2018_transfer,,Romano_2018:7,1,149.25,19806.0,0,1.0830971579482247,3.4817018778550506,0.8150948968589042,1.7763568394002505e-15
C1,Romano_2018_transfer,,Romano_2018:11,1,90.0,237485.0,0,0.8298737389981996,4.8061311975100125,0.5695049864594806,1.7763568394002505e-15
S0,Romano_2018_transfer,13,Romano_2018:1,1,147.7,46255.0,0,1.7158829806975908,3.5238905966879246,1.1412680886042317,1.7763568394002505e-15
S0,Romano_2018_transfer,13,Romano_2018:2,1,200.0,474.0,1,0.7870342856105146,2.732508599544996,0.056730257870910794,1.7763568394002505e-15
S0,Romano_2018_transfer,13,Romano_2018:3,0,110.0,8889311.0,0,14.669374965600399,4.2932611490912285,,1.7763568394002505e-15
S0,Romano_2018_transfer,13,Romano_2018:5,1,150.8,39538.0,0,1.6807608430313463,3.4696637649884683,1.12735093208499,1.7763568394002505e-15
S0,Romano_2018_transfer,13,Romano_2018:6,1,189.15,11465.0,1,1.8212089993563034,2.8781237404434146,1.181250318622543,1.7763568394002505e-15
S0,Romano_2018_transfer,13,Romano_2018:7,1,149.25,19806.0,0,1.0625624607941853,3.4966363883757676,0.8001603863381872,1.7763568394002505e-15
S0,Romano_2018_transfer,13,Romano_2018:11,1,90.0,237485.0,0,0.8230044402748153,4.817145249884439,0.5584909340850537,1.7763568394002505e-15
S1,Romano_2018_transfer,13,Romano_2018:1,1,147.7,46255.0,0,1.7482695935406571,3.512225445015916,1.1529332402762402,1.7763568394002505e-15
S1,Romano_2018_transfer,13,Romano_2018:2,1,200.0,474.0,1,0.7805420514985153,2.720017506974498,0.04423916530041261,1.7763568394002505e-15
S1,Romano_2018_transfer,13,Romano_2018:3,0,110.0,8889311.0,0,14.843238325690542,4.28239896565393,,1.7763568394002505e-15
S1,Romano_2018_transfer,13,Romano_2018:5,1,150.8,39538.0,0,1.7125192050872275,3.4579420184503933,1.139072678623065,1.7763568394002505e-15
S1,Romano_2018_transfer,13,Romano_2018:6,1,189.15,11465.0,1,1.8577383723158722,2.8657846218889165,1.193589437177041,1.7763568394002505e-15
S1,Romano_2018_transfer,13,Romano_2018:7,1,149.25,19806.0,0,1.0786086527299608,3.484942792329983,0.8118539823839717,1.7763568394002505e-15
S1,Romano_2018_transfer,13,Romano_2018:11,1,90.0,237485.0,0,0.8294134086956855,4.806829828069776,0.5688063558997172,1.7763568394002505e-15
S0,Romano_2018_transfer,29,Romano_2018:1,1,147.7,46255.0,0,1.7749838804699478,3.502554081156247,1.1626046041359093,1.7763568394002505e-15
S0,Romano_2018_transfer,29,Romano_2018:2,1,200.0,474.0,1,0.7756829550418955,2.709740764729394,0.03396242305530883,1.7763568394002505e-15
S0,Romano_2018_transfer,29,Romano_2018:3,0,110.0,8889311.0,0,14.9801472466339,4.273316142222088,,1.7763568394002505e-15
S0,Romano_2018_transfer,29,Romano_2018:5,1,150.8,39538.0,0,1.7387286348966797,3.448229173041087,1.1487855240323714,1.7763568394002505e-15
S0,Romano_2018_transfer,29,Romano_2018:6,1,189.15,11465.0,1,1.8876854206340403,2.8556192699233574,1.2037547891426001,1.7763568394002505e-15
S0,Romano_2018_transfer,29,Romano_2018:7,1,149.25,19806.0,0,1.0922381975821156,3.475250579994401,0.8215461947195539,1.7763568394002505e-15
S0,Romano_2018_transfer,29,Romano_2018:11,1,90.0,237485.0,0,0.8352460241183617,4.798147756878674,0.5774884270908194,1.7763568394002505e-15
S1,Romano_2018_transfer,29,Romano_2018:1,1,147.7,46255.0,0,1.7592955494906337,3.5079779989070285,1.1571806863851277,1.7763568394002505e-15
S1,Romano_2018_transfer,29,Romano_2018:2,1,200.0,474.0,1,0.7785934658234992,2.7152049177317212,0.039426576057636,1.7763568394002505e-15
S1,Romano_2018_transfer,29,Romano_2018:3,0,110.0,8889311.0,0,14.890617728618235,4.278700943826419,,1.7763568394002505e-15
S1,Romano_2018_transfer,29,Romano_2018:5,1,150.8,39538.0,0,1.7234066367423817,3.4536558477789905,1.1433588492944677,1.7763568394002505e-15
S1,Romano_2018_transfer,29,Romano_2018:6,1,189.15,11465.0,1,1.8707664964024415,2.8610760195922187,1.1982980394737388,1.7763568394002505e-15
S1,Romano_2018_transfer,29,Romano_2018:7,1,149.25,19806.0,0,1.0845027581024755,3.4806758833968763,0.8161208913170785,1.7763568394002505e-15
S1,Romano_2018_transfer,29,Romano_2018:11,1,90.0,237485.0,0,0.8317764686896583,4.803505923297714,0.5721302606717789,1.7763568394002505e-15
S0,Romano_2018_transfer,47,Romano_2018:1,1,147.7,46255.0,0,1.750598645978923,3.512570698685734,1.1525879866064224,4.440892098500626e-16
S0,Romano_2018_transfer,47,Romano_2018:2,1,200.0,474.0,1,0.7784343552625881,2.718886211903883,0.04310787022979756,4.440892098500626e-16
S0,Romano_2018_transfer,47,Romano_2018:3,0,110.0,8889311.0,0,14.8641398751886,4.284179699438528,,4.440892098500626e-16
S0,Romano_2018_transfer,47,Romano_2018:5,1,150.8,39538.0,0,1.7149746578591691,3.4581860965054947,1.1388286005679635,4.440892098500626e-16
S0,Romano_2018_transfer,47,Romano_2018:6,1,189.15,11465.0,1,1.863835703312208,2.864925013378848,1.1944490456871093,4.440892098500626e-16
S0,Romano_2018_transfer,47,Romano_2018:7,1,149.25,19806.0,0,1.0785004598649088,3.485237195503964,0.811559579209991,4.440892098500626e-16
S0,Romano_2018_transfer,47,Romano_2018:11,1,90.0,237485.0,0,0.8265912366415624,4.8095880170049305,0.5660481669645625,4.440892098500626e-16
S1,Romano_2018_transfer,47,Romano_2018:1,1,147.7,46255.0,0,1.7542457006947347,3.5100512910966293,1.155107394195527,1.7763568394002505e-15
S1,Romano_2018_transfer,47,Romano_2018:2,1,200.0,474.0,1,0.7788094981763201,2.7162000350235136,0.040421693349428356,1.7763568394002505e-15
S1,Romano_2018_transfer,47,Romano_2018:3,0,110.0,8889311.0,0,14.854848273533728,4.281822422630986,,1.7763568394002505e-15
S1,Romano_2018_transfer,47,Romano_2018:5,1,150.8,39538.0,0,1.7186459376103582,3.455655261602733,1.1413594354707253,1.7763568394002505e-15
S1,Romano_2018_transfer,47,Romano_2018:6,1,189.15,11465.0,1,1.867870775794425,2.862269522227911,1.1971045368380464,1.7763568394002505e-15
S1,Romano_2018_transfer,47,Romano_2018:7,1,149.25,19806.0,0,1.0817157486217543,3.4827120445885953,0.8140847301253595,1.7763568394002505e-15
S1,Romano_2018_transfer,47,Romano_2018:11,1,90.0,237485.0,0,0.8289742212929925,4.807341139196227,0.568295044773266,1.7763568394002505e-15
S0,Romano_2018_transfer,71,Romano_2018:1,1,147.7,46255.0,0,1.7679630027016398,3.5031958273215382,1.161962857970618,1.7763568394002505e-15
S0,Romano_2018_transfer,71,Romano_2018:2,1,200.0,474.0,1,0.7779080948550736,2.7087252953707313,0.03294695369664602,1.7763568394002505e-15
S0,Romano_2018_transfer,71,Romano_2018:3,0,110.0,8889311.0,0,14.879009840254037,4.275569010232264,,1.7763568394002505e-15
S0,Romano_2018_transfer,71,Romano_2018:5,1,150.8,39538.0,0,1.7322829839887253,3.448757363998339,1.1482573330751191,1.7763568394002505e-15
S0,Romano_2018_transfer,71,Romano_2018:6,1,189.15,11465.0,1,1.8835875530853476,2.854908730008084,1.2044653290578733,1.7763568394002505e-15
S0,Romano_2018_transfer,71,Romano_2018:7,1,149.25,19806.0,0,1.090855156505763,3.4758352537252923,0.8209615209886625,1.7763568394002505e-15
S0,Romano_2018_transfer,71,Romano_2018:11,1,90.0,237485.0,0,0.8342440611776913,4.801497678988911,0.5741385049805823,1.7763568394002505e-15
S1,Romano_2018_transfer,71,Romano_2018:1,1,147.7,46255.0,0,1.7612715502888503,3.506286420046249,1.1588722652459071,4.440892098500626e-16
S1,Romano_2018_transfer,71,Romano_2018:2,1,200.0,474.0,1,0.7783334676509606,2.7115456513071594,0.035767309633074174,4.440892098500626e-16
S1,Romano_2018_transfer,71,Romano_2018:3,0,110.0,8889311.0,0,14.854303435127639,4.278922323398312,,4.440892098500626e-16
S1,Romano_2018_transfer,71,Romano_2018:5,1,150.8,39538.0,0,1.7257474163732494,3.4518294396416507,1.1451852574318075,4.440892098500626e-16
S1,Romano_2018_transfer,71,Romano_2018:6,1,189.15,11465.0,1,1.877174775660801,2.8577788098045023,1.2015952492614552,4.440892098500626e-16
S1,Romano_2018_transfer,71,Romano_2018:7,1,149.25,19806.0,0,1.0867050069471125,3.478916539832264,0.8178802348816907,4.440892098500626e-16
S1,Romano_2018_transfer,71,Romano_2018:11,1,90.0,237485.0,0,0.8313695735732352,4.805029885227657,0.5706062987418363,4.440892098500626e-16
S0,Romano_2018_transfer,101,Romano_2018:1,1,147.7,46255.0,0,1.6859861894828874,3.5312499847312218,1.1339087005609345,1.7763568394002505e-15
S0,Romano_2018_transfer,101,Romano_2018:2,1,200.0,474.0,1,0.7961321625709501,2.73928564212344,0.06350730044935471,1.7763568394002505e-15
S0,Romano_2018_transfer,101,Romano_2018:3,0,110.0,8889311.0,0,14.402821365495864,4.301186685282528,,1.7763568394002505e-15
S0,Romano_2018_transfer,101,Romano_2018:5,1,150.8,39538.0,0,1.6519324117346983,3.4769832497364823,1.120031447336976,1.7763568394002505e-15
S0,Romano_2018_transfer,101,Romano_2018:6,1,189.15,11465.0,1,1.7896898193135677,2.8850079352153926,1.174366123850565,1.7763568394002505e-15
S0,Romano_2018_transfer,101,Romano_2018:7,1,149.25,19806.0,0,1.0522475637620525,3.5039757211680405,0.7928210535459144,1.7763568394002505e-15
S0,Romano_2018_transfer,101,Romano_2018:11,1,90.0,237485.0,0,0.8211670302981329,4.825456290839873,0.55017989312962,1.7763568394002505e-15
S1,Romano_2018_transfer,101,Romano_2018:1,1,147.7,46255.0,0,1.7423774015506157,3.5141043333838953,1.151054351908261,4.440892098500626e-16
S1,Romano_2018_transfer,101,Romano_2018:2,1,200.0,474.0,1,0.7811538082909149,2.7202588018550724,0.04448046018098717,4.440892098500626e-16
S1,Romano_2018_transfer,101,Romano_2018:3,0,110.0,8889311.0,0,14.783969418991868,4.285869899596076,,4.440892098500626e-16
S1,Romano_2018_transfer,101,Romano_2018:5,1,150.8,39538.0,0,1.7070662482886387,3.4597086961454613,1.137306000927997,4.440892098500626e-16
S1,Romano_2018_transfer,101,Romano_2018:6,1,189.15,11465.0,1,1.8550824709077567,2.8663272357371516,1.1930468233288058,4.440892098500626e-16
S1,Romano_2018_transfer,101,Romano_2018:7,1,149.25,19806.0,0,1.076016678742966,3.4867652840220256,0.8100314906919293,4.440892098500626e-16
S1,Romano_2018_transfer,101,Romano_2018:11,1,90.0,237485.0,0,0.82653639851647,4.811384826590992,0.5642513573785006,4.440892098500626e-16
